2025-07-28 19:51:00,853 - INFO - 启动基于Notion的抖音视频监控器...
2025-07-28 19:51:00,854 - INFO - 监控功能：67个账号，自动检测新视频，创建Notion记录
2025-07-28 19:51:01,896 - INFO - HTTP Request: GET https://api.notion.com/v1/databases/23e035de0731804aaf4ac18652c62393 "HTTP/1.1 200 OK"
2025-07-28 19:51:01,898 - INFO - 正在启动监控器...
2025-07-28 19:51:02,793 - INFO - HTTP Request: POST https://api.notion.com/v1/databases/23e035de0731804aaf4ac18652c62393/query "HTTP/1.1 200 OK"
2025-07-28 19:51:04,081 - INFO - HTTP Request: GET https://api.notion.com/v1/databases/23e035de0731803c9609e369fdbcc16d "HTTP/1.1 200 OK"
2025-07-28 19:51:04,541 - INFO - HTTP Request: POST https://api.notion.com/v1/databases/23e035de0731803c9609e369fdbcc16d/query "HTTP/1.1 200 OK"
2025-07-28 19:51:05,109 - INFO - HTTP Request: GET https://api.notion.com/v1/databases/23e035de0731803c9609e369fdbcc16d "HTTP/1.1 200 OK"
2025-07-28 19:51:05,940 - INFO - HTTP Request: POST https://api.notion.com/v1/databases/23e035de0731803c9609e369fdbcc16d/query "HTTP/1.1 200 OK"
2025-07-28 19:51:06,553 - INFO - HTTP Request: GET https://api.notion.com/v1/databases/23e035de0731803c9609e369fdbcc16d "HTTP/1.1 200 OK"
2025-07-28 19:51:06,818 - INFO - HTTP Request: POST https://api.notion.com/v1/databases/23e035de0731803c9609e369fdbcc16d/query "HTTP/1.1 200 OK"
2025-07-28 19:51:07,621 - INFO - HTTP Request: GET https://api.notion.com/v1/databases/23e035de0731803c9609e369fdbcc16d "HTTP/1.1 200 OK"
2025-07-28 19:51:09,009 - INFO - HTTP Request: POST https://api.notion.com/v1/databases/23e035de0731803c9609e369fdbcc16d/query "HTTP/1.1 200 OK"
2025-07-28 19:51:10,039 - INFO - HTTP Request: GET https://api.notion.com/v1/databases/23e035de0731803c9609e369fdbcc16d "HTTP/1.1 200 OK"
2025-07-28 19:51:10,409 - INFO - HTTP Request: POST https://api.notion.com/v1/databases/23e035de0731803c9609e369fdbcc16d/query "HTTP/1.1 200 OK"
2025-07-28 19:51:11,015 - INFO - HTTP Request: GET https://api.notion.com/v1/databases/23e035de0731803c9609e369fdbcc16d "HTTP/1.1 200 OK"
2025-07-28 19:51:11,284 - INFO - HTTP Request: POST https://api.notion.com/v1/databases/23e035de0731803c9609e369fdbcc16d/query "HTTP/1.1 200 OK"
2025-07-28 19:51:11,868 - INFO - HTTP Request: GET https://api.notion.com/v1/databases/23e035de0731803c9609e369fdbcc16d "HTTP/1.1 200 OK"
2025-07-28 19:51:12,247 - INFO - HTTP Request: POST https://api.notion.com/v1/databases/23e035de0731803c9609e369fdbcc16d/query "HTTP/1.1 200 OK"
2025-07-28 19:51:12,894 - INFO - HTTP Request: GET https://api.notion.com/v1/databases/23e035de0731803c9609e369fdbcc16d "HTTP/1.1 200 OK"
2025-07-28 19:51:13,164 - INFO - HTTP Request: POST https://api.notion.com/v1/databases/23e035de0731803c9609e369fdbcc16d/query "HTTP/1.1 200 OK"
2025-07-28 19:51:13,729 - INFO - HTTP Request: GET https://api.notion.com/v1/databases/23e035de0731803c9609e369fdbcc16d "HTTP/1.1 200 OK"
2025-07-28 19:51:14,559 - INFO - HTTP Request: POST https://api.notion.com/v1/databases/23e035de0731803c9609e369fdbcc16d/query "HTTP/1.1 200 OK"
2025-07-28 19:51:15,154 - INFO - HTTP Request: GET https://api.notion.com/v1/databases/23e035de0731803c9609e369fdbcc16d "HTTP/1.1 200 OK"
2025-07-28 19:51:15,802 - INFO - HTTP Request: POST https://api.notion.com/v1/databases/23e035de0731803c9609e369fdbcc16d/query "HTTP/1.1 200 OK"
2025-07-28 19:51:16,029 - INFO - HTTP Request: GET https://api.notion.com/v1/databases/23e035de0731803c9609e369fdbcc16d "HTTP/1.1 200 OK"
2025-07-28 19:51:16,033 - INFO - HTTP Request: GET https://api.notion.com/v1/databases/23e035de0731803c9609e369fdbcc16d "HTTP/1.1 200 OK"
2025-07-28 19:51:16,094 - INFO - HTTP Request: GET https://api.notion.com/v1/databases/23e035de0731803c9609e369fdbcc16d "HTTP/1.1 200 OK"
2025-07-28 19:51:16,432 - INFO - HTTP Request: GET https://api.notion.com/v1/databases/23e035de0731803c9609e369fdbcc16d "HTTP/1.1 200 OK"
2025-07-28 19:51:16,690 - INFO - HTTP Request: GET https://api.notion.com/v1/databases/23e035de0731803c9609e369fdbcc16d "HTTP/1.1 200 OK"
2025-07-28 19:51:16,704 - INFO - HTTP Request: POST https://api.notion.com/v1/databases/23e035de0731803c9609e369fdbcc16d/query "HTTP/1.1 200 OK"
2025-07-28 19:51:16,709 - INFO - HTTP Request: POST https://api.notion.com/v1/pages "HTTP/1.1 409 Conflict"
2025-07-28 19:51:16,710 - INFO - HTTP Request: POST https://api.notion.com/v1/pages "HTTP/1.1 409 Conflict"
2025-07-28 19:51:16,762 - INFO - HTTP Request: POST https://api.notion.com/v1/pages "HTTP/1.1 200 OK"
2025-07-28 19:51:16,907 - INFO - HTTP Request: GET https://api.notion.com/v1/databases/23e035de0731803c9609e369fdbcc16d "HTTP/1.1 200 OK"
2025-07-28 19:51:17,130 - INFO - HTTP Request: POST https://api.notion.com/v1/pages "HTTP/1.1 200 OK"
2025-07-28 19:51:17,313 - INFO - HTTP Request: GET https://api.notion.com/v1/databases/23e035de0731803c9609e369fdbcc16d "HTTP/1.1 200 OK"
2025-07-28 19:51:17,385 - INFO - HTTP Request: POST https://api.notion.com/v1/pages "HTTP/1.1 200 OK"
2025-07-28 19:51:17,805 - INFO - HTTP Request: POST https://api.notion.com/v1/databases/23e035de0731803c9609e369fdbcc16d/query "HTTP/1.1 200 OK"
2025-07-28 19:51:17,891 - INFO - HTTP Request: GET https://api.notion.com/v1/databases/23e035de0731803c9609e369fdbcc16d "HTTP/1.1 200 OK"
2025-07-28 19:51:17,940 - INFO - HTTP Request: GET https://api.notion.com/v1/databases/23e035de0731803c9609e369fdbcc16d "HTTP/1.1 200 OK"
2025-07-28 19:51:17,966 - INFO - HTTP Request: GET https://api.notion.com/v1/databases/23e035de0731803c9609e369fdbcc16d "HTTP/1.1 200 OK"
2025-07-28 19:51:18,346 - INFO - HTTP Request: POST https://api.notion.com/v1/pages "HTTP/1.1 200 OK"
2025-07-28 19:51:18,439 - INFO - HTTP Request: POST https://api.notion.com/v1/pages "HTTP/1.1 200 OK"
2025-07-28 19:51:18,556 - INFO - HTTP Request: GET https://api.notion.com/v1/databases/23e035de0731803c9609e369fdbcc16d "HTTP/1.1 200 OK"
2025-07-28 19:51:18,667 - INFO - HTTP Request: POST https://api.notion.com/v1/pages "HTTP/1.1 200 OK"
2025-07-28 19:51:18,717 - INFO - HTTP Request: GET https://api.notion.com/v1/databases/23e035de0731803c9609e369fdbcc16d "HTTP/1.1 200 OK"
2025-07-28 19:51:18,931 - INFO - HTTP Request: GET https://api.notion.com/v1/databases/23e035de0731803c9609e369fdbcc16d "HTTP/1.1 200 OK"
2025-07-28 19:51:19,204 - INFO - HTTP Request: POST https://api.notion.com/v1/pages "HTTP/1.1 200 OK"
2025-07-28 19:51:19,238 - INFO - HTTP Request: POST https://api.notion.com/v1/databases/23e035de0731803c9609e369fdbcc16d/query "HTTP/1.1 200 OK"
2025-07-28 19:51:19,353 - INFO - HTTP Request: POST https://api.notion.com/v1/pages "HTTP/1.1 200 OK"
2025-07-28 19:51:19,446 - INFO - HTTP Request: GET https://api.notion.com/v1/databases/23e035de0731803c9609e369fdbcc16d "HTTP/1.1 200 OK"
2025-07-28 19:51:19,492 - INFO - HTTP Request: GET https://api.notion.com/v1/databases/23e035de0731803c9609e369fdbcc16d "HTTP/1.1 200 OK"
2025-07-28 19:51:19,691 - INFO - HTTP Request: GET https://api.notion.com/v1/databases/23e035de0731803c9609e369fdbcc16d "HTTP/1.1 200 OK"
2025-07-28 19:51:19,850 - INFO - HTTP Request: GET https://api.notion.com/v1/databases/23e035de0731803c9609e369fdbcc16d "HTTP/1.1 200 OK"
2025-07-28 19:51:19,864 - INFO - HTTP Request: POST https://api.notion.com/v1/pages "HTTP/1.1 200 OK"
2025-07-28 19:51:19,969 - INFO - HTTP Request: POST https://api.notion.com/v1/pages "HTTP/1.1 200 OK"
2025-07-28 19:51:20,107 - INFO - HTTP Request: POST https://api.notion.com/v1/databases/23e035de0731803c9609e369fdbcc16d/query "HTTP/1.1 200 OK"
2025-07-28 19:51:20,207 - INFO - HTTP Request: GET https://api.notion.com/v1/databases/23e035de0731803c9609e369fdbcc16d "HTTP/1.1 200 OK"
2025-07-28 19:51:20,702 - INFO - HTTP Request: POST https://api.notion.com/v1/pages "HTTP/1.1 200 OK"
2025-07-28 19:51:20,746 - INFO - HTTP Request: GET https://api.notion.com/v1/databases/23e035de0731803c9609e369fdbcc16d "HTTP/1.1 200 OK"
2025-07-28 19:51:20,909 - INFO - HTTP Request: GET https://api.notion.com/v1/databases/23e035de0731803c9609e369fdbcc16d "HTTP/1.1 200 OK"
2025-07-28 19:51:20,930 - INFO - HTTP Request: GET https://api.notion.com/v1/databases/23e035de0731803c9609e369fdbcc16d "HTTP/1.1 200 OK"
2025-07-28 19:51:21,023 - INFO - HTTP Request: GET https://api.notion.com/v1/databases/23e035de0731803c9609e369fdbcc16d "HTTP/1.1 200 OK"
2025-07-28 19:51:21,285 - INFO - HTTP Request: POST https://api.notion.com/v1/pages "HTTP/1.1 200 OK"
2025-07-28 19:51:21,287 - INFO - HTTP Request: POST https://api.notion.com/v1/pages "HTTP/1.1 409 Conflict"
2025-07-28 19:51:21,377 - INFO - HTTP Request: POST https://api.notion.com/v1/pages "HTTP/1.1 200 OK"
2025-07-28 19:51:22,137 - INFO - HTTP Request: POST https://api.notion.com/v1/databases/23e035de0731803c9609e369fdbcc16d/query "HTTP/1.1 200 OK"
2025-07-28 19:51:22,467 - INFO - HTTP Request: GET https://api.notion.com/v1/databases/23e035de0731803c9609e369fdbcc16d "HTTP/1.1 200 OK"
2025-07-28 19:51:22,546 - INFO - HTTP Request: GET https://api.notion.com/v1/databases/23e035de0731803c9609e369fdbcc16d "HTTP/1.1 200 OK"
2025-07-28 19:51:22,732 - INFO - HTTP Request: GET https://api.notion.com/v1/databases/23e035de0731803c9609e369fdbcc16d "HTTP/1.1 200 OK"
2025-07-28 19:51:22,909 - INFO - HTTP Request: POST https://api.notion.com/v1/pages "HTTP/1.1 409 Conflict"
2025-07-28 19:51:22,980 - INFO - HTTP Request: POST https://api.notion.com/v1/pages "HTTP/1.1 200 OK"
2025-07-28 19:51:22,999 - INFO - HTTP Request: POST https://api.notion.com/v1/databases/23e035de0731803c9609e369fdbcc16d/query "HTTP/1.1 200 OK"
2025-07-28 19:51:23,136 - INFO - HTTP Request: GET https://api.notion.com/v1/databases/23e035de0731803c9609e369fdbcc16d "HTTP/1.1 200 OK"
2025-07-28 19:51:23,463 - INFO - HTTP Request: POST https://api.notion.com/v1/pages "HTTP/1.1 200 OK"
2025-07-28 19:51:23,564 - INFO - HTTP Request: GET https://api.notion.com/v1/databases/23e035de0731803c9609e369fdbcc16d "HTTP/1.1 200 OK"
2025-07-28 19:51:23,568 - INFO - HTTP Request: POST https://api.notion.com/v1/pages "HTTP/1.1 200 OK"
2025-07-28 19:51:23,831 - INFO - HTTP Request: POST https://api.notion.com/v1/databases/23e035de0731803c9609e369fdbcc16d/query "HTTP/1.1 200 OK"
2025-07-28 19:51:24,024 - INFO - HTTP Request: GET https://api.notion.com/v1/databases/23e035de0731803c9609e369fdbcc16d "HTTP/1.1 200 OK"
2025-07-28 19:51:24,275 - INFO - HTTP Request: GET https://api.notion.com/v1/databases/23e035de0731803c9609e369fdbcc16d "HTTP/1.1 200 OK"
2025-07-28 19:51:24,456 - INFO - HTTP Request: POST https://api.notion.com/v1/pages "HTTP/1.1 200 OK"
2025-07-28 19:51:24,701 - INFO - HTTP Request: GET https://api.notion.com/v1/databases/23e035de0731803c9609e369fdbcc16d "HTTP/1.1 200 OK"
2025-07-28 19:51:24,727 - INFO - HTTP Request: POST https://api.notion.com/v1/pages "HTTP/1.1 200 OK"
2025-07-28 19:51:24,799 - INFO - HTTP Request: GET https://api.notion.com/v1/databases/23e035de0731803c9609e369fdbcc16d "HTTP/1.1 200 OK"
2025-07-28 19:51:24,809 - INFO - HTTP Request: GET https://api.notion.com/v1/databases/23e035de0731803c9609e369fdbcc16d "HTTP/1.1 200 OK"
2025-07-28 19:51:25,413 - INFO - HTTP Request: GET https://api.notion.com/v1/databases/23e035de0731803c9609e369fdbcc16d "HTTP/1.1 200 OK"
2025-07-28 19:51:25,713 - INFO - HTTP Request: GET https://api.notion.com/v1/databases/23e035de0731803c9609e369fdbcc16d "HTTP/1.1 200 OK"
2025-07-28 19:51:25,813 - INFO - HTTP Request: POST https://api.notion.com/v1/pages "HTTP/1.1 200 OK"
2025-07-28 19:51:25,854 - INFO - HTTP Request: GET https://api.notion.com/v1/databases/23e035de0731803c9609e369fdbcc16d "HTTP/1.1 200 OK"
2025-07-28 19:51:25,919 - INFO - HTTP Request: POST https://api.notion.com/v1/pages "HTTP/1.1 200 OK"
2025-07-28 19:51:26,172 - INFO - HTTP Request: POST https://api.notion.com/v1/pages "HTTP/1.1 200 OK"
2025-07-28 19:51:26,325 - INFO - HTTP Request: POST https://api.notion.com/v1/pages "HTTP/1.1 200 OK"
2025-07-28 19:51:26,865 - INFO - HTTP Request: GET https://api.notion.com/v1/databases/23e035de0731803c9609e369fdbcc16d "HTTP/1.1 200 OK"
2025-07-28 19:51:27,036 - INFO - HTTP Request: GET https://api.notion.com/v1/databases/23e035de0731803c9609e369fdbcc16d "HTTP/1.1 200 OK"
2025-07-28 19:51:27,175 - INFO - HTTP Request: GET https://api.notion.com/v1/databases/23e035de0731803c9609e369fdbcc16d "HTTP/1.1 200 OK"
2025-07-28 19:51:27,332 - INFO - HTTP Request: POST https://api.notion.com/v1/pages "HTTP/1.1 200 OK"
2025-07-28 19:51:27,430 - INFO - HTTP Request: POST https://api.notion.com/v1/databases/23e035de0731803c9609e369fdbcc16d/query "HTTP/1.1 200 OK"
2025-07-28 19:51:27,453 - INFO - HTTP Request: POST https://api.notion.com/v1/pages "HTTP/1.1 409 Conflict"
2025-07-28 19:51:27,640 - INFO - HTTP Request: POST https://api.notion.com/v1/pages "HTTP/1.1 200 OK"
2025-07-28 19:51:28,020 - INFO - HTTP Request: GET https://api.notion.com/v1/databases/23e035de0731803c9609e369fdbcc16d "HTTP/1.1 200 OK"
2025-07-28 19:51:28,128 - INFO - HTTP Request: POST https://api.notion.com/v1/pages "HTTP/1.1 200 OK"
2025-07-28 19:51:28,459 - INFO - HTTP Request: GET https://api.notion.com/v1/databases/23e035de0731803c9609e369fdbcc16d "HTTP/1.1 200 OK"
2025-07-28 19:51:28,683 - INFO - HTTP Request: GET https://api.notion.com/v1/databases/23e035de0731803c9609e369fdbcc16d "HTTP/1.1 200 OK"
2025-07-28 19:51:28,866 - INFO - HTTP Request: POST https://api.notion.com/v1/databases/23e035de0731803c9609e369fdbcc16d/query "HTTP/1.1 200 OK"
2025-07-28 19:51:28,943 - INFO - HTTP Request: POST https://api.notion.com/v1/pages "HTTP/1.1 200 OK"
2025-07-28 19:51:29,069 - INFO - HTTP Request: GET https://api.notion.com/v1/databases/23e035de0731803c9609e369fdbcc16d "HTTP/1.1 200 OK"
2025-07-28 19:51:29,288 - INFO - HTTP Request: POST https://api.notion.com/v1/pages "HTTP/1.1 200 OK"
2025-07-28 19:51:29,310 - INFO - HTTP Request: GET https://api.notion.com/v1/databases/23e035de0731803c9609e369fdbcc16d "HTTP/1.1 200 OK"
2025-07-28 19:51:29,592 - INFO - HTTP Request: GET https://api.notion.com/v1/databases/23e035de0731803c9609e369fdbcc16d "HTTP/1.1 200 OK"
2025-07-28 19:51:29,773 - INFO - HTTP Request: POST https://api.notion.com/v1/pages "HTTP/1.1 200 OK"
2025-07-28 19:51:29,869 - INFO - HTTP Request: POST https://api.notion.com/v1/databases/23e035de0731803c9609e369fdbcc16d/query "HTTP/1.1 200 OK"
2025-07-28 19:51:30,325 - INFO - HTTP Request: GET https://api.notion.com/v1/databases/23e035de0731803c9609e369fdbcc16d "HTTP/1.1 200 OK"
2025-07-28 19:51:30,451 - INFO - HTTP Request: GET https://api.notion.com/v1/databases/23e035de0731803c9609e369fdbcc16d "HTTP/1.1 200 OK"
2025-07-28 19:51:30,488 - INFO - HTTP Request: GET https://api.notion.com/v1/databases/23e035de0731803c9609e369fdbcc16d "HTTP/1.1 200 OK"
2025-07-28 19:51:30,729 - INFO - HTTP Request: GET https://api.notion.com/v1/databases/23e035de0731803c9609e369fdbcc16d "HTTP/1.1 200 OK"
2025-07-28 19:51:31,152 - INFO - HTTP Request: POST https://api.notion.com/v1/pages "HTTP/1.1 200 OK"
2025-07-28 19:51:31,425 - INFO - HTTP Request: GET https://api.notion.com/v1/databases/23e035de0731803c9609e369fdbcc16d "HTTP/1.1 200 OK"
2025-07-28 19:51:32,098 - INFO - HTTP Request: GET https://api.notion.com/v1/databases/23e035de0731803c9609e369fdbcc16d "HTTP/1.1 200 OK"
2025-07-28 19:51:32,238 - INFO - HTTP Request: POST https://api.notion.com/v1/pages "HTTP/1.1 200 OK"
2025-07-28 19:51:32,371 - INFO - HTTP Request: POST https://api.notion.com/v1/pages "HTTP/1.1 409 Conflict"
2025-07-28 19:51:32,653 - INFO - HTTP Request: POST https://api.notion.com/v1/databases/23e035de0731803c9609e369fdbcc16d/query "HTTP/1.1 200 OK"
2025-07-28 19:51:32,858 - INFO - HTTP Request: POST https://api.notion.com/v1/pages "HTTP/1.1 200 OK"
2025-07-28 19:51:33,204 - INFO - HTTP Request: POST https://api.notion.com/v1/pages "HTTP/1.1 200 OK"
2025-07-28 19:51:33,410 - INFO - HTTP Request: GET https://api.notion.com/v1/databases/23e035de0731803c9609e369fdbcc16d "HTTP/1.1 200 OK"
2025-07-28 19:51:33,426 - INFO - HTTP Request: GET https://api.notion.com/v1/databases/23e035de0731803c9609e369fdbcc16d "HTTP/1.1 200 OK"
2025-07-28 19:51:33,735 - INFO - HTTP Request: POST https://api.notion.com/v1/databases/23e035de0731803c9609e369fdbcc16d/query "HTTP/1.1 200 OK"
2025-07-28 19:51:33,836 - INFO - HTTP Request: POST https://api.notion.com/v1/pages "HTTP/1.1 200 OK"
2025-07-28 19:51:33,840 - INFO - HTTP Request: GET https://api.notion.com/v1/databases/23e035de0731803c9609e369fdbcc16d "HTTP/1.1 200 OK"
2025-07-28 19:51:33,844 - INFO - HTTP Request: POST https://api.notion.com/v1/pages "HTTP/1.1 409 Conflict"
2025-07-28 19:51:34,051 - INFO - HTTP Request: GET https://api.notion.com/v1/databases/23e035de0731803c9609e369fdbcc16d "HTTP/1.1 200 OK"
2025-07-28 19:51:34,388 - INFO - HTTP Request: GET https://api.notion.com/v1/databases/23e035de0731803c9609e369fdbcc16d "HTTP/1.1 200 OK"
2025-07-28 19:51:34,632 - INFO - HTTP Request: POST https://api.notion.com/v1/pages "HTTP/1.1 200 OK"
2025-07-28 19:51:34,758 - INFO - HTTP Request: GET https://api.notion.com/v1/databases/23e035de0731803c9609e369fdbcc16d "HTTP/1.1 200 OK"
2025-07-28 19:51:34,917 - INFO - HTTP Request: GET https://api.notion.com/v1/databases/23e035de0731803c9609e369fdbcc16d "HTTP/1.1 200 OK"
2025-07-28 19:51:34,971 - INFO - HTTP Request: GET https://api.notion.com/v1/databases/23e035de0731803c9609e369fdbcc16d "HTTP/1.1 200 OK"
2025-07-28 19:51:35,177 - INFO - HTTP Request: POST https://api.notion.com/v1/pages "HTTP/1.1 200 OK"
2025-07-28 19:51:35,426 - INFO - HTTP Request: POST https://api.notion.com/v1/pages "HTTP/1.1 200 OK"
2025-07-28 19:51:35,670 - INFO - HTTP Request: GET https://api.notion.com/v1/databases/23e035de0731803c9609e369fdbcc16d "HTTP/1.1 200 OK"
2025-07-28 19:51:35,907 - INFO - HTTP Request: POST https://api.notion.com/v1/pages "HTTP/1.1 409 Conflict"
2025-07-28 19:51:36,112 - INFO - HTTP Request: POST https://api.notion.com/v1/pages "HTTP/1.1 200 OK"
2025-07-28 19:58:09,814 - INFO - 启动基于Notion的抖音视频监控器...
2025-07-28 19:58:09,815 - INFO - 监控功能：67个账号，自动检测新视频，创建Notion记录
2025-07-28 19:58:10,922 - INFO - HTTP Request: GET https://api.notion.com/v1/databases/23e035de0731804aaf4ac18652c62393 "HTTP/1.1 200 OK"
2025-07-28 19:58:10,925 - INFO - 正在启动监控器...
2025-07-28 19:58:15,183 - INFO - HTTP Request: POST https://api.notion.com/v1/databases/23e035de0731804aaf4ac18652c62393/query "HTTP/1.1 200 OK"
2025-07-28 19:58:16,264 - INFO - HTTP Request: GET https://api.notion.com/v1/databases/23e035de0731803c9609e369fdbcc16d "HTTP/1.1 200 OK"
2025-07-28 19:58:16,551 - INFO - HTTP Request: POST https://api.notion.com/v1/databases/23e035de0731803c9609e369fdbcc16d/query "HTTP/1.1 200 OK"
2025-07-28 19:58:17,138 - INFO - HTTP Request: GET https://api.notion.com/v1/databases/23e035de0731803c9609e369fdbcc16d "HTTP/1.1 200 OK"
2025-07-28 19:58:17,397 - INFO - HTTP Request: POST https://api.notion.com/v1/databases/23e035de0731803c9609e369fdbcc16d/query "HTTP/1.1 200 OK"
2025-07-28 19:58:18,118 - INFO - HTTP Request: GET https://api.notion.com/v1/databases/23e035de0731803c9609e369fdbcc16d "HTTP/1.1 200 OK"
2025-07-28 19:58:18,425 - INFO - HTTP Request: POST https://api.notion.com/v1/databases/23e035de0731803c9609e369fdbcc16d/query "HTTP/1.1 200 OK"
2025-07-28 19:58:18,961 - INFO - HTTP Request: GET https://api.notion.com/v1/databases/23e035de0731803c9609e369fdbcc16d "HTTP/1.1 200 OK"
2025-07-28 19:58:19,247 - INFO - HTTP Request: POST https://api.notion.com/v1/databases/23e035de0731803c9609e369fdbcc16d/query "HTTP/1.1 200 OK"
2025-07-28 19:58:19,818 - INFO - HTTP Request: GET https://api.notion.com/v1/databases/23e035de0731803c9609e369fdbcc16d "HTTP/1.1 200 OK"
2025-07-28 19:58:20,108 - INFO - HTTP Request: POST https://api.notion.com/v1/databases/23e035de0731803c9609e369fdbcc16d/query "HTTP/1.1 200 OK"
2025-07-28 19:58:20,765 - INFO - HTTP Request: GET https://api.notion.com/v1/databases/23e035de0731803c9609e369fdbcc16d "HTTP/1.1 200 OK"
2025-07-28 19:58:21,296 - INFO - HTTP Request: POST https://api.notion.com/v1/databases/23e035de0731803c9609e369fdbcc16d/query "HTTP/1.1 200 OK"
2025-07-28 19:58:21,832 - INFO - HTTP Request: GET https://api.notion.com/v1/databases/23e035de0731803c9609e369fdbcc16d "HTTP/1.1 200 OK"
2025-07-28 19:58:22,090 - INFO - HTTP Request: POST https://api.notion.com/v1/databases/23e035de0731803c9609e369fdbcc16d/query "HTTP/1.1 200 OK"
2025-07-28 19:58:22,682 - INFO - HTTP Request: GET https://api.notion.com/v1/databases/23e035de0731803c9609e369fdbcc16d "HTTP/1.1 200 OK"
2025-07-28 19:58:22,940 - INFO - HTTP Request: POST https://api.notion.com/v1/databases/23e035de0731803c9609e369fdbcc16d/query "HTTP/1.1 200 OK"
2025-07-28 19:58:23,661 - INFO - HTTP Request: GET https://api.notion.com/v1/databases/23e035de0731803c9609e369fdbcc16d "HTTP/1.1 200 OK"
2025-07-28 19:58:23,957 - INFO - HTTP Request: POST https://api.notion.com/v1/databases/23e035de0731803c9609e369fdbcc16d/query "HTTP/1.1 200 OK"
2025-07-28 19:58:24,735 - INFO - HTTP Request: GET https://api.notion.com/v1/databases/23e035de0731803c9609e369fdbcc16d "HTTP/1.1 200 OK"
2025-07-28 19:58:24,773 - INFO - HTTP Request: GET https://api.notion.com/v1/databases/23e035de0731803c9609e369fdbcc16d "HTTP/1.1 200 OK"
2025-07-28 19:58:24,780 - INFO - HTTP Request: GET https://api.notion.com/v1/databases/23e035de0731803c9609e369fdbcc16d "HTTP/1.1 200 OK"
2025-07-28 19:58:24,892 - INFO - HTTP Request: GET https://api.notion.com/v1/databases/23e035de0731803c9609e369fdbcc16d "HTTP/1.1 200 OK"
2025-07-28 19:58:25,034 - INFO - HTTP Request: GET https://api.notion.com/v1/databases/23e035de0731803c9609e369fdbcc16d "HTTP/1.1 200 OK"
2025-07-28 19:58:25,166 - INFO - HTTP Request: POST https://api.notion.com/v1/databases/23e035de0731803c9609e369fdbcc16d/query "HTTP/1.1 200 OK"
2025-07-28 19:58:25,366 - INFO - HTTP Request: GET https://api.notion.com/v1/databases/23e035de0731803c9609e369fdbcc16d "HTTP/1.1 200 OK"
2025-07-28 19:58:25,423 - INFO - HTTP Request: POST https://api.notion.com/v1/pages "HTTP/1.1 409 Conflict"
2025-07-28 19:58:25,532 - INFO - HTTP Request: POST https://api.notion.com/v1/pages "HTTP/1.1 200 OK"
2025-07-28 19:58:25,740 - INFO - HTTP Request: GET https://api.notion.com/v1/databases/23e035de0731803c9609e369fdbcc16d "HTTP/1.1 200 OK"
2025-07-28 19:58:25,788 - INFO - HTTP Request: POST https://api.notion.com/v1/pages "HTTP/1.1 200 OK"
2025-07-28 19:58:26,392 - INFO - HTTP Request: POST https://api.notion.com/v1/pages "HTTP/1.1 200 OK"
2025-07-28 19:58:26,607 - INFO - HTTP Request: GET https://api.notion.com/v1/databases/23e035de0731803c9609e369fdbcc16d "HTTP/1.1 200 OK"
2025-07-28 19:58:26,648 - INFO - HTTP Request: GET https://api.notion.com/v1/databases/23e035de0731803c9609e369fdbcc16d "HTTP/1.1 200 OK"
2025-07-28 19:58:26,858 - INFO - HTTP Request: POST https://api.notion.com/v1/databases/23e035de0731803c9609e369fdbcc16d/query "HTTP/1.1 200 OK"
2025-07-28 19:58:26,988 - INFO - HTTP Request: GET https://api.notion.com/v1/databases/23e035de0731803c9609e369fdbcc16d "HTTP/1.1 200 OK"
2025-07-28 19:58:26,991 - INFO - HTTP Request: POST https://api.notion.com/v1/pages "HTTP/1.1 409 Conflict"
2025-07-28 19:58:27,057 - INFO - HTTP Request: POST https://api.notion.com/v1/pages "HTTP/1.1 200 OK"
2025-07-28 19:58:27,429 - INFO - HTTP Request: POST https://api.notion.com/v1/pages "HTTP/1.1 200 OK"
2025-07-28 19:58:27,480 - INFO - HTTP Request: GET https://api.notion.com/v1/databases/23e035de0731803c9609e369fdbcc16d "HTTP/1.1 200 OK"
2025-07-28 19:58:27,925 - INFO - HTTP Request: POST https://api.notion.com/v1/pages "HTTP/1.1 200 OK"
2025-07-28 19:58:28,442 - INFO - HTTP Request: GET https://api.notion.com/v1/databases/23e035de0731803c9609e369fdbcc16d "HTTP/1.1 200 OK"
2025-07-28 19:58:28,631 - INFO - HTTP Request: GET https://api.notion.com/v1/databases/23e035de0731803c9609e369fdbcc16d "HTTP/1.1 200 OK"
2025-07-28 19:58:28,707 - INFO - HTTP Request: GET https://api.notion.com/v1/databases/23e035de0731803c9609e369fdbcc16d "HTTP/1.1 200 OK"
2025-07-28 19:58:28,859 - INFO - HTTP Request: POST https://api.notion.com/v1/pages "HTTP/1.1 409 Conflict"
2025-07-28 19:58:28,912 - INFO - HTTP Request: POST https://api.notion.com/v1/databases/23e035de0731803c9609e369fdbcc16d/query "HTTP/1.1 200 OK"
2025-07-28 19:58:28,947 - INFO - HTTP Request: POST https://api.notion.com/v1/pages "HTTP/1.1 200 OK"
2025-07-28 19:58:29,674 - INFO - HTTP Request: GET https://api.notion.com/v1/databases/23e035de0731803c9609e369fdbcc16d "HTTP/1.1 200 OK"
2025-07-28 19:58:29,871 - INFO - HTTP Request: GET https://api.notion.com/v1/databases/23e035de0731803c9609e369fdbcc16d "HTTP/1.1 200 OK"
2025-07-28 19:58:29,978 - INFO - HTTP Request: GET https://api.notion.com/v1/databases/23e035de0731803c9609e369fdbcc16d "HTTP/1.1 200 OK"
2025-07-28 19:58:30,003 - INFO - HTTP Request: GET https://api.notion.com/v1/databases/23e035de0731803c9609e369fdbcc16d "HTTP/1.1 200 OK"
2025-07-28 19:58:30,065 - INFO - HTTP Request: GET https://api.notion.com/v1/databases/23e035de0731803c9609e369fdbcc16d "HTTP/1.1 200 OK"
2025-07-28 19:58:30,076 - INFO - HTTP Request: POST https://api.notion.com/v1/pages "HTTP/1.1 200 OK"
2025-07-28 19:58:30,145 - INFO - HTTP Request: POST https://api.notion.com/v1/pages "HTTP/1.1 200 OK"
2025-07-28 19:58:30,432 - INFO - HTTP Request: POST https://api.notion.com/v1/pages "HTTP/1.1 409 Conflict"
2025-07-28 19:58:30,435 - INFO - HTTP Request: POST https://api.notion.com/v1/databases/23e035de0731803c9609e369fdbcc16d/query "HTTP/1.1 200 OK"
2025-07-28 19:58:30,521 - INFO - HTTP Request: POST https://api.notion.com/v1/pages "HTTP/1.1 200 OK"
2025-07-28 19:58:31,128 - INFO - HTTP Request: POST https://api.notion.com/v1/pages "HTTP/1.1 200 OK"
2025-07-28 19:58:31,449 - INFO - HTTP Request: GET https://api.notion.com/v1/databases/23e035de0731803c9609e369fdbcc16d "HTTP/1.1 200 OK"
2025-07-28 19:58:31,638 - INFO - HTTP Request: GET https://api.notion.com/v1/databases/23e035de0731803c9609e369fdbcc16d "HTTP/1.1 200 OK"
2025-07-28 19:58:31,744 - INFO - HTTP Request: GET https://api.notion.com/v1/databases/23e035de0731803c9609e369fdbcc16d "HTTP/1.1 200 OK"
2025-07-28 19:58:31,773 - INFO - HTTP Request: GET https://api.notion.com/v1/databases/23e035de0731803c9609e369fdbcc16d "HTTP/1.1 200 OK"
2025-07-28 19:58:31,821 - INFO - HTTP Request: GET https://api.notion.com/v1/databases/23e035de0731803c9609e369fdbcc16d "HTTP/1.1 200 OK"
2025-07-28 19:58:31,889 - INFO - HTTP Request: POST https://api.notion.com/v1/pages "HTTP/1.1 200 OK"
2025-07-28 19:58:32,151 - INFO - HTTP Request: POST https://api.notion.com/v1/pages "HTTP/1.1 409 Conflict"
2025-07-28 19:58:32,182 - INFO - HTTP Request: POST https://api.notion.com/v1/pages "HTTP/1.1 200 OK"
2025-07-28 19:58:32,243 - INFO - HTTP Request: POST https://api.notion.com/v1/pages "HTTP/1.1 200 OK"
2025-07-28 19:58:32,353 - INFO - HTTP Request: GET https://api.notion.com/v1/databases/23e035de0731803c9609e369fdbcc16d "HTTP/1.1 200 OK"
2025-07-28 19:58:32,638 - INFO - HTTP Request: POST https://api.notion.com/v1/databases/23e035de0731803c9609e369fdbcc16d/query "HTTP/1.1 200 OK"
2025-07-28 19:58:32,774 - INFO - HTTP Request: POST https://api.notion.com/v1/pages "HTTP/1.1 200 OK"
2025-07-28 19:58:33,169 - INFO - HTTP Request: GET https://api.notion.com/v1/databases/23e035de0731803c9609e369fdbcc16d "HTTP/1.1 200 OK"
2025-07-28 19:58:33,634 - INFO - HTTP Request: GET https://api.notion.com/v1/databases/23e035de0731803c9609e369fdbcc16d "HTTP/1.1 200 OK"
2025-07-28 19:58:33,695 - INFO - HTTP Request: GET https://api.notion.com/v1/databases/23e035de0731803c9609e369fdbcc16d "HTTP/1.1 200 OK"
2025-07-28 19:58:33,880 - INFO - HTTP Request: GET https://api.notion.com/v1/databases/23e035de0731803c9609e369fdbcc16d "HTTP/1.1 200 OK"
2025-07-28 19:58:33,956 - INFO - HTTP Request: POST https://api.notion.com/v1/databases/23e035de0731803c9609e369fdbcc16d/query "HTTP/1.1 200 OK"
2025-07-28 19:58:34,164 - INFO - HTTP Request: POST https://api.notion.com/v1/pages "HTTP/1.1 200 OK"
2025-07-28 19:58:34,172 - INFO - HTTP Request: GET https://api.notion.com/v1/databases/23e035de0731803c9609e369fdbcc16d "HTTP/1.1 200 OK"
2025-07-28 19:58:34,275 - INFO - HTTP Request: GET https://api.notion.com/v1/databases/23e035de0731803c9609e369fdbcc16d "HTTP/1.1 200 OK"
2025-07-28 19:58:34,302 - INFO - HTTP Request: POST https://api.notion.com/v1/pages "HTTP/1.1 200 OK"
2025-07-28 19:58:34,403 - INFO - HTTP Request: POST https://api.notion.com/v1/pages "HTTP/1.1 200 OK"
2025-07-28 19:58:34,685 - INFO - HTTP Request: POST https://api.notion.com/v1/pages "HTTP/1.1 200 OK"
2025-07-28 19:58:35,300 - INFO - HTTP Request: GET https://api.notion.com/v1/databases/23e035de0731803c9609e369fdbcc16d "HTTP/1.1 200 OK"
2025-07-28 19:58:35,494 - INFO - HTTP Request: GET https://api.notion.com/v1/databases/23e035de0731803c9609e369fdbcc16d "HTTP/1.1 200 OK"
2025-07-28 19:58:35,535 - INFO - HTTP Request: GET https://api.notion.com/v1/databases/23e035de0731803c9609e369fdbcc16d "HTTP/1.1 200 OK"
2025-07-28 19:58:35,591 - INFO - HTTP Request: POST https://api.notion.com/v1/databases/23e035de0731803c9609e369fdbcc16d/query "HTTP/1.1 200 OK"
2025-07-28 19:58:35,634 - INFO - HTTP Request: GET https://api.notion.com/v1/databases/23e035de0731803c9609e369fdbcc16d "HTTP/1.1 200 OK"
2025-07-28 19:58:35,737 - INFO - HTTP Request: GET https://api.notion.com/v1/databases/23e035de0731803c9609e369fdbcc16d "HTTP/1.1 200 OK"
2025-07-28 19:58:35,937 - INFO - HTTP Request: POST https://api.notion.com/v1/pages "HTTP/1.1 409 Conflict"
2025-07-28 19:58:35,986 - INFO - HTTP Request: POST https://api.notion.com/v1/pages "HTTP/1.1 200 OK"
2025-07-28 19:58:36,151 - INFO - HTTP Request: POST https://api.notion.com/v1/pages "HTTP/1.1 200 OK"
2025-07-28 19:58:36,922 - INFO - HTTP Request: GET https://api.notion.com/v1/databases/23e035de0731803c9609e369fdbcc16d "HTTP/1.1 200 OK"
2025-07-28 19:58:37,156 - INFO - HTTP Request: GET https://api.notion.com/v1/databases/23e035de0731803c9609e369fdbcc16d "HTTP/1.1 200 OK"
2025-07-28 19:58:37,204 - INFO - HTTP Request: POST https://api.notion.com/v1/databases/23e035de0731803c9609e369fdbcc16d/query "HTTP/1.1 200 OK"
2025-07-28 19:58:37,322 - INFO - HTTP Request: GET https://api.notion.com/v1/databases/23e035de0731803c9609e369fdbcc16d "HTTP/1.1 200 OK"
2025-07-28 19:58:37,472 - INFO - HTTP Request: POST https://api.notion.com/v1/pages "HTTP/1.1 200 OK"
2025-07-28 19:58:37,617 - INFO - HTTP Request: POST https://api.notion.com/v1/pages "HTTP/1.1 409 Conflict"
2025-07-28 19:58:37,847 - INFO - HTTP Request: POST https://api.notion.com/v1/pages "HTTP/1.1 200 OK"
2025-07-28 19:58:38,378 - INFO - HTTP Request: GET https://api.notion.com/v1/databases/23e035de0731803c9609e369fdbcc16d "HTTP/1.1 200 OK"
2025-07-28 19:58:38,665 - INFO - HTTP Request: GET https://api.notion.com/v1/databases/23e035de0731803c9609e369fdbcc16d "HTTP/1.1 200 OK"
2025-07-28 19:58:38,812 - INFO - HTTP Request: GET https://api.notion.com/v1/databases/23e035de0731803c9609e369fdbcc16d "HTTP/1.1 200 OK"
2025-07-28 19:58:39,113 - INFO - HTTP Request: POST https://api.notion.com/v1/pages "HTTP/1.1 200 OK"
2025-07-28 19:58:39,142 - INFO - HTTP Request: POST https://api.notion.com/v1/pages "HTTP/1.1 200 OK"
2025-07-28 19:58:39,171 - INFO - HTTP Request: GET https://api.notion.com/v1/databases/23e035de0731803c9609e369fdbcc16d "HTTP/1.1 200 OK"
2025-07-28 19:58:39,235 - INFO - HTTP Request: POST https://api.notion.com/v1/databases/23e035de0731803c9609e369fdbcc16d/query "HTTP/1.1 200 OK"
2025-07-28 19:58:39,296 - INFO - HTTP Request: POST https://api.notion.com/v1/pages "HTTP/1.1 200 OK"
2025-07-28 19:58:39,597 - INFO - HTTP Request: POST https://api.notion.com/v1/pages "HTTP/1.1 200 OK"
2025-07-28 19:58:39,814 - INFO - HTTP Request: GET https://api.notion.com/v1/databases/23e035de0731803c9609e369fdbcc16d "HTTP/1.1 200 OK"
2025-07-28 19:58:39,875 - INFO - HTTP Request: GET https://api.notion.com/v1/databases/23e035de0731803c9609e369fdbcc16d "HTTP/1.1 200 OK"
2025-07-28 19:58:40,167 - INFO - HTTP Request: POST https://api.notion.com/v1/databases/23e035de0731803c9609e369fdbcc16d/query "HTTP/1.1 200 OK"
2025-07-28 19:58:40,284 - INFO - HTTP Request: GET https://api.notion.com/v1/databases/23e035de0731803c9609e369fdbcc16d "HTTP/1.1 200 OK"
2025-07-28 19:58:40,310 - INFO - HTTP Request: POST https://api.notion.com/v1/pages "HTTP/1.1 200 OK"
2025-07-28 19:58:40,640 - INFO - HTTP Request: GET https://api.notion.com/v1/databases/23e035de0731803c9609e369fdbcc16d "HTTP/1.1 200 OK"
2025-07-28 19:58:40,757 - INFO - HTTP Request: POST https://api.notion.com/v1/pages "HTTP/1.1 200 OK"
2025-07-28 19:58:40,827 - INFO - HTTP Request: GET https://api.notion.com/v1/databases/23e035de0731803c9609e369fdbcc16d "HTTP/1.1 200 OK"
2025-07-28 19:58:40,863 - INFO - HTTP Request: GET https://api.notion.com/v1/databases/23e035de0731803c9609e369fdbcc16d "HTTP/1.1 200 OK"
2025-07-28 19:58:41,040 - INFO - HTTP Request: POST https://api.notion.com/v1/pages "HTTP/1.1 200 OK"
2025-07-28 19:58:41,097 - INFO - HTTP Request: POST https://api.notion.com/v1/databases/23e035de0731803c9609e369fdbcc16d/query "HTTP/1.1 200 OK"
2025-07-28 19:58:41,115 - INFO - HTTP Request: GET https://api.notion.com/v1/databases/23e035de0731803c9609e369fdbcc16d "HTTP/1.1 200 OK"
2025-07-28 19:58:41,339 - INFO - HTTP Request: POST https://api.notion.com/v1/pages "HTTP/1.1 200 OK"
2025-07-28 19:58:41,357 - INFO - HTTP Request: GET https://api.notion.com/v1/databases/23e035de0731803c9609e369fdbcc16d "HTTP/1.1 200 OK"
2025-07-28 19:58:41,597 - INFO - HTTP Request: POST https://api.notion.com/v1/pages "HTTP/1.1 200 OK"
2025-07-28 19:58:41,808 - INFO - HTTP Request: POST https://api.notion.com/v1/pages "HTTP/1.1 200 OK"
2025-07-28 19:58:41,880 - INFO - HTTP Request: GET https://api.notion.com/v1/databases/23e035de0731803c9609e369fdbcc16d "HTTP/1.1 200 OK"
2025-07-28 19:58:42,071 - INFO - HTTP Request: GET https://api.notion.com/v1/databases/23e035de0731803c9609e369fdbcc16d "HTTP/1.1 200 OK"
2025-07-28 19:58:42,282 - INFO - HTTP Request: GET https://api.notion.com/v1/databases/23e035de0731803c9609e369fdbcc16d "HTTP/1.1 200 OK"
2025-07-28 19:58:42,326 - INFO - HTTP Request: POST https://api.notion.com/v1/pages "HTTP/1.1 200 OK"
2025-07-28 19:58:42,781 - INFO - HTTP Request: GET https://api.notion.com/v1/databases/23e035de0731803c9609e369fdbcc16d "HTTP/1.1 200 OK"
2025-07-28 19:58:42,810 - INFO - HTTP Request: GET https://api.notion.com/v1/databases/23e035de0731803c9609e369fdbcc16d "HTTP/1.1 200 OK"
2025-07-28 19:58:43,043 - INFO - HTTP Request: POST https://api.notion.com/v1/databases/23e035de0731803c9609e369fdbcc16d/query "HTTP/1.1 200 OK"
2025-07-28 19:58:43,082 - INFO - HTTP Request: POST https://api.notion.com/v1/pages "HTTP/1.1 200 OK"
2025-07-28 19:58:43,180 - INFO - HTTP Request: POST https://api.notion.com/v1/pages "HTTP/1.1 200 OK"
2025-07-28 19:58:43,200 - INFO - HTTP Request: GET https://api.notion.com/v1/databases/23e035de0731803c9609e369fdbcc16d "HTTP/1.1 200 OK"
2025-07-28 19:58:43,317 - INFO - HTTP Request: GET https://api.notion.com/v1/databases/23e035de0731803c9609e369fdbcc16d "HTTP/1.1 200 OK"
2025-07-28 19:58:43,345 - INFO - HTTP Request: POST https://api.notion.com/v1/pages "HTTP/1.1 200 OK"
2025-07-28 19:58:43,768 - INFO - HTTP Request: POST https://api.notion.com/v1/pages "HTTP/1.1 200 OK"
2025-07-28 19:58:44,069 - INFO - HTTP Request: POST https://api.notion.com/v1/pages "HTTP/1.1 200 OK"
2025-07-28 19:58:44,476 - INFO - HTTP Request: GET https://api.notion.com/v1/databases/23e035de0731803c9609e369fdbcc16d "HTTP/1.1 200 OK"
2025-07-28 19:58:44,575 - INFO - HTTP Request: GET https://api.notion.com/v1/databases/23e035de0731803c9609e369fdbcc16d "HTTP/1.1 200 OK"
2025-07-28 19:58:44,860 - INFO - HTTP Request: GET https://api.notion.com/v1/databases/23e035de0731803c9609e369fdbcc16d "HTTP/1.1 200 OK"
2025-07-28 19:58:44,937 - INFO - HTTP Request: POST https://api.notion.com/v1/pages "HTTP/1.1 200 OK"
2025-07-28 19:58:45,052 - INFO - HTTP Request: POST https://api.notion.com/v1/pages "HTTP/1.1 200 OK"
2025-07-28 19:58:45,084 - INFO - HTTP Request: GET https://api.notion.com/v1/databases/23e035de0731803c9609e369fdbcc16d "HTTP/1.1 200 OK"
2025-07-28 19:58:45,400 - INFO - HTTP Request: POST https://api.notion.com/v1/pages "HTTP/1.1 200 OK"
2025-07-28 19:58:45,905 - INFO - HTTP Request: GET https://api.notion.com/v1/databases/23e035de0731803c9609e369fdbcc16d "HTTP/1.1 200 OK"
2025-07-28 19:58:45,946 - INFO - HTTP Request: GET https://api.notion.com/v1/databases/23e035de0731803c9609e369fdbcc16d "HTTP/1.1 200 OK"
2025-07-28 19:58:46,149 - INFO - HTTP Request: GET https://api.notion.com/v1/databases/23e035de0731803c9609e369fdbcc16d "HTTP/1.1 200 OK"
2025-07-28 19:58:46,158 - INFO - HTTP Request: POST https://api.notion.com/v1/databases/23e035de0731803c9609e369fdbcc16d/query "HTTP/1.1 200 OK"
2025-07-28 19:58:46,340 - INFO - HTTP Request: POST https://api.notion.com/v1/pages "HTTP/1.1 200 OK"
2025-07-28 19:58:46,614 - INFO - HTTP Request: POST https://api.notion.com/v1/pages "HTTP/1.1 200 OK"
2025-07-28 19:58:46,769 - INFO - HTTP Request: GET https://api.notion.com/v1/databases/23e035de0731803c9609e369fdbcc16d "HTTP/1.1 200 OK"
2025-07-28 19:58:46,975 - INFO - HTTP Request: GET https://api.notion.com/v1/databases/23e035de0731803c9609e369fdbcc16d "HTTP/1.1 200 OK"
2025-07-28 19:58:47,067 - INFO - HTTP Request: POST https://api.notion.com/v1/databases/23e035de0731803c9609e369fdbcc16d/query "HTTP/1.1 200 OK"
2025-07-28 19:58:47,445 - INFO - HTTP Request: GET https://api.notion.com/v1/databases/23e035de0731803c9609e369fdbcc16d "HTTP/1.1 200 OK"
2025-07-28 19:58:47,447 - INFO - HTTP Request: GET https://api.notion.com/v1/databases/23e035de0731803c9609e369fdbcc16d "HTTP/1.1 200 OK"
2025-07-28 19:58:47,771 - INFO - HTTP Request: GET https://api.notion.com/v1/databases/23e035de0731803c9609e369fdbcc16d "HTTP/1.1 200 OK"
2025-07-28 19:58:47,797 - INFO - HTTP Request: GET https://api.notion.com/v1/databases/23e035de0731803c9609e369fdbcc16d "HTTP/1.1 200 OK"
2025-07-28 19:58:47,859 - INFO - HTTP Request: POST https://api.notion.com/v1/pages "HTTP/1.1 409 Conflict"
2025-07-28 19:58:47,935 - INFO - HTTP Request: POST https://api.notion.com/v1/pages "HTTP/1.1 200 OK"
2025-07-28 19:58:48,177 - INFO - HTTP Request: POST https://api.notion.com/v1/pages "HTTP/1.1 200 OK"
2025-07-28 19:58:48,646 - INFO - HTTP Request: POST https://api.notion.com/v1/databases/23e035de0731803c9609e369fdbcc16d/query "HTTP/1.1 200 OK"
2025-07-28 19:58:48,977 - INFO - HTTP Request: GET https://api.notion.com/v1/databases/23e035de0731803c9609e369fdbcc16d "HTTP/1.1 200 OK"
2025-07-28 19:58:49,151 - INFO - HTTP Request: GET https://api.notion.com/v1/databases/23e035de0731803c9609e369fdbcc16d "HTTP/1.1 200 OK"
2025-07-28 19:58:49,359 - INFO - HTTP Request: GET https://api.notion.com/v1/databases/23e035de0731803c9609e369fdbcc16d "HTTP/1.1 200 OK"
2025-07-28 19:58:49,386 - INFO - HTTP Request: GET https://api.notion.com/v1/databases/23e035de0731803c9609e369fdbcc16d "HTTP/1.1 200 OK"
2025-07-28 19:58:49,601 - INFO - HTTP Request: POST https://api.notion.com/v1/pages "HTTP/1.1 200 OK"
2025-07-28 19:58:49,731 - INFO - HTTP Request: POST https://api.notion.com/v1/pages "HTTP/1.1 409 Conflict"
2025-07-28 19:58:49,753 - INFO - HTTP Request: POST https://api.notion.com/v1/pages "HTTP/1.1 200 OK"
2025-07-28 19:58:49,854 - INFO - HTTP Request: POST https://api.notion.com/v1/pages "HTTP/1.1 200 OK"
2025-07-28 19:58:50,200 - INFO - HTTP Request: POST https://api.notion.com/v1/databases/23e035de0731803c9609e369fdbcc16d/query "HTTP/1.1 200 OK"
2025-07-28 19:58:50,766 - INFO - HTTP Request: GET https://api.notion.com/v1/databases/23e035de0731803c9609e369fdbcc16d "HTTP/1.1 200 OK"
2025-07-28 19:58:50,854 - INFO - HTTP Request: POST https://api.notion.com/v1/pages "HTTP/1.1 200 OK"
2025-07-28 19:58:51,153 - INFO - HTTP Request: GET https://api.notion.com/v1/databases/23e035de0731803c9609e369fdbcc16d "HTTP/1.1 200 OK"
2025-07-28 19:58:51,243 - INFO - HTTP Request: POST https://api.notion.com/v1/pages "HTTP/1.1 200 OK"
2025-07-28 19:58:51,250 - INFO - HTTP Request: GET https://api.notion.com/v1/databases/23e035de0731803c9609e369fdbcc16d "HTTP/1.1 200 OK"
2025-07-28 19:58:51,253 - INFO - HTTP Request: GET https://api.notion.com/v1/databases/23e035de0731803c9609e369fdbcc16d "HTTP/1.1 200 OK"
2025-07-28 19:58:51,259 - INFO - HTTP Request: GET https://api.notion.com/v1/databases/23e035de0731803c9609e369fdbcc16d "HTTP/1.1 200 OK"
2025-07-28 19:58:51,533 - INFO - HTTP Request: POST https://api.notion.com/v1/databases/23e035de0731803c9609e369fdbcc16d/query "HTTP/1.1 200 OK"
2025-07-28 19:58:51,658 - INFO - HTTP Request: POST https://api.notion.com/v1/pages "HTTP/1.1 409 Conflict"
2025-07-28 19:58:51,735 - INFO - HTTP Request: POST https://api.notion.com/v1/pages "HTTP/1.1 200 OK"
2025-07-28 19:58:51,993 - INFO - HTTP Request: GET https://api.notion.com/v1/databases/23e035de0731803c9609e369fdbcc16d "HTTP/1.1 200 OK"
2025-07-28 19:58:52,069 - INFO - HTTP Request: POST https://api.notion.com/v1/pages "HTTP/1.1 200 OK"
2025-07-28 19:58:52,818 - INFO - HTTP Request: GET https://api.notion.com/v1/databases/23e035de0731803c9609e369fdbcc16d "HTTP/1.1 200 OK"
2025-07-28 19:58:52,864 - INFO - HTTP Request: GET https://api.notion.com/v1/databases/23e035de0731803c9609e369fdbcc16d "HTTP/1.1 200 OK"
2025-07-28 19:58:52,932 - INFO - HTTP Request: GET https://api.notion.com/v1/databases/23e035de0731803c9609e369fdbcc16d "HTTP/1.1 200 OK"
2025-07-28 19:58:52,997 - INFO - HTTP Request: POST https://api.notion.com/v1/pages "HTTP/1.1 200 OK"
2025-07-28 19:58:53,043 - INFO - HTTP Request: GET https://api.notion.com/v1/databases/23e035de0731803c9609e369fdbcc16d "HTTP/1.1 200 OK"
2025-07-28 19:58:53,143 - INFO - HTTP Request: POST https://api.notion.com/v1/databases/23e035de0731803c9609e369fdbcc16d/query "HTTP/1.1 200 OK"
2025-07-28 19:58:53,278 - INFO - HTTP Request: POST https://api.notion.com/v1/pages "HTTP/1.1 409 Conflict"
2025-07-28 19:58:53,382 - INFO - HTTP Request: POST https://api.notion.com/v1/pages "HTTP/1.1 200 OK"
2025-07-28 19:58:53,595 - INFO - HTTP Request: POST https://api.notion.com/v1/pages "HTTP/1.1 200 OK"
2025-07-28 19:58:53,757 - INFO - HTTP Request: GET https://api.notion.com/v1/databases/23e035de0731803c9609e369fdbcc16d "HTTP/1.1 200 OK"
2025-07-28 19:58:53,973 - INFO - HTTP Request: GET https://api.notion.com/v1/databases/23e035de0731803c9609e369fdbcc16d "HTTP/1.1 200 OK"
2025-07-28 19:58:54,028 - INFO - HTTP Request: POST https://api.notion.com/v1/databases/23e035de0731803c9609e369fdbcc16d/query "HTTP/1.1 200 OK"
2025-07-28 19:58:54,171 - INFO - HTTP Request: GET https://api.notion.com/v1/databases/23e035de0731803c9609e369fdbcc16d "HTTP/1.1 200 OK"
2025-07-28 19:58:54,433 - INFO - HTTP Request: POST https://api.notion.com/v1/pages "HTTP/1.1 200 OK"
2025-07-28 19:58:54,440 - INFO - HTTP Request: GET https://api.notion.com/v1/databases/23e035de0731803c9609e369fdbcc16d "HTTP/1.1 200 OK"
2025-07-28 19:58:54,701 - INFO - HTTP Request: GET https://api.notion.com/v1/databases/23e035de0731803c9609e369fdbcc16d "HTTP/1.1 200 OK"
2025-07-28 19:58:54,767 - INFO - HTTP Request: GET https://api.notion.com/v1/databases/23e035de0731803c9609e369fdbcc16d "HTTP/1.1 200 OK"
2025-07-28 19:58:55,146 - INFO - HTTP Request: POST https://api.notion.com/v1/pages "HTTP/1.1 200 OK"
2025-07-28 19:58:55,197 - INFO - HTTP Request: POST https://api.notion.com/v1/pages "HTTP/1.1 200 OK"
2025-07-28 19:58:55,259 - INFO - HTTP Request: GET https://api.notion.com/v1/databases/23e035de0731803c9609e369fdbcc16d "HTTP/1.1 200 OK"
2025-07-28 19:58:55,469 - INFO - HTTP Request: GET https://api.notion.com/v1/databases/23e035de0731803c9609e369fdbcc16d "HTTP/1.1 200 OK"
2025-07-28 19:58:55,535 - INFO - HTTP Request: POST https://api.notion.com/v1/databases/23e035de0731803c9609e369fdbcc16d/query "HTTP/1.1 200 OK"
2025-07-28 19:58:55,954 - INFO - HTTP Request: POST https://api.notion.com/v1/pages "HTTP/1.1 200 OK"
2025-07-28 19:58:56,049 - INFO - HTTP Request: POST https://api.notion.com/v1/pages "HTTP/1.1 200 OK"
2025-07-28 19:58:56,228 - INFO - HTTP Request: GET https://api.notion.com/v1/databases/23e035de0731803c9609e369fdbcc16d "HTTP/1.1 200 OK"
2025-07-28 19:58:56,379 - INFO - HTTP Request: GET https://api.notion.com/v1/databases/23e035de0731803c9609e369fdbcc16d "HTTP/1.1 200 OK"
2025-07-28 19:58:56,549 - INFO - HTTP Request: GET https://api.notion.com/v1/databases/23e035de0731803c9609e369fdbcc16d "HTTP/1.1 200 OK"
2025-07-28 19:58:56,705 - INFO - HTTP Request: POST https://api.notion.com/v1/pages "HTTP/1.1 200 OK"
2025-07-28 19:58:56,866 - INFO - HTTP Request: POST https://api.notion.com/v1/databases/23e035de0731803c9609e369fdbcc16d/query "HTTP/1.1 200 OK"
2025-07-28 19:58:57,018 - INFO - HTTP Request: GET https://api.notion.com/v1/databases/23e035de0731803c9609e369fdbcc16d "HTTP/1.1 200 OK"
2025-07-28 19:58:57,157 - INFO - HTTP Request: GET https://api.notion.com/v1/databases/23e035de0731803c9609e369fdbcc16d "HTTP/1.1 200 OK"
2025-07-28 19:58:57,173 - INFO - HTTP Request: POST https://api.notion.com/v1/pages "HTTP/1.1 200 OK"
2025-07-28 19:58:57,503 - INFO - HTTP Request: POST https://api.notion.com/v1/pages "HTTP/1.1 200 OK"
2025-07-28 19:58:57,776 - INFO - HTTP Request: GET https://api.notion.com/v1/databases/23e035de0731803c9609e369fdbcc16d "HTTP/1.1 200 OK"
2025-07-28 19:58:58,048 - INFO - HTTP Request: POST https://api.notion.com/v1/pages "HTTP/1.1 200 OK"
2025-07-28 19:58:58,176 - INFO - HTTP Request: GET https://api.notion.com/v1/databases/23e035de0731803c9609e369fdbcc16d "HTTP/1.1 200 OK"
2025-07-28 19:58:58,192 - INFO - HTTP Request: POST https://api.notion.com/v1/pages "HTTP/1.1 200 OK"
2025-07-28 19:58:58,488 - INFO - HTTP Request: GET https://api.notion.com/v1/databases/23e035de0731803c9609e369fdbcc16d "HTTP/1.1 200 OK"
2025-07-28 19:58:58,669 - INFO - HTTP Request: POST https://api.notion.com/v1/pages "HTTP/1.1 200 OK"
2025-07-28 19:58:59,121 - INFO - HTTP Request: GET https://api.notion.com/v1/databases/23e035de0731803c9609e369fdbcc16d "HTTP/1.1 200 OK"
2025-07-28 19:58:59,252 - INFO - HTTP Request: GET https://api.notion.com/v1/databases/23e035de0731803c9609e369fdbcc16d "HTTP/1.1 200 OK"
2025-07-28 19:58:59,258 - INFO - HTTP Request: POST https://api.notion.com/v1/pages "HTTP/1.1 200 OK"
2025-07-28 19:58:59,648 - INFO - HTTP Request: POST https://api.notion.com/v1/pages "HTTP/1.1 200 OK"
2025-07-28 19:58:59,701 - INFO - HTTP Request: GET https://api.notion.com/v1/databases/23e035de0731803c9609e369fdbcc16d "HTTP/1.1 200 OK"
2025-07-28 19:58:59,724 - INFO - HTTP Request: POST https://api.notion.com/v1/pages "HTTP/1.1 200 OK"
2025-07-28 19:58:59,780 - INFO - HTTP Request: POST https://api.notion.com/v1/pages "HTTP/1.1 200 OK"
2025-07-28 19:59:00,386 - INFO - HTTP Request: GET https://api.notion.com/v1/databases/23e035de0731803c9609e369fdbcc16d "HTTP/1.1 200 OK"
2025-07-28 19:59:00,836 - INFO - HTTP Request: GET https://api.notion.com/v1/databases/23e035de0731803c9609e369fdbcc16d "HTTP/1.1 200 OK"
2025-07-28 19:59:00,858 - INFO - HTTP Request: POST https://api.notion.com/v1/pages "HTTP/1.1 200 OK"
2025-07-28 19:59:00,980 - INFO - HTTP Request: GET https://api.notion.com/v1/databases/23e035de0731803c9609e369fdbcc16d "HTTP/1.1 200 OK"
2025-07-28 19:59:01,376 - INFO - HTTP Request: GET https://api.notion.com/v1/databases/23e035de0731803c9609e369fdbcc16d "HTTP/1.1 200 OK"
2025-07-28 19:59:01,486 - INFO - HTTP Request: POST https://api.notion.com/v1/pages "HTTP/1.1 200 OK"
2025-07-28 19:59:01,669 - INFO - HTTP Request: GET https://api.notion.com/v1/databases/23e035de0731803c9609e369fdbcc16d "HTTP/1.1 200 OK"
2025-07-28 19:59:01,857 - INFO - HTTP Request: GET https://api.notion.com/v1/databases/23e035de0731803c9609e369fdbcc16d "HTTP/1.1 200 OK"
2025-07-28 19:59:01,878 - INFO - HTTP Request: POST https://api.notion.com/v1/pages "HTTP/1.1 200 OK"
2025-07-28 19:59:02,332 - INFO - HTTP Request: POST https://api.notion.com/v1/pages "HTTP/1.1 200 OK"
2025-07-28 19:59:02,389 - INFO - HTTP Request: POST https://api.notion.com/v1/databases/23e035de0731803c9609e369fdbcc16d/query "HTTP/1.1 200 OK"
2025-07-28 19:59:02,490 - INFO - HTTP Request: GET https://api.notion.com/v1/databases/23e035de0731803c9609e369fdbcc16d "HTTP/1.1 200 OK"
2025-07-28 19:59:02,931 - INFO - HTTP Request: POST https://api.notion.com/v1/pages "HTTP/1.1 200 OK"
2025-07-28 19:59:02,971 - INFO - HTTP Request: POST https://api.notion.com/v1/pages "HTTP/1.1 200 OK"
2025-07-28 19:59:02,981 - INFO - HTTP Request: GET https://api.notion.com/v1/databases/23e035de0731803c9609e369fdbcc16d "HTTP/1.1 200 OK"
2025-07-28 19:59:03,311 - INFO - HTTP Request: GET https://api.notion.com/v1/databases/23e035de0731803c9609e369fdbcc16d "HTTP/1.1 200 OK"
2025-07-28 19:59:03,581 - INFO - HTTP Request: POST https://api.notion.com/v1/pages "HTTP/1.1 409 Conflict"
2025-07-28 19:59:03,836 - INFO - HTTP Request: POST https://api.notion.com/v1/pages "HTTP/1.1 200 OK"
2025-07-28 19:59:04,097 - INFO - HTTP Request: GET https://api.notion.com/v1/databases/23e035de0731803c9609e369fdbcc16d "HTTP/1.1 200 OK"
2025-07-28 19:59:04,133 - INFO - HTTP Request: GET https://api.notion.com/v1/databases/23e035de0731803c9609e369fdbcc16d "HTTP/1.1 200 OK"
2025-07-28 19:59:04,859 - INFO - HTTP Request: GET https://api.notion.com/v1/databases/23e035de0731803c9609e369fdbcc16d "HTTP/1.1 200 OK"
2025-07-28 19:59:05,258 - INFO - HTTP Request: GET https://api.notion.com/v1/databases/23e035de0731803c9609e369fdbcc16d "HTTP/1.1 200 OK"
2025-07-28 19:59:05,322 - INFO - HTTP Request: POST https://api.notion.com/v1/pages "HTTP/1.1 409 Conflict"
2025-07-28 19:59:05,410 - INFO - HTTP Request: POST https://api.notion.com/v1/pages "HTTP/1.1 200 OK"
2025-07-28 19:59:05,722 - INFO - HTTP Request: POST https://api.notion.com/v1/pages "HTTP/1.1 200 OK"
2025-07-28 19:59:05,834 - INFO - HTTP Request: GET https://api.notion.com/v1/databases/23e035de0731803c9609e369fdbcc16d "HTTP/1.1 200 OK"
2025-07-28 19:59:06,123 - INFO - HTTP Request: POST https://api.notion.com/v1/databases/23e035de0731803c9609e369fdbcc16d/query "HTTP/1.1 200 OK"
2025-07-28 19:59:06,348 - INFO - HTTP Request: GET https://api.notion.com/v1/databases/23e035de0731803c9609e369fdbcc16d "HTTP/1.1 200 OK"
2025-07-28 19:59:06,910 - INFO - HTTP Request: POST https://api.notion.com/v1/pages "HTTP/1.1 200 OK"
2025-07-28 19:59:06,944 - INFO - HTTP Request: GET https://api.notion.com/v1/databases/23e035de0731803c9609e369fdbcc16d "HTTP/1.1 200 OK"
2025-07-28 19:59:07,006 - INFO - HTTP Request: GET https://api.notion.com/v1/databases/23e035de0731803c9609e369fdbcc16d "HTTP/1.1 200 OK"
2025-07-28 19:59:07,408 - INFO - HTTP Request: POST https://api.notion.com/v1/pages "HTTP/1.1 200 OK"
2025-07-28 19:59:07,410 - INFO - HTTP Request: POST https://api.notion.com/v1/pages "HTTP/1.1 409 Conflict"
2025-07-28 19:59:07,866 - INFO - HTTP Request: GET https://api.notion.com/v1/databases/23e035de0731803c9609e369fdbcc16d "HTTP/1.1 200 OK"
2025-07-28 19:59:07,892 - INFO - HTTP Request: GET https://api.notion.com/v1/databases/23e035de0731803c9609e369fdbcc16d "HTTP/1.1 200 OK"
2025-07-28 19:59:07,903 - INFO - HTTP Request: POST https://api.notion.com/v1/databases/23e035de0731803c9609e369fdbcc16d/query "HTTP/1.1 200 OK"
2025-07-28 19:59:07,956 - INFO - HTTP Request: POST https://api.notion.com/v1/pages "HTTP/1.1 200 OK"
2025-07-28 19:59:08,502 - INFO - HTTP Request: POST https://api.notion.com/v1/pages "HTTP/1.1 200 OK"
2025-07-28 19:59:08,734 - INFO - HTTP Request: GET https://api.notion.com/v1/databases/23e035de0731803c9609e369fdbcc16d "HTTP/1.1 200 OK"
2025-07-28 19:59:08,743 - INFO - HTTP Request: GET https://api.notion.com/v1/databases/23e035de0731803c9609e369fdbcc16d "HTTP/1.1 200 OK"
2025-07-28 19:59:08,889 - INFO - HTTP Request: POST https://api.notion.com/v1/pages "HTTP/1.1 200 OK"
2025-07-28 19:59:09,077 - INFO - HTTP Request: GET https://api.notion.com/v1/databases/23e035de0731803c9609e369fdbcc16d "HTTP/1.1 200 OK"
2025-07-28 19:59:09,231 - INFO - HTTP Request: POST https://api.notion.com/v1/pages "HTTP/1.1 200 OK"
2025-07-28 19:59:09,349 - INFO - HTTP Request: POST https://api.notion.com/v1/pages "HTTP/1.1 200 OK"
2025-07-28 19:59:09,452 - INFO - HTTP Request: GET https://api.notion.com/v1/databases/23e035de0731803c9609e369fdbcc16d "HTTP/1.1 200 OK"
2025-07-28 19:59:09,891 - INFO - HTTP Request: POST https://api.notion.com/v1/pages "HTTP/1.1 200 OK"
2025-07-28 19:59:09,927 - INFO - HTTP Request: GET https://api.notion.com/v1/databases/23e035de0731803c9609e369fdbcc16d "HTTP/1.1 200 OK"
2025-07-28 19:59:10,262 - INFO - HTTP Request: GET https://api.notion.com/v1/databases/23e035de0731803c9609e369fdbcc16d "HTTP/1.1 200 OK"
2025-07-28 19:59:10,368 - INFO - HTTP Request: GET https://api.notion.com/v1/databases/23e035de0731803c9609e369fdbcc16d "HTTP/1.1 200 OK"
2025-07-28 19:59:10,677 - INFO - HTTP Request: POST https://api.notion.com/v1/pages "HTTP/1.1 200 OK"
2025-07-28 19:59:10,927 - INFO - HTTP Request: GET https://api.notion.com/v1/databases/23e035de0731803c9609e369fdbcc16d "HTTP/1.1 200 OK"
2025-07-28 19:59:11,011 - INFO - HTTP Request: POST https://api.notion.com/v1/pages "HTTP/1.1 200 OK"
2025-07-28 19:59:11,201 - INFO - HTTP Request: POST https://api.notion.com/v1/databases/23e035de0731803c9609e369fdbcc16d/query "HTTP/1.1 200 OK"
2025-07-28 19:59:11,469 - INFO - HTTP Request: POST https://api.notion.com/v1/pages "HTTP/1.1 409 Conflict"
2025-07-28 19:59:11,871 - INFO - HTTP Request: GET https://api.notion.com/v1/databases/23e035de0731803c9609e369fdbcc16d "HTTP/1.1 200 OK"
2025-07-28 19:59:11,878 - INFO - HTTP Request: POST https://api.notion.com/v1/pages "HTTP/1.1 200 OK"
2025-07-28 19:59:12,054 - INFO - HTTP Request: GET https://api.notion.com/v1/databases/23e035de0731803c9609e369fdbcc16d "HTTP/1.1 200 OK"
2025-07-28 19:59:12,306 - INFO - HTTP Request: POST https://api.notion.com/v1/pages "HTTP/1.1 200 OK"
2025-07-28 19:59:12,344 - INFO - HTTP Request: POST https://api.notion.com/v1/databases/23e035de0731803c9609e369fdbcc16d/query "HTTP/1.1 200 OK"
2025-07-28 19:59:13,045 - INFO - HTTP Request: GET https://api.notion.com/v1/databases/23e035de0731803c9609e369fdbcc16d "HTTP/1.1 200 OK"
2025-07-28 19:59:13,048 - INFO - HTTP Request: GET https://api.notion.com/v1/databases/23e035de0731803c9609e369fdbcc16d "HTTP/1.1 200 OK"
2025-07-28 19:59:13,276 - INFO - HTTP Request: GET https://api.notion.com/v1/databases/23e035de0731803c9609e369fdbcc16d "HTTP/1.1 200 OK"
2025-07-28 19:59:13,337 - INFO - HTTP Request: POST https://api.notion.com/v1/databases/23e035de0731803c9609e369fdbcc16d/query "HTTP/1.1 200 OK"
2025-07-28 19:59:13,350 - INFO - HTTP Request: GET https://api.notion.com/v1/databases/23e035de0731803c9609e369fdbcc16d "HTTP/1.1 200 OK"
2025-07-28 19:59:13,447 - INFO - HTTP Request: GET https://api.notion.com/v1/databases/23e035de0731803c9609e369fdbcc16d "HTTP/1.1 200 OK"
2025-07-28 19:59:13,455 - INFO - HTTP Request: POST https://api.notion.com/v1/pages "HTTP/1.1 200 OK"
2025-07-28 19:59:13,791 - INFO - HTTP Request: POST https://api.notion.com/v1/pages "HTTP/1.1 200 OK"
2025-07-28 19:59:14,265 - INFO - HTTP Request: GET https://api.notion.com/v1/databases/23e035de0731803c9609e369fdbcc16d "HTTP/1.1 200 OK"
2025-07-28 19:59:14,357 - INFO - HTTP Request: GET https://api.notion.com/v1/databases/23e035de0731803c9609e369fdbcc16d "HTTP/1.1 200 OK"
2025-07-28 19:59:14,627 - INFO - HTTP Request: POST https://api.notion.com/v1/databases/23e035de0731803c9609e369fdbcc16d/query "HTTP/1.1 200 OK"
2025-07-28 19:59:14,875 - INFO - HTTP Request: GET https://api.notion.com/v1/databases/23e035de0731803c9609e369fdbcc16d "HTTP/1.1 200 OK"
2025-07-28 19:59:15,251 - INFO - HTTP Request: GET https://api.notion.com/v1/databases/23e035de0731803c9609e369fdbcc16d "HTTP/1.1 200 OK"
2025-07-28 19:59:15,332 - INFO - HTTP Request: POST https://api.notion.com/v1/pages "HTTP/1.1 200 OK"
2025-07-28 19:59:15,443 - INFO - HTTP Request: GET https://api.notion.com/v1/databases/23e035de0731803c9609e369fdbcc16d "HTTP/1.1 200 OK"
2025-07-28 19:59:15,770 - INFO - HTTP Request: POST https://api.notion.com/v1/pages "HTTP/1.1 409 Conflict"
2025-07-28 19:59:15,834 - INFO - HTTP Request: POST https://api.notion.com/v1/pages "HTTP/1.1 200 OK"
2025-07-28 19:59:16,512 - INFO - HTTP Request: POST https://api.notion.com/v1/databases/23e035de0731803c9609e369fdbcc16d/query "HTTP/1.1 200 OK"
2025-07-28 19:59:16,868 - INFO - HTTP Request: GET https://api.notion.com/v1/databases/23e035de0731803c9609e369fdbcc16d "HTTP/1.1 200 OK"
2025-07-28 19:59:16,897 - INFO - HTTP Request: GET https://api.notion.com/v1/databases/23e035de0731803c9609e369fdbcc16d "HTTP/1.1 200 OK"
2025-07-28 19:59:16,975 - INFO - HTTP Request: GET https://api.notion.com/v1/databases/23e035de0731803c9609e369fdbcc16d "HTTP/1.1 200 OK"
2025-07-28 19:59:17,024 - INFO - HTTP Request: POST https://api.notion.com/v1/pages "HTTP/1.1 200 OK"
2025-07-28 19:59:17,127 - INFO - HTTP Request: POST https://api.notion.com/v1/pages "HTTP/1.1 200 OK"
2025-07-28 19:59:17,371 - INFO - HTTP Request: POST https://api.notion.com/v1/pages "HTTP/1.1 200 OK"
2025-07-28 19:59:17,754 - INFO - HTTP Request: POST https://api.notion.com/v1/pages "HTTP/1.1 200 OK"
2025-07-28 19:59:18,065 - INFO - HTTP Request: GET https://api.notion.com/v1/databases/23e035de0731803c9609e369fdbcc16d "HTTP/1.1 200 OK"
2025-07-28 19:59:18,164 - INFO - HTTP Request: POST https://api.notion.com/v1/pages "HTTP/1.1 200 OK"
2025-07-28 19:59:18,254 - INFO - HTTP Request: GET https://api.notion.com/v1/databases/23e035de0731803c9609e369fdbcc16d "HTTP/1.1 200 OK"
2025-07-28 19:59:18,443 - INFO - HTTP Request: GET https://api.notion.com/v1/databases/23e035de0731803c9609e369fdbcc16d "HTTP/1.1 200 OK"
2025-07-28 19:59:18,720 - INFO - HTTP Request: GET https://api.notion.com/v1/databases/23e035de0731803c9609e369fdbcc16d "HTTP/1.1 200 OK"
2025-07-28 19:59:18,785 - INFO - HTTP Request: POST https://api.notion.com/v1/pages "HTTP/1.1 409 Conflict"
2025-07-28 19:59:18,860 - INFO - HTTP Request: POST https://api.notion.com/v1/pages "HTTP/1.1 200 OK"
2025-07-28 19:59:19,234 - INFO - HTTP Request: GET https://api.notion.com/v1/databases/23e035de0731803c9609e369fdbcc16d "HTTP/1.1 200 OK"
2025-07-28 19:59:19,538 - INFO - HTTP Request: POST https://api.notion.com/v1/databases/23e035de0731803c9609e369fdbcc16d/query "HTTP/1.1 200 OK"
2025-07-28 19:59:19,695 - INFO - HTTP Request: POST https://api.notion.com/v1/pages "HTTP/1.1 200 OK"
2025-07-28 19:59:19,885 - INFO - HTTP Request: GET https://api.notion.com/v1/databases/23e035de0731803c9609e369fdbcc16d "HTTP/1.1 200 OK"
2025-07-28 19:59:20,086 - INFO - HTTP Request: GET https://api.notion.com/v1/databases/23e035de0731803c9609e369fdbcc16d "HTTP/1.1 200 OK"
2025-07-28 19:59:20,150 - INFO - HTTP Request: GET https://api.notion.com/v1/databases/23e035de0731803c9609e369fdbcc16d "HTTP/1.1 200 OK"
2025-07-28 19:59:20,322 - INFO - HTTP Request: POST https://api.notion.com/v1/pages "HTTP/1.1 200 OK"
2025-07-28 19:59:20,412 - INFO - HTTP Request: POST https://api.notion.com/v1/databases/23e035de0731803c9609e369fdbcc16d/query "HTTP/1.1 200 OK"
2025-07-28 19:59:20,504 - INFO - HTTP Request: GET https://api.notion.com/v1/databases/23e035de0731803c9609e369fdbcc16d "HTTP/1.1 200 OK"
2025-07-28 19:59:20,546 - INFO - HTTP Request: POST https://api.notion.com/v1/pages "HTTP/1.1 200 OK"
2025-07-28 19:59:20,650 - INFO - HTTP Request: GET https://api.notion.com/v1/databases/23e035de0731803c9609e369fdbcc16d "HTTP/1.1 200 OK"
2025-07-28 19:59:21,064 - INFO - HTTP Request: POST https://api.notion.com/v1/pages "HTTP/1.1 200 OK"
2025-07-28 19:59:21,245 - INFO - HTTP Request: GET https://api.notion.com/v1/databases/23e035de0731803c9609e369fdbcc16d "HTTP/1.1 200 OK"
2025-07-28 19:59:21,341 - INFO - HTTP Request: POST https://api.notion.com/v1/pages "HTTP/1.1 409 Conflict"
2025-07-28 19:59:21,365 - INFO - HTTP Request: POST https://api.notion.com/v1/pages "HTTP/1.1 200 OK"
2025-07-28 19:59:21,551 - INFO - HTTP Request: POST https://api.notion.com/v1/databases/23e035de0731803c9609e369fdbcc16d/query "HTTP/1.1 200 OK"
2025-07-28 19:59:21,978 - INFO - HTTP Request: GET https://api.notion.com/v1/databases/23e035de0731803c9609e369fdbcc16d "HTTP/1.1 200 OK"
2025-07-28 19:59:22,149 - INFO - HTTP Request: GET https://api.notion.com/v1/databases/23e035de0731803c9609e369fdbcc16d "HTTP/1.1 200 OK"
2025-07-28 19:59:22,174 - INFO - HTTP Request: GET https://api.notion.com/v1/databases/23e035de0731803c9609e369fdbcc16d "HTTP/1.1 200 OK"
2025-07-28 19:59:22,528 - INFO - HTTP Request: POST https://api.notion.com/v1/pages "HTTP/1.1 200 OK"
2025-07-28 19:59:22,548 - INFO - HTTP Request: POST https://api.notion.com/v1/pages "HTTP/1.1 200 OK"
2025-07-28 19:59:22,551 - INFO - HTTP Request: GET https://api.notion.com/v1/databases/23e035de0731803c9609e369fdbcc16d "HTTP/1.1 200 OK"
2025-07-28 19:59:22,579 - INFO - HTTP Request: GET https://api.notion.com/v1/databases/23e035de0731803c9609e369fdbcc16d "HTTP/1.1 200 OK"
2025-07-28 19:59:22,608 - INFO - HTTP Request: GET https://api.notion.com/v1/databases/23e035de0731803c9609e369fdbcc16d "HTTP/1.1 200 OK"
2025-07-28 19:59:22,961 - INFO - HTTP Request: POST https://api.notion.com/v1/pages "HTTP/1.1 200 OK"
2025-07-28 19:59:23,002 - INFO - HTTP Request: POST https://api.notion.com/v1/databases/23e035de0731803c9609e369fdbcc16d/query "HTTP/1.1 200 OK"
2025-07-28 19:59:23,123 - INFO - HTTP Request: POST https://api.notion.com/v1/pages "HTTP/1.1 200 OK"
2025-07-28 19:59:23,844 - INFO - HTTP Request: GET https://api.notion.com/v1/databases/23e035de0731803c9609e369fdbcc16d "HTTP/1.1 200 OK"
2025-07-28 19:59:24,198 - INFO - HTTP Request: GET https://api.notion.com/v1/databases/23e035de0731803c9609e369fdbcc16d "HTTP/1.1 200 OK"
2025-07-28 19:59:24,207 - INFO - HTTP Request: GET https://api.notion.com/v1/databases/23e035de0731803c9609e369fdbcc16d "HTTP/1.1 200 OK"
2025-07-28 19:59:24,519 - INFO - HTTP Request: GET https://api.notion.com/v1/databases/23e035de0731803c9609e369fdbcc16d "HTTP/1.1 200 OK"
2025-07-28 19:59:24,522 - INFO - HTTP Request: POST https://api.notion.com/v1/pages "HTTP/1.1 200 OK"
2025-07-28 19:59:24,541 - INFO - HTTP Request: GET https://api.notion.com/v1/databases/23e035de0731803c9609e369fdbcc16d "HTTP/1.1 200 OK"
2025-07-28 19:59:24,795 - INFO - HTTP Request: POST https://api.notion.com/v1/databases/23e035de0731803c9609e369fdbcc16d/query "HTTP/1.1 200 OK"
2025-07-28 19:59:25,014 - INFO - HTTP Request: POST https://api.notion.com/v1/pages "HTTP/1.1 409 Conflict"
2025-07-28 19:59:25,038 - INFO - HTTP Request: POST https://api.notion.com/v1/pages "HTTP/1.1 200 OK"
2025-07-28 19:59:25,143 - INFO - HTTP Request: POST https://api.notion.com/v1/pages "HTTP/1.1 200 OK"
2025-07-28 19:59:25,487 - INFO - HTTP Request: GET https://api.notion.com/v1/databases/23e035de0731803c9609e369fdbcc16d "HTTP/1.1 200 OK"
2025-07-28 19:59:25,538 - INFO - HTTP Request: POST https://api.notion.com/v1/pages "HTTP/1.1 200 OK"
2025-07-28 19:59:25,588 - INFO - HTTP Request: GET https://api.notion.com/v1/databases/23e035de0731803c9609e369fdbcc16d "HTTP/1.1 200 OK"
2025-07-28 19:59:25,767 - INFO - HTTP Request: POST https://api.notion.com/v1/databases/23e035de0731803c9609e369fdbcc16d/query "HTTP/1.1 200 OK"
2025-07-28 19:59:26,049 - INFO - HTTP Request: POST https://api.notion.com/v1/pages "HTTP/1.1 200 OK"
2025-07-28 19:59:26,097 - INFO - HTTP Request: GET https://api.notion.com/v1/databases/23e035de0731803c9609e369fdbcc16d "HTTP/1.1 200 OK"
2025-07-28 19:59:26,178 - INFO - HTTP Request: GET https://api.notion.com/v1/databases/23e035de0731803c9609e369fdbcc16d "HTTP/1.1 200 OK"
2025-07-28 19:59:26,645 - INFO - HTTP Request: GET https://api.notion.com/v1/databases/23e035de0731803c9609e369fdbcc16d "HTTP/1.1 200 OK"
2025-07-28 19:59:26,923 - INFO - HTTP Request: GET https://api.notion.com/v1/databases/23e035de0731803c9609e369fdbcc16d "HTTP/1.1 200 OK"
2025-07-28 19:59:27,036 - INFO - HTTP Request: GET https://api.notion.com/v1/databases/23e035de0731803c9609e369fdbcc16d "HTTP/1.1 200 OK"
2025-07-28 19:59:27,163 - INFO - HTTP Request: GET https://api.notion.com/v1/databases/23e035de0731803c9609e369fdbcc16d "HTTP/1.1 200 OK"
2025-07-28 19:59:27,390 - INFO - HTTP Request: POST https://api.notion.com/v1/pages "HTTP/1.1 200 OK"
2025-07-28 19:59:27,512 - INFO - HTTP Request: POST https://api.notion.com/v1/pages "HTTP/1.1 200 OK"
2025-07-28 19:59:27,647 - INFO - HTTP Request: POST https://api.notion.com/v1/databases/23e035de0731803c9609e369fdbcc16d/query "HTTP/1.1 200 OK"
2025-07-28 19:59:28,573 - INFO - HTTP Request: GET https://api.notion.com/v1/databases/23e035de0731803c9609e369fdbcc16d "HTTP/1.1 200 OK"
2025-07-28 19:59:28,669 - INFO - HTTP Request: GET https://api.notion.com/v1/databases/23e035de0731803c9609e369fdbcc16d "HTTP/1.1 200 OK"
2025-07-28 19:59:28,964 - INFO - HTTP Request: POST https://api.notion.com/v1/pages "HTTP/1.1 200 OK"
2025-07-28 19:59:29,088 - INFO - HTTP Request: POST https://api.notion.com/v1/pages "HTTP/1.1 200 OK"
2025-07-28 19:59:29,235 - INFO - HTTP Request: POST https://api.notion.com/v1/pages "HTTP/1.1 200 OK"
2025-07-28 19:59:29,736 - INFO - HTTP Request: GET https://api.notion.com/v1/databases/23e035de0731803c9609e369fdbcc16d "HTTP/1.1 200 OK"
2025-07-28 19:59:30,099 - INFO - HTTP Request: GET https://api.notion.com/v1/databases/23e035de0731803c9609e369fdbcc16d "HTTP/1.1 200 OK"
2025-07-28 19:59:30,405 - INFO - HTTP Request: POST https://api.notion.com/v1/pages "HTTP/1.1 200 OK"
2025-07-28 19:59:30,412 - INFO - HTTP Request: POST https://api.notion.com/v1/pages "HTTP/1.1 409 Conflict"
2025-07-28 19:59:30,604 - INFO - HTTP Request: POST https://api.notion.com/v1/databases/23e035de0731803c9609e369fdbcc16d/query "HTTP/1.1 200 OK"
2025-07-28 19:59:30,798 - INFO - HTTP Request: POST https://api.notion.com/v1/pages "HTTP/1.1 200 OK"
2025-07-28 19:59:30,879 - INFO - HTTP Request: GET https://api.notion.com/v1/databases/23e035de0731803c9609e369fdbcc16d "HTTP/1.1 200 OK"
2025-07-28 19:59:31,307 - INFO - HTTP Request: GET https://api.notion.com/v1/databases/23e035de0731803c9609e369fdbcc16d "HTTP/1.1 200 OK"
2025-07-28 19:59:31,320 - INFO - HTTP Request: POST https://api.notion.com/v1/pages "HTTP/1.1 200 OK"
2025-07-28 19:59:31,582 - INFO - HTTP Request: POST https://api.notion.com/v1/databases/23e035de0731803c9609e369fdbcc16d/query "HTTP/1.1 200 OK"
2025-07-28 19:59:31,679 - INFO - HTTP Request: GET https://api.notion.com/v1/databases/23e035de0731803c9609e369fdbcc16d "HTTP/1.1 200 OK"
2025-07-28 19:59:31,837 - INFO - HTTP Request: GET https://api.notion.com/v1/databases/23e035de0731803c9609e369fdbcc16d "HTTP/1.1 200 OK"
2025-07-28 19:59:31,921 - INFO - HTTP Request: GET https://api.notion.com/v1/databases/23e035de0731803c9609e369fdbcc16d "HTTP/1.1 200 OK"
2025-07-28 19:59:32,092 - INFO - HTTP Request: POST https://api.notion.com/v1/pages "HTTP/1.1 200 OK"
2025-07-28 19:59:32,232 - INFO - HTTP Request: GET https://api.notion.com/v1/databases/23e035de0731803c9609e369fdbcc16d "HTTP/1.1 200 OK"
2025-07-28 19:59:32,377 - INFO - HTTP Request: POST https://api.notion.com/v1/pages "HTTP/1.1 200 OK"
2025-07-28 19:59:32,724 - INFO - HTTP Request: POST https://api.notion.com/v1/databases/23e035de0731803c9609e369fdbcc16d/query "HTTP/1.1 200 OK"
2025-07-28 19:59:32,898 - INFO - HTTP Request: GET https://api.notion.com/v1/databases/23e035de0731803c9609e369fdbcc16d "HTTP/1.1 200 OK"
2025-07-28 19:59:33,074 - INFO - HTTP Request: GET https://api.notion.com/v1/databases/23e035de0731803c9609e369fdbcc16d "HTTP/1.1 200 OK"
2025-07-28 19:59:33,390 - INFO - HTTP Request: POST https://api.notion.com/v1/pages "HTTP/1.1 409 Conflict"
2025-07-28 19:59:33,441 - INFO - HTTP Request: POST https://api.notion.com/v1/pages "HTTP/1.1 200 OK"
2025-07-28 19:59:33,459 - INFO - HTTP Request: POST https://api.notion.com/v1/pages "HTTP/1.1 200 OK"
2025-07-28 19:59:33,517 - INFO - HTTP Request: GET https://api.notion.com/v1/databases/23e035de0731803c9609e369fdbcc16d "HTTP/1.1 200 OK"
2025-07-28 19:59:33,550 - INFO - HTTP Request: GET https://api.notion.com/v1/databases/23e035de0731803c9609e369fdbcc16d "HTTP/1.1 200 OK"
2025-07-28 19:59:33,835 - INFO - HTTP Request: GET https://api.notion.com/v1/databases/23e035de0731803c9609e369fdbcc16d "HTTP/1.1 200 OK"
2025-07-28 19:59:33,945 - INFO - HTTP Request: POST https://api.notion.com/v1/pages "HTTP/1.1 200 OK"
2025-07-28 19:59:34,417 - INFO - HTTP Request: POST https://api.notion.com/v1/databases/23e035de0731803c9609e369fdbcc16d/query "HTTP/1.1 200 OK"
2025-07-28 19:59:34,605 - INFO - HTTP Request: GET https://api.notion.com/v1/databases/23e035de0731803c9609e369fdbcc16d "HTTP/1.1 200 OK"
2025-07-28 19:59:34,693 - INFO - HTTP Request: GET https://api.notion.com/v1/databases/23e035de0731803c9609e369fdbcc16d "HTTP/1.1 200 OK"
2025-07-28 19:59:34,699 - INFO - HTTP Request: GET https://api.notion.com/v1/databases/23e035de0731803c9609e369fdbcc16d "HTTP/1.1 200 OK"
2025-07-28 19:59:34,833 - INFO - HTTP Request: POST https://api.notion.com/v1/pages "HTTP/1.1 200 OK"
2025-07-28 19:59:35,014 - INFO - HTTP Request: POST https://api.notion.com/v1/pages "HTTP/1.1 200 OK"
2025-07-28 19:59:35,106 - INFO - HTTP Request: POST https://api.notion.com/v1/pages "HTTP/1.1 200 OK"
2025-07-28 19:59:35,158 - INFO - HTTP Request: GET https://api.notion.com/v1/databases/23e035de0731803c9609e369fdbcc16d "HTTP/1.1 200 OK"
2025-07-28 19:59:35,466 - INFO - HTTP Request: POST https://api.notion.com/v1/databases/23e035de0731803c9609e369fdbcc16d/query "HTTP/1.1 200 OK"
2025-07-28 19:59:35,720 - INFO - HTTP Request: GET https://api.notion.com/v1/databases/23e035de0731803c9609e369fdbcc16d "HTTP/1.1 200 OK"
2025-07-28 19:59:35,860 - INFO - HTTP Request: GET https://api.notion.com/v1/databases/23e035de0731803c9609e369fdbcc16d "HTTP/1.1 200 OK"
2025-07-28 19:59:36,245 - INFO - HTTP Request: GET https://api.notion.com/v1/databases/23e035de0731803c9609e369fdbcc16d "HTTP/1.1 200 OK"
2025-07-28 19:59:36,282 - INFO - HTTP Request: GET https://api.notion.com/v1/databases/23e035de0731803c9609e369fdbcc16d "HTTP/1.1 200 OK"
2025-07-28 19:59:36,573 - INFO - HTTP Request: POST https://api.notion.com/v1/pages "HTTP/1.1 409 Conflict"
2025-07-28 19:59:36,581 - INFO - HTTP Request: POST https://api.notion.com/v1/databases/23e035de0731803c9609e369fdbcc16d/query "HTTP/1.1 200 OK"
2025-07-28 19:59:36,661 - INFO - HTTP Request: POST https://api.notion.com/v1/pages "HTTP/1.1 200 OK"
2025-07-28 19:59:36,719 - INFO - HTTP Request: POST https://api.notion.com/v1/pages "HTTP/1.1 200 OK"
2025-07-28 19:59:37,207 - INFO - HTTP Request: GET https://api.notion.com/v1/databases/23e035de0731803c9609e369fdbcc16d "HTTP/1.1 200 OK"
2025-07-28 19:59:37,518 - INFO - HTTP Request: POST https://api.notion.com/v1/databases/23e035de0731803c9609e369fdbcc16d/query "HTTP/1.1 200 OK"
2025-07-28 19:59:37,929 - INFO - HTTP Request: GET https://api.notion.com/v1/databases/23e035de0731803c9609e369fdbcc16d "HTTP/1.1 200 OK"
2025-07-28 19:59:38,004 - INFO - HTTP Request: GET https://api.notion.com/v1/databases/23e035de0731803c9609e369fdbcc16d "HTTP/1.1 200 OK"
2025-07-28 19:59:38,006 - INFO - HTTP Request: GET https://api.notion.com/v1/databases/23e035de0731803c9609e369fdbcc16d "HTTP/1.1 200 OK"
2025-07-28 19:59:38,035 - INFO - HTTP Request: GET https://api.notion.com/v1/databases/23e035de0731803c9609e369fdbcc16d "HTTP/1.1 200 OK"
2025-07-28 19:59:38,190 - INFO - HTTP Request: POST https://api.notion.com/v1/pages "HTTP/1.1 200 OK"
2025-07-28 19:59:38,207 - INFO - HTTP Request: GET https://api.notion.com/v1/databases/23e035de0731803c9609e369fdbcc16d "HTTP/1.1 200 OK"
2025-07-28 19:59:38,368 - INFO - HTTP Request: POST https://api.notion.com/v1/pages "HTTP/1.1 409 Conflict"
2025-07-28 19:59:38,375 - INFO - HTTP Request: POST https://api.notion.com/v1/pages "HTTP/1.1 200 OK"
2025-07-28 19:59:38,450 - INFO - HTTP Request: POST https://api.notion.com/v1/pages "HTTP/1.1 200 OK"
2025-07-28 19:59:38,485 - INFO - HTTP Request: POST https://api.notion.com/v1/databases/23e035de0731803c9609e369fdbcc16d/query "HTTP/1.1 200 OK"
2025-07-28 19:59:38,525 - INFO - HTTP Request: POST https://api.notion.com/v1/pages "HTTP/1.1 200 OK"
2025-07-28 19:59:39,258 - INFO - HTTP Request: GET https://api.notion.com/v1/databases/23e035de0731803c9609e369fdbcc16d "HTTP/1.1 200 OK"
2025-07-28 19:59:39,315 - INFO - HTTP Request: GET https://api.notion.com/v1/databases/23e035de0731803c9609e369fdbcc16d "HTTP/1.1 200 OK"
2025-07-28 19:59:39,548 - INFO - HTTP Request: POST https://api.notion.com/v1/databases/23e035de0731803c9609e369fdbcc16d/query "HTTP/1.1 200 OK"
2025-07-28 19:59:39,625 - INFO - HTTP Request: GET https://api.notion.com/v1/databases/23e035de0731803c9609e369fdbcc16d "HTTP/1.1 200 OK"
2025-07-28 19:59:39,655 - INFO - HTTP Request: GET https://api.notion.com/v1/databases/23e035de0731803c9609e369fdbcc16d "HTTP/1.1 200 OK"
2025-07-28 19:59:39,672 - INFO - HTTP Request: GET https://api.notion.com/v1/databases/23e035de0731803c9609e369fdbcc16d "HTTP/1.1 200 OK"
2025-07-28 19:59:39,771 - INFO - HTTP Request: POST https://api.notion.com/v1/pages "HTTP/1.1 200 OK"
2025-07-28 19:59:40,011 - INFO - HTTP Request: POST https://api.notion.com/v1/pages "HTTP/1.1 409 Conflict"
2025-07-28 19:59:40,108 - INFO - HTTP Request: POST https://api.notion.com/v1/pages "HTTP/1.1 200 OK"
2025-07-28 19:59:40,315 - INFO - HTTP Request: GET https://api.notion.com/v1/databases/23e035de0731803c9609e369fdbcc16d "HTTP/1.1 200 OK"
2025-07-28 19:59:40,590 - INFO - HTTP Request: POST https://api.notion.com/v1/databases/23e035de0731803c9609e369fdbcc16d/query "HTTP/1.1 200 OK"
2025-07-28 19:59:40,902 - INFO - HTTP Request: GET https://api.notion.com/v1/databases/23e035de0731803c9609e369fdbcc16d "HTTP/1.1 200 OK"
2025-07-28 19:59:40,964 - INFO - HTTP Request: GET https://api.notion.com/v1/databases/23e035de0731803c9609e369fdbcc16d "HTTP/1.1 200 OK"
2025-07-28 19:59:41,179 - INFO - HTTP Request: GET https://api.notion.com/v1/databases/23e035de0731803c9609e369fdbcc16d "HTTP/1.1 200 OK"
2025-07-28 19:59:41,194 - INFO - HTTP Request: GET https://api.notion.com/v1/databases/23e035de0731803c9609e369fdbcc16d "HTTP/1.1 200 OK"
2025-07-28 19:59:41,270 - INFO - HTTP Request: GET https://api.notion.com/v1/databases/23e035de0731803c9609e369fdbcc16d "HTTP/1.1 200 OK"
2025-07-28 19:59:41,385 - INFO - HTTP Request: POST https://api.notion.com/v1/pages "HTTP/1.1 200 OK"
2025-07-28 19:59:41,555 - INFO - HTTP Request: POST https://api.notion.com/v1/databases/23e035de0731803c9609e369fdbcc16d/query "HTTP/1.1 200 OK"
2025-07-28 19:59:41,615 - INFO - HTTP Request: POST https://api.notion.com/v1/pages "HTTP/1.1 409 Conflict"
2025-07-28 19:59:41,631 - INFO - HTTP Request: POST https://api.notion.com/v1/pages "HTTP/1.1 200 OK"
2025-07-28 19:59:41,947 - INFO - HTTP Request: POST https://api.notion.com/v1/pages "HTTP/1.1 200 OK"
2025-07-28 19:59:42,253 - INFO - HTTP Request: GET https://api.notion.com/v1/databases/23e035de0731803c9609e369fdbcc16d "HTTP/1.1 200 OK"
2025-07-28 19:59:42,375 - INFO - HTTP Request: GET https://api.notion.com/v1/databases/23e035de0731803c9609e369fdbcc16d "HTTP/1.1 200 OK"
2025-07-28 19:59:42,714 - INFO - HTTP Request: GET https://api.notion.com/v1/databases/23e035de0731803c9609e369fdbcc16d "HTTP/1.1 200 OK"
2025-07-28 19:59:42,793 - INFO - HTTP Request: POST https://api.notion.com/v1/databases/23e035de0731803c9609e369fdbcc16d/query "HTTP/1.1 200 OK"
2025-07-28 19:59:42,847 - INFO - HTTP Request: POST https://api.notion.com/v1/pages "HTTP/1.1 200 OK"
2025-07-28 19:59:43,019 - INFO - HTTP Request: GET https://api.notion.com/v1/databases/23e035de0731803c9609e369fdbcc16d "HTTP/1.1 200 OK"
2025-07-28 19:59:43,020 - INFO - HTTP Request: POST https://api.notion.com/v1/pages "HTTP/1.1 200 OK"
2025-07-28 19:59:43,171 - INFO - HTTP Request: POST https://api.notion.com/v1/pages "HTTP/1.1 200 OK"
2025-07-28 19:59:43,490 - INFO - HTTP Request: GET https://api.notion.com/v1/databases/23e035de0731803c9609e369fdbcc16d "HTTP/1.1 200 OK"
2025-07-28 19:59:43,527 - INFO - HTTP Request: POST https://api.notion.com/v1/pages "HTTP/1.1 200 OK"
2025-07-28 19:59:44,076 - INFO - HTTP Request: GET https://api.notion.com/v1/databases/23e035de0731803c9609e369fdbcc16d "HTTP/1.1 200 OK"
2025-07-28 19:59:44,081 - INFO - HTTP Request: GET https://api.notion.com/v1/databases/23e035de0731803c9609e369fdbcc16d "HTTP/1.1 200 OK"
2025-07-28 19:59:44,177 - INFO - HTTP Request: GET https://api.notion.com/v1/databases/23e035de0731803c9609e369fdbcc16d "HTTP/1.1 200 OK"
2025-07-28 19:59:44,254 - INFO - HTTP Request: GET https://api.notion.com/v1/databases/23e035de0731803c9609e369fdbcc16d "HTTP/1.1 200 OK"
2025-07-28 19:59:44,361 - INFO - HTTP Request: POST https://api.notion.com/v1/databases/23e035de0731803c9609e369fdbcc16d/query "HTTP/1.1 200 OK"
2025-07-28 19:59:44,571 - INFO - HTTP Request: POST https://api.notion.com/v1/pages "HTTP/1.1 200 OK"
2025-07-28 19:59:44,595 - INFO - HTTP Request: GET https://api.notion.com/v1/databases/23e035de0731803c9609e369fdbcc16d "HTTP/1.1 200 OK"
2025-07-28 19:59:45,011 - INFO - HTTP Request: POST https://api.notion.com/v1/pages "HTTP/1.1 409 Conflict"
2025-07-28 19:59:45,019 - INFO - HTTP Request: POST https://api.notion.com/v1/pages "HTTP/1.1 200 OK"
2025-07-28 19:59:45,028 - INFO - HTTP Request: GET https://api.notion.com/v1/databases/23e035de0731803c9609e369fdbcc16d "HTTP/1.1 200 OK"
2025-07-28 19:59:45,248 - INFO - HTTP Request: POST https://api.notion.com/v1/pages "HTTP/1.1 200 OK"
2025-07-28 19:59:45,293 - INFO - HTTP Request: POST https://api.notion.com/v1/databases/23e035de0731803c9609e369fdbcc16d/query "HTTP/1.1 200 OK"
2025-07-28 19:59:45,566 - INFO - HTTP Request: GET https://api.notion.com/v1/databases/23e035de0731803c9609e369fdbcc16d "HTTP/1.1 200 OK"
2025-07-28 19:59:46,056 - INFO - HTTP Request: POST https://api.notion.com/v1/pages "HTTP/1.1 200 OK"
2025-07-28 19:59:46,401 - INFO - HTTP Request: GET https://api.notion.com/v1/databases/23e035de0731803c9609e369fdbcc16d "HTTP/1.1 200 OK"
2025-07-28 19:59:46,413 - INFO - HTTP Request: GET https://api.notion.com/v1/databases/23e035de0731803c9609e369fdbcc16d "HTTP/1.1 200 OK"
2025-07-28 19:59:46,503 - INFO - HTTP Request: GET https://api.notion.com/v1/databases/23e035de0731803c9609e369fdbcc16d "HTTP/1.1 200 OK"
2025-07-28 19:59:46,762 - INFO - HTTP Request: POST https://api.notion.com/v1/pages "HTTP/1.1 409 Conflict"
2025-07-28 19:59:46,775 - INFO - HTTP Request: POST https://api.notion.com/v1/databases/23e035de0731803c9609e369fdbcc16d/query "HTTP/1.1 200 OK"
2025-07-28 19:59:46,833 - INFO - HTTP Request: POST https://api.notion.com/v1/pages "HTTP/1.1 200 OK"
2025-07-28 19:59:46,838 - INFO - HTTP Request: GET https://api.notion.com/v1/databases/23e035de0731803c9609e369fdbcc16d "HTTP/1.1 200 OK"
2025-07-28 19:59:47,038 - INFO - HTTP Request: POST https://api.notion.com/v1/pages "HTTP/1.1 200 OK"
2025-07-28 19:59:47,320 - INFO - HTTP Request: POST https://api.notion.com/v1/pages "HTTP/1.1 200 OK"
2025-07-28 19:59:47,507 - INFO - HTTP Request: GET https://api.notion.com/v1/databases/23e035de0731803c9609e369fdbcc16d "HTTP/1.1 200 OK"
2025-07-28 19:59:47,722 - INFO - HTTP Request: GET https://api.notion.com/v1/databases/23e035de0731803c9609e369fdbcc16d "HTTP/1.1 200 OK"
2025-07-28 19:59:47,777 - INFO - HTTP Request: POST https://api.notion.com/v1/databases/23e035de0731803c9609e369fdbcc16d/query "HTTP/1.1 200 OK"
2025-07-28 19:59:48,143 - INFO - HTTP Request: GET https://api.notion.com/v1/databases/23e035de0731803c9609e369fdbcc16d "HTTP/1.1 200 OK"
2025-07-28 19:59:48,160 - INFO - HTTP Request: POST https://api.notion.com/v1/pages "HTTP/1.1 200 OK"
2025-07-28 19:59:48,178 - INFO - HTTP Request: GET https://api.notion.com/v1/databases/23e035de0731803c9609e369fdbcc16d "HTTP/1.1 200 OK"
2025-07-28 19:59:48,320 - INFO - HTTP Request: GET https://api.notion.com/v1/databases/23e035de0731803c9609e369fdbcc16d "HTTP/1.1 200 OK"
2025-07-28 19:59:48,511 - INFO - HTTP Request: GET https://api.notion.com/v1/databases/23e035de0731803c9609e369fdbcc16d "HTTP/1.1 200 OK"
2025-07-28 19:59:48,653 - INFO - HTTP Request: POST https://api.notion.com/v1/pages "HTTP/1.1 200 OK"
2025-07-28 19:59:48,707 - INFO - HTTP Request: POST https://api.notion.com/v1/pages "HTTP/1.1 409 Conflict"
2025-07-28 19:59:48,989 - INFO - HTTP Request: POST https://api.notion.com/v1/pages "HTTP/1.1 200 OK"
2025-07-28 19:59:49,036 - INFO - HTTP Request: GET https://api.notion.com/v1/databases/23e035de0731803c9609e369fdbcc16d "HTTP/1.1 200 OK"
2025-07-28 19:59:49,320 - INFO - HTTP Request: POST https://api.notion.com/v1/databases/23e035de0731803c9609e369fdbcc16d/query "HTTP/1.1 200 OK"
2025-07-28 19:59:49,869 - INFO - HTTP Request: GET https://api.notion.com/v1/databases/23e035de0731803c9609e369fdbcc16d "HTTP/1.1 200 OK"
2025-07-28 19:59:50,044 - INFO - HTTP Request: GET https://api.notion.com/v1/databases/23e035de0731803c9609e369fdbcc16d "HTTP/1.1 200 OK"
2025-07-28 19:59:50,091 - INFO - HTTP Request: POST https://api.notion.com/v1/pages "HTTP/1.1 200 OK"
2025-07-28 19:59:50,243 - INFO - HTTP Request: GET https://api.notion.com/v1/databases/23e035de0731803c9609e369fdbcc16d "HTTP/1.1 200 OK"
2025-07-28 19:59:50,287 - INFO - HTTP Request: GET https://api.notion.com/v1/databases/23e035de0731803c9609e369fdbcc16d "HTTP/1.1 200 OK"
2025-07-28 19:59:50,333 - INFO - HTTP Request: POST https://api.notion.com/v1/pages "HTTP/1.1 200 OK"
2025-07-28 19:59:50,442 - INFO - HTTP Request: POST https://api.notion.com/v1/pages "HTTP/1.1 200 OK"
2025-07-28 19:59:50,769 - INFO - HTTP Request: POST https://api.notion.com/v1/pages "HTTP/1.1 200 OK"
2025-07-28 19:59:50,923 - INFO - HTTP Request: POST https://api.notion.com/v1/databases/23e035de0731803c9609e369fdbcc16d/query "HTTP/1.1 200 OK"
2025-07-28 19:59:51,417 - INFO - HTTP Request: GET https://api.notion.com/v1/databases/23e035de0731803c9609e369fdbcc16d "HTTP/1.1 200 OK"
2025-07-28 19:59:51,728 - INFO - HTTP Request: GET https://api.notion.com/v1/databases/23e035de0731803c9609e369fdbcc16d "HTTP/1.1 200 OK"
2025-07-28 19:59:51,746 - INFO - HTTP Request: GET https://api.notion.com/v1/databases/23e035de0731803c9609e369fdbcc16d "HTTP/1.1 200 OK"
2025-07-28 19:59:51,822 - INFO - HTTP Request: GET https://api.notion.com/v1/databases/23e035de0731803c9609e369fdbcc16d "HTTP/1.1 200 OK"
2025-07-28 19:59:51,924 - INFO - HTTP Request: POST https://api.notion.com/v1/pages "HTTP/1.1 200 OK"
2025-07-28 19:59:52,187 - INFO - HTTP Request: POST https://api.notion.com/v1/pages "HTTP/1.1 200 OK"
2025-07-28 19:59:52,195 - INFO - HTTP Request: GET https://api.notion.com/v1/databases/23e035de0731803c9609e369fdbcc16d "HTTP/1.1 200 OK"
2025-07-28 19:59:52,221 - INFO - HTTP Request: POST https://api.notion.com/v1/databases/23e035de0731803c9609e369fdbcc16d/query "HTTP/1.1 200 OK"
2025-07-28 19:59:52,304 - INFO - HTTP Request: GET https://api.notion.com/v1/databases/23e035de0731803c9609e369fdbcc16d "HTTP/1.1 200 OK"
2025-07-28 19:59:52,441 - INFO - HTTP Request: POST https://api.notion.com/v1/pages "HTTP/1.1 200 OK"
2025-07-28 19:59:52,860 - INFO - HTTP Request: POST https://api.notion.com/v1/pages "HTTP/1.1 200 OK"
2025-07-28 19:59:53,043 - INFO - HTTP Request: GET https://api.notion.com/v1/databases/23e035de0731803c9609e369fdbcc16d "HTTP/1.1 200 OK"
2025-07-28 19:59:53,149 - INFO - HTTP Request: GET https://api.notion.com/v1/databases/23e035de0731803c9609e369fdbcc16d "HTTP/1.1 200 OK"
2025-07-28 19:59:53,334 - INFO - HTTP Request: GET https://api.notion.com/v1/databases/23e035de0731803c9609e369fdbcc16d "HTTP/1.1 200 OK"
2025-07-28 19:59:53,524 - INFO - HTTP Request: GET https://api.notion.com/v1/databases/23e035de0731803c9609e369fdbcc16d "HTTP/1.1 200 OK"
2025-07-28 19:59:53,614 - INFO - HTTP Request: POST https://api.notion.com/v1/pages "HTTP/1.1 200 OK"
2025-07-28 19:59:53,841 - INFO - HTTP Request: GET https://api.notion.com/v1/databases/23e035de0731803c9609e369fdbcc16d "HTTP/1.1 200 OK"
2025-07-28 19:59:53,966 - INFO - HTTP Request: POST https://api.notion.com/v1/pages "HTTP/1.1 200 OK"
2025-07-28 19:59:54,436 - INFO - HTTP Request: POST https://api.notion.com/v1/databases/23e035de0731803c9609e369fdbcc16d/query "HTTP/1.1 200 OK"
2025-07-28 19:59:54,511 - INFO - HTTP Request: POST https://api.notion.com/v1/pages "HTTP/1.1 200 OK"
2025-07-28 19:59:54,625 - INFO - HTTP Request: GET https://api.notion.com/v1/databases/23e035de0731803c9609e369fdbcc16d "HTTP/1.1 200 OK"
2025-07-28 19:59:55,112 - INFO - HTTP Request: POST https://api.notion.com/v1/pages "HTTP/1.1 409 Conflict"
2025-07-28 19:59:55,142 - INFO - HTTP Request: POST https://api.notion.com/v1/pages "HTTP/1.1 200 OK"
2025-07-28 19:59:55,147 - INFO - HTTP Request: GET https://api.notion.com/v1/databases/23e035de0731803c9609e369fdbcc16d "HTTP/1.1 200 OK"
2025-07-28 19:59:55,193 - INFO - HTTP Request: GET https://api.notion.com/v1/databases/23e035de0731803c9609e369fdbcc16d "HTTP/1.1 200 OK"
2025-07-28 19:59:55,438 - INFO - HTTP Request: POST https://api.notion.com/v1/databases/23e035de0731803c9609e369fdbcc16d/query "HTTP/1.1 200 OK"
2025-07-28 19:59:55,503 - INFO - HTTP Request: GET https://api.notion.com/v1/databases/23e035de0731803c9609e369fdbcc16d "HTTP/1.1 200 OK"
2025-07-28 19:59:55,608 - INFO - HTTP Request: POST https://api.notion.com/v1/pages "HTTP/1.1 200 OK"
2025-07-28 19:59:55,704 - INFO - HTTP Request: POST https://api.notion.com/v1/pages "HTTP/1.1 200 OK"
2025-07-28 19:59:56,052 - INFO - HTTP Request: POST https://api.notion.com/v1/pages "HTTP/1.1 200 OK"
2025-07-28 19:59:56,257 - INFO - HTTP Request: GET https://api.notion.com/v1/databases/23e035de0731803c9609e369fdbcc16d "HTTP/1.1 200 OK"
2025-07-28 19:59:56,341 - INFO - HTTP Request: GET https://api.notion.com/v1/databases/23e035de0731803c9609e369fdbcc16d "HTTP/1.1 200 OK"
2025-07-28 19:59:56,358 - INFO - HTTP Request: GET https://api.notion.com/v1/databases/23e035de0731803c9609e369fdbcc16d "HTTP/1.1 200 OK"
2025-07-28 19:59:56,566 - INFO - HTTP Request: POST https://api.notion.com/v1/databases/23e035de0731803c9609e369fdbcc16d/query "HTTP/1.1 200 OK"
2025-07-28 19:59:56,676 - INFO - HTTP Request: GET https://api.notion.com/v1/databases/23e035de0731803c9609e369fdbcc16d "HTTP/1.1 200 OK"
2025-07-28 19:59:56,776 - INFO - HTTP Request: POST https://api.notion.com/v1/pages "HTTP/1.1 200 OK"
2025-07-28 19:59:57,325 - INFO - HTTP Request: GET https://api.notion.com/v1/databases/23e035de0731803c9609e369fdbcc16d "HTTP/1.1 200 OK"
2025-07-28 19:59:57,604 - INFO - HTTP Request: GET https://api.notion.com/v1/databases/23e035de0731803c9609e369fdbcc16d "HTTP/1.1 200 OK"
2025-07-28 19:59:57,959 - INFO - HTTP Request: GET https://api.notion.com/v1/databases/23e035de0731803c9609e369fdbcc16d "HTTP/1.1 200 OK"
2025-07-28 19:59:58,027 - INFO - HTTP Request: POST https://api.notion.com/v1/pages "HTTP/1.1 200 OK"
2025-07-28 19:59:58,288 - INFO - HTTP Request: POST https://api.notion.com/v1/pages "HTTP/1.1 200 OK"
2025-07-28 19:59:58,370 - INFO - HTTP Request: POST https://api.notion.com/v1/pages "HTTP/1.1 200 OK"
2025-07-28 19:59:58,406 - INFO - HTTP Request: POST https://api.notion.com/v1/pages "HTTP/1.1 200 OK"
2025-07-28 19:59:58,623 - INFO - HTTP Request: POST https://api.notion.com/v1/pages "HTTP/1.1 200 OK"
2025-07-28 19:59:59,549 - INFO - HTTP Request: GET https://api.notion.com/v1/databases/23e035de0731803c9609e369fdbcc16d "HTTP/1.1 200 OK"
2025-07-28 19:59:59,690 - INFO - HTTP Request: GET https://api.notion.com/v1/databases/23e035de0731803c9609e369fdbcc16d "HTTP/1.1 200 OK"
2025-07-28 19:59:59,729 - INFO - HTTP Request: GET https://api.notion.com/v1/databases/23e035de0731803c9609e369fdbcc16d "HTTP/1.1 200 OK"
2025-07-28 19:59:59,804 - INFO - HTTP Request: GET https://api.notion.com/v1/databases/23e035de0731803c9609e369fdbcc16d "HTTP/1.1 200 OK"
2025-07-28 19:59:59,814 - INFO - HTTP Request: GET https://api.notion.com/v1/databases/23e035de0731803c9609e369fdbcc16d "HTTP/1.1 200 OK"
2025-07-28 20:00:00,259 - INFO - HTTP Request: POST https://api.notion.com/v1/pages "HTTP/1.1 200 OK"
2025-07-28 20:00:01,085 - INFO - HTTP Request: POST https://api.notion.com/v1/pages "HTTP/1.1 200 OK"
2025-07-28 20:00:01,237 - INFO - HTTP Request: POST https://api.notion.com/v1/pages "HTTP/1.1 200 OK"
2025-07-28 20:00:01,604 - ERROR - Error parsing JSON response: 444, message='Attempt to decode JSON with unexpected mimetype: text/html', url='https://api.amemv.com/aweme/v1/aweme/post/?device_platform=android&aid=2955&channel=carplay_xiaoai_2955&sec_user_id=MS4wLjABAAAA7jMhoxxzQ3WksgiMHGF0LPN9yrUL0qbmlXeIy1hM_LANhDYXnH31VVQ0V88ZiRDI&count=10&ts=1753758001&app_type=lite&os_api=25&device_type=PCRT00&ssmix=a&manifest_version_code=9901504&dpi=240&version_code=9901504&app_name=aweme&version_name=9.9.15&device_id=5827988420182290&is_autoplay=true&resolution=720*1208&os_version=7.1.2&language=zh&device_brand=OPPO&ac=wifi&update_version_code=9901504&minor_status=0&_rticket=1753758001000'
2025-07-28 20:00:01,914 - ERROR - Error parsing JSON response: 444, message='Attempt to decode JSON with unexpected mimetype: text/html', url='https://api.amemv.com/aweme/v1/aweme/post/?device_platform=android&aid=2955&channel=carplay_xiaoai_2955&sec_user_id=MS4wLjABAAAAEZTdb_ch9hn5zvTClJ8QRwwFHOIK7uSZsMtk2WU1kUAGs5e7FETZv8pHcNUG7_RP&count=10&ts=1753758001&app_type=lite&os_api=25&device_type=PCRT00&ssmix=a&manifest_version_code=9901504&dpi=240&version_code=9901504&app_name=aweme&version_name=9.9.15&device_id=5827988420182290&is_autoplay=true&resolution=720*1208&os_version=7.1.2&language=zh&device_brand=OPPO&ac=wifi&update_version_code=9901504&minor_status=0&_rticket=1753758001000'
2025-07-28 20:00:02,255 - INFO - HTTP Request: GET https://api.notion.com/v1/databases/23e035de0731803c9609e369fdbcc16d "HTTP/1.1 200 OK"
2025-07-28 20:00:02,281 - INFO - HTTP Request: GET https://api.notion.com/v1/databases/23e035de0731803c9609e369fdbcc16d "HTTP/1.1 200 OK"
2025-07-28 20:00:02,578 - ERROR - Error parsing JSON response: 444, message='Attempt to decode JSON with unexpected mimetype: text/html', url='https://api.amemv.com/aweme/v1/aweme/post/?device_platform=android&aid=2955&channel=carplay_xiaoai_2955&sec_user_id=MS4wLjABAAAA7aTeMcQtWOEezBZB_4l_-PXvyRg-xFyx7O3_q-3MkNIhluauTfuxo4i7Yp690lou&count=10&ts=1753758002&app_type=lite&os_api=25&device_type=PCRT00&ssmix=a&manifest_version_code=9901504&dpi=240&version_code=9901504&app_name=aweme&version_name=9.9.15&device_id=5827988420182290&is_autoplay=true&resolution=720*1208&os_version=7.1.2&language=zh&device_brand=OPPO&ac=wifi&update_version_code=9901504&minor_status=0&_rticket=1753758002000'
2025-07-28 20:00:02,586 - INFO - HTTP Request: POST https://api.notion.com/v1/pages "HTTP/1.1 200 OK"
2025-07-28 20:00:02,773 - INFO - HTTP Request: POST https://api.notion.com/v1/pages "HTTP/1.1 200 OK"
2025-07-28 20:00:03,117 - ERROR - Error parsing JSON response: 444, message='Attempt to decode JSON with unexpected mimetype: text/html', url='https://api.amemv.com/aweme/v1/aweme/post/?device_platform=android&aid=2955&channel=carplay_xiaoai_2955&sec_user_id=MS4wLjABAAAALspbhJp_1Zf1ZwJy2hXrpTNxear8uA-9KmdCT_HQT6k&count=10&ts=1753758002&app_type=lite&os_api=25&device_type=PCRT00&ssmix=a&manifest_version_code=9901504&dpi=240&version_code=9901504&app_name=aweme&version_name=9.9.15&device_id=5827988420182290&is_autoplay=true&resolution=720*1208&os_version=7.1.2&language=zh&device_brand=OPPO&ac=wifi&update_version_code=9901504&minor_status=0&_rticket=1753758002000'
2025-07-28 20:00:03,244 - ERROR - Error parsing JSON response: 444, message='Attempt to decode JSON with unexpected mimetype: text/html', url='https://api.amemv.com/aweme/v1/aweme/post/?device_platform=android&aid=2955&channel=carplay_xiaoai_2955&sec_user_id=MS4wLjABAAAAoPFweCuoKgGJFfJl2K9z_SZMIyLHS7C9KQftgGVupIjlgPT-ro24fIba6lSRY5Km&count=10&ts=1753758002&app_type=lite&os_api=25&device_type=PCRT00&ssmix=a&manifest_version_code=9901504&dpi=240&version_code=9901504&app_name=aweme&version_name=9.9.15&device_id=5827988420182290&is_autoplay=true&resolution=720*1208&os_version=7.1.2&language=zh&device_brand=OPPO&ac=wifi&update_version_code=9901504&minor_status=0&_rticket=1753758002000'
2025-07-28 20:00:03,579 - INFO - HTTP Request: GET https://api.notion.com/v1/databases/23e035de0731803c9609e369fdbcc16d "HTTP/1.1 200 OK"
2025-07-28 20:00:04,305 - INFO - HTTP Request: POST https://api.notion.com/v1/pages "HTTP/1.1 200 OK"
2025-07-28 20:00:04,408 - ERROR - Error parsing JSON response: 444, message='Attempt to decode JSON with unexpected mimetype: text/html', url='https://api.amemv.com/aweme/v1/aweme/post/?device_platform=android&aid=2955&channel=carplay_xiaoai_2955&sec_user_id=MS4wLjABAAAAeYjhjHwAzXXvrluzstQEnXpnZs4Vhf8KndyAyT1hEFr9csFHwCVvn5Ej7P3H0nlC&count=10&ts=1753758004&app_type=lite&os_api=25&device_type=PCRT00&ssmix=a&manifest_version_code=9901504&dpi=240&version_code=9901504&app_name=aweme&version_name=9.9.15&device_id=5827988420182290&is_autoplay=true&resolution=720*1208&os_version=7.1.2&language=zh&device_brand=OPPO&ac=wifi&update_version_code=9901504&minor_status=0&_rticket=1753758004000'
2025-07-28 20:00:04,478 - ERROR - Error parsing JSON response: 444, message='Attempt to decode JSON with unexpected mimetype: text/html', url='https://api.amemv.com/aweme/v1/aweme/post/?device_platform=android&aid=2955&channel=carplay_xiaoai_2955&sec_user_id=MS4wLjABAAAA5VO5xKU39y9v2gMueVkzeQKoxM1X0cShPRJjoJY0IQg&count=10&ts=1753758004&app_type=lite&os_api=25&device_type=PCRT00&ssmix=a&manifest_version_code=9901504&dpi=240&version_code=9901504&app_name=aweme&version_name=9.9.15&device_id=5827988420182290&is_autoplay=true&resolution=720*1208&os_version=7.1.2&language=zh&device_brand=OPPO&ac=wifi&update_version_code=9901504&minor_status=0&_rticket=1753758004000'
2025-07-28 20:00:04,752 - ERROR - Error parsing JSON response: 444, message='Attempt to decode JSON with unexpected mimetype: text/html', url='https://api.amemv.com/aweme/v1/aweme/post/?device_platform=android&aid=2955&channel=carplay_xiaoai_2955&sec_user_id=MS4wLjABAAAAZF_t36B464hNkjUjjMiFbqrEcBM7Cn9RWGid4GJKAxM&count=10&ts=1753758004&app_type=lite&os_api=25&device_type=PCRT00&ssmix=a&manifest_version_code=9901504&dpi=240&version_code=9901504&app_name=aweme&version_name=9.9.15&device_id=5827988420182290&is_autoplay=true&resolution=720*1208&os_version=7.1.2&language=zh&device_brand=OPPO&ac=wifi&update_version_code=9901504&minor_status=0&_rticket=1753758004000'
2025-07-28 20:00:04,753 - ERROR - Error parsing JSON response: 444, message='Attempt to decode JSON with unexpected mimetype: text/html', url='https://api.amemv.com/aweme/v1/aweme/post/?device_platform=android&aid=2955&channel=carplay_xiaoai_2955&sec_user_id=MS4wLjABAAAATgwzsgs6Rxm-d3ZXKy2qQ7XiOs4zM8EnP8Pq1BJEuAhyatNe-QPkPVfHwrp8q5yR&count=10&ts=1753758004&app_type=lite&os_api=25&device_type=PCRT00&ssmix=a&manifest_version_code=9901504&dpi=240&version_code=9901504&app_name=aweme&version_name=9.9.15&device_id=5827988420182290&is_autoplay=true&resolution=720*1208&os_version=7.1.2&language=zh&device_brand=OPPO&ac=wifi&update_version_code=9901504&minor_status=0&_rticket=1753758004000'
2025-07-28 20:00:04,755 - ERROR - Error parsing JSON response: 444, message='Attempt to decode JSON with unexpected mimetype: text/html', url='https://api.amemv.com/aweme/v1/aweme/post/?device_platform=android&aid=2955&channel=carplay_xiaoai_2955&sec_user_id=MS4wLjABAAAAZRKk7tK3zGOGnS4HfnDH9pkdDWx9rANVvQ_UNfxc6N0&count=10&ts=1753758004&app_type=lite&os_api=25&device_type=PCRT00&ssmix=a&manifest_version_code=9901504&dpi=240&version_code=9901504&app_name=aweme&version_name=9.9.15&device_id=5827988420182290&is_autoplay=true&resolution=720*1208&os_version=7.1.2&language=zh&device_brand=OPPO&ac=wifi&update_version_code=9901504&minor_status=0&_rticket=1753758004000'
2025-07-28 20:00:04,768 - ERROR - Error parsing JSON response: 444, message='Attempt to decode JSON with unexpected mimetype: text/html', url='https://api.amemv.com/aweme/v1/aweme/post/?device_platform=android&aid=2955&channel=carplay_xiaoai_2955&sec_user_id=MS4wLjABAAAAZF74VLzgSfa7rPVyrW_iZGKQAk8EsofGqDSj66P-Ox-bYl-6zRzTsbN8eYS8HMS2&count=10&ts=1753758004&app_type=lite&os_api=25&device_type=PCRT00&ssmix=a&manifest_version_code=9901504&dpi=240&version_code=9901504&app_name=aweme&version_name=9.9.15&device_id=5827988420182290&is_autoplay=true&resolution=720*1208&os_version=7.1.2&language=zh&device_brand=OPPO&ac=wifi&update_version_code=9901504&minor_status=0&_rticket=1753758004000'
2025-07-28 20:00:04,770 - ERROR - Error parsing JSON response: 444, message='Attempt to decode JSON with unexpected mimetype: text/html', url='https://api.amemv.com/aweme/v1/aweme/post/?device_platform=android&aid=2955&channel=carplay_xiaoai_2955&sec_user_id=MS4wLjABAAAAtMR2NQpnWcLBY49ivR3cLf6pPzMgDHDjQL8LwVnTwO1tAr6g-8YH4-sfAQhw7c-S&count=10&ts=1753758004&app_type=lite&os_api=25&device_type=PCRT00&ssmix=a&manifest_version_code=9901504&dpi=240&version_code=9901504&app_name=aweme&version_name=9.9.15&device_id=5827988420182290&is_autoplay=true&resolution=720*1208&os_version=7.1.2&language=zh&device_brand=OPPO&ac=wifi&update_version_code=9901504&minor_status=0&_rticket=1753758004000'
2025-07-28 20:00:04,783 - ERROR - Error parsing JSON response: 444, message='Attempt to decode JSON with unexpected mimetype: text/html', url='https://api.amemv.com/aweme/v1/aweme/post/?device_platform=android&aid=2955&channel=carplay_xiaoai_2955&sec_user_id=MS4wLjABAAAAyVlqn7v3jIfDZbOD6xXQ0pNKZ0vYl0E903CMilMPX4I&count=10&ts=1753758004&app_type=lite&os_api=25&device_type=PCRT00&ssmix=a&manifest_version_code=9901504&dpi=240&version_code=9901504&app_name=aweme&version_name=9.9.15&device_id=5827988420182290&is_autoplay=true&resolution=720*1208&os_version=7.1.2&language=zh&device_brand=OPPO&ac=wifi&update_version_code=9901504&minor_status=0&_rticket=1753758004000'
2025-07-28 20:00:04,856 - INFO - HTTP Request: GET https://api.notion.com/v1/databases/23e035de0731803c9609e369fdbcc16d "HTTP/1.1 200 OK"
2025-07-28 20:00:04,952 - ERROR - Error parsing JSON response: 444, message='Attempt to decode JSON with unexpected mimetype: text/html', url='https://api.amemv.com/aweme/v1/aweme/post/?device_platform=android&aid=2955&channel=carplay_xiaoai_2955&sec_user_id=MS4wLjABAAAAYQg5HP8hRrjFFEFPU310CrRzagM38Wx0PaQ4CvNs4Es&count=10&ts=1753758004&app_type=lite&os_api=25&device_type=PCRT00&ssmix=a&manifest_version_code=9901504&dpi=240&version_code=9901504&app_name=aweme&version_name=9.9.15&device_id=5827988420182290&is_autoplay=true&resolution=720*1208&os_version=7.1.2&language=zh&device_brand=OPPO&ac=wifi&update_version_code=9901504&minor_status=0&_rticket=1753758004000'
2025-07-28 20:00:05,233 - INFO - HTTP Request: GET https://api.notion.com/v1/databases/23e035de0731803c9609e369fdbcc16d "HTTP/1.1 200 OK"
2025-07-28 20:00:05,400 - INFO - HTTP Request: POST https://api.notion.com/v1/pages "HTTP/1.1 409 Conflict"
2025-07-28 20:00:05,513 - ERROR - Error parsing JSON response: 444, message='Attempt to decode JSON with unexpected mimetype: text/html', url='https://api.amemv.com/aweme/v1/aweme/post/?device_platform=android&aid=2955&channel=carplay_xiaoai_2955&sec_user_id=MS4wLjABAAAA4MuHz053NeJfCrpMBqkEVwYhTYlo6Eqb80cIbsfWSeSAoQVwqXNrcw9OdvvdmK1S&count=10&ts=1753758005&app_type=lite&os_api=25&device_type=PCRT00&ssmix=a&manifest_version_code=9901504&dpi=240&version_code=9901504&app_name=aweme&version_name=9.9.15&device_id=5827988420182290&is_autoplay=true&resolution=720*1208&os_version=7.1.2&language=zh&device_brand=OPPO&ac=wifi&update_version_code=9901504&minor_status=0&_rticket=1753758005000'
2025-07-28 20:00:05,754 - INFO - HTTP Request: POST https://api.notion.com/v1/pages "HTTP/1.1 200 OK"
2025-07-28 20:00:05,799 - ERROR - Error parsing JSON response: 444, message='Attempt to decode JSON with unexpected mimetype: text/html', url='https://api.amemv.com/aweme/v1/aweme/post/?device_platform=android&aid=2955&channel=carplay_xiaoai_2955&sec_user_id=MS4wLjABAAAAdTh5WF6aSIvXoplbhCYrrkucPWgKRtS9crtGke1RmOo&count=10&ts=1753758005&app_type=lite&os_api=25&device_type=PCRT00&ssmix=a&manifest_version_code=9901504&dpi=240&version_code=9901504&app_name=aweme&version_name=9.9.15&device_id=5827988420182290&is_autoplay=true&resolution=720*1208&os_version=7.1.2&language=zh&device_brand=OPPO&ac=wifi&update_version_code=9901504&minor_status=0&_rticket=1753758005000'
2025-07-28 20:00:06,018 - INFO - HTTP Request: GET https://api.notion.com/v1/databases/23e035de0731803c9609e369fdbcc16d "HTTP/1.1 200 OK"
2025-07-28 20:00:06,165 - INFO - HTTP Request: POST https://api.notion.com/v1/pages "HTTP/1.1 200 OK"
2025-07-28 20:00:06,372 - INFO - HTTP Request: GET https://api.notion.com/v1/databases/23e035de0731803c9609e369fdbcc16d "HTTP/1.1 200 OK"
2025-07-28 20:00:06,461 - INFO - HTTP Request: POST https://api.notion.com/v1/pages "HTTP/1.1 200 OK"
2025-07-28 20:00:06,743 - INFO - HTTP Request: GET https://api.notion.com/v1/databases/23e035de0731803c9609e369fdbcc16d "HTTP/1.1 200 OK"
2025-07-28 20:00:06,816 - INFO - HTTP Request: POST https://api.notion.com/v1/pages "HTTP/1.1 200 OK"
2025-07-28 20:00:06,818 - ERROR - Error parsing JSON response: 444, message='Attempt to decode JSON with unexpected mimetype: text/html', url='https://api.amemv.com/aweme/v1/aweme/post/?device_platform=android&aid=2955&channel=carplay_xiaoai_2955&sec_user_id=MS4wLjABAAAA4KhfTGg2GcuZL-UzoKMrQLGuMVkcbUAh0LGxYgwp_Sk&count=10&ts=1753758006&app_type=lite&os_api=25&device_type=PCRT00&ssmix=a&manifest_version_code=9901504&dpi=240&version_code=9901504&app_name=aweme&version_name=9.9.15&device_id=5827988420182290&is_autoplay=true&resolution=720*1208&os_version=7.1.2&language=zh&device_brand=OPPO&ac=wifi&update_version_code=9901504&minor_status=0&_rticket=1753758006000'
2025-07-28 20:00:07,101 - INFO - HTTP Request: GET https://api.notion.com/v1/databases/23e035de0731803c9609e369fdbcc16d "HTTP/1.1 200 OK"
2025-07-28 20:00:07,112 - ERROR - Error parsing JSON response: 444, message='Attempt to decode JSON with unexpected mimetype: text/html', url='https://api.amemv.com/aweme/v1/aweme/post/?device_platform=android&aid=2955&channel=carplay_xiaoai_2955&sec_user_id=MS4wLjABAAAAdS2Dhnuhq0sED5r0_M0EXKHJ5n2KdsRkXBzdOgEyuZ9QxnobxpQIeHCDetvccuNl&count=10&ts=1753758006&app_type=lite&os_api=25&device_type=PCRT00&ssmix=a&manifest_version_code=9901504&dpi=240&version_code=9901504&app_name=aweme&version_name=9.9.15&device_id=5827988420182290&is_autoplay=true&resolution=720*1208&os_version=7.1.2&language=zh&device_brand=OPPO&ac=wifi&update_version_code=9901504&minor_status=0&_rticket=1753758006000'
2025-07-28 20:00:07,516 - INFO - HTTP Request: GET https://api.notion.com/v1/databases/23e035de0731803c9609e369fdbcc16d "HTTP/1.1 200 OK"
2025-07-28 20:00:07,830 - INFO - HTTP Request: GET https://api.notion.com/v1/databases/23e035de0731803c9609e369fdbcc16d "HTTP/1.1 200 OK"
2025-07-28 20:00:07,836 - ERROR - Error parsing JSON response: 444, message='Attempt to decode JSON with unexpected mimetype: text/html', url='https://api.amemv.com/aweme/v1/aweme/post/?device_platform=android&aid=2955&channel=carplay_xiaoai_2955&sec_user_id=MS4wLjABAAAA2Wu4TpjbvOTZAm-s6FoxWxNf8hUik_gjfDrYVI0JMb22hRb7nvbOaPFGhLxW0gBa&count=10&ts=1753758007&app_type=lite&os_api=25&device_type=PCRT00&ssmix=a&manifest_version_code=9901504&dpi=240&version_code=9901504&app_name=aweme&version_name=9.9.15&device_id=5827988420182290&is_autoplay=true&resolution=720*1208&os_version=7.1.2&language=zh&device_brand=OPPO&ac=wifi&update_version_code=9901504&minor_status=0&_rticket=1753758007000'
2025-07-28 20:00:08,129 - ERROR - Error parsing JSON response: 444, message='Attempt to decode JSON with unexpected mimetype: text/html', url='https://api.amemv.com/aweme/v1/aweme/post/?device_platform=android&aid=2955&channel=carplay_xiaoai_2955&sec_user_id=MS4wLjABAAAADHBjvMEAguh6bZi8KKGTOTiUEvPSYsSWJJRLOdfs2g61Do-k9z6XoNWSPnvPkzu-&count=10&ts=1753758007&app_type=lite&os_api=25&device_type=PCRT00&ssmix=a&manifest_version_code=9901504&dpi=240&version_code=9901504&app_name=aweme&version_name=9.9.15&device_id=5827988420182290&is_autoplay=true&resolution=720*1208&os_version=7.1.2&language=zh&device_brand=OPPO&ac=wifi&update_version_code=9901504&minor_status=0&_rticket=1753758007000'
2025-07-28 20:00:08,287 - INFO - HTTP Request: POST https://api.notion.com/v1/pages "HTTP/1.1 200 OK"
2025-07-28 20:00:08,651 - INFO - HTTP Request: POST https://api.notion.com/v1/pages "HTTP/1.1 200 OK"
2025-07-28 20:00:09,340 - ERROR - Error parsing JSON response: 444, message='Attempt to decode JSON with unexpected mimetype: text/html', url='https://api.amemv.com/aweme/v1/aweme/post/?device_platform=android&aid=2955&channel=carplay_xiaoai_2955&sec_user_id=MS4wLjABAAAA2nCdyVFmLYNfeLneaG1mDoOq7aREXsFDhBldCMt-eoNPyYSYplbQWx-LX9y_CgCJ&count=10&ts=1753758009&app_type=lite&os_api=25&device_type=PCRT00&ssmix=a&manifest_version_code=9901504&dpi=240&version_code=9901504&app_name=aweme&version_name=9.9.15&device_id=5827988420182290&is_autoplay=true&resolution=720*1208&os_version=7.1.2&language=zh&device_brand=OPPO&ac=wifi&update_version_code=9901504&minor_status=0&_rticket=1753758009000'
2025-07-28 20:00:09,341 - ERROR - Error parsing JSON response: 444, message='Attempt to decode JSON with unexpected mimetype: text/html', url='https://api.amemv.com/aweme/v1/aweme/post/?device_platform=android&aid=2955&channel=carplay_xiaoai_2955&sec_user_id=MS4wLjABAAAAyq2_7O7RW_0KNgsr3WMrXCH2gqhY_QAd9Oezb6zGfVk&count=10&ts=1753758009&app_type=lite&os_api=25&device_type=PCRT00&ssmix=a&manifest_version_code=9901504&dpi=240&version_code=9901504&app_name=aweme&version_name=9.9.15&device_id=5827988420182290&is_autoplay=true&resolution=720*1208&os_version=7.1.2&language=zh&device_brand=OPPO&ac=wifi&update_version_code=9901504&minor_status=0&_rticket=1753758009000'
2025-07-28 20:00:09,348 - ERROR - Error parsing JSON response: 444, message='Attempt to decode JSON with unexpected mimetype: text/html', url='https://api.amemv.com/aweme/v1/aweme/post/?device_platform=android&aid=2955&channel=carplay_xiaoai_2955&sec_user_id=MS4wLjABAAAARAA3sT5F4647X4xSaP6-05ImJA_rDfGIDDpMF28z1Zw&count=10&ts=1753758009&app_type=lite&os_api=25&device_type=PCRT00&ssmix=a&manifest_version_code=9901504&dpi=240&version_code=9901504&app_name=aweme&version_name=9.9.15&device_id=5827988420182290&is_autoplay=true&resolution=720*1208&os_version=7.1.2&language=zh&device_brand=OPPO&ac=wifi&update_version_code=9901504&minor_status=0&_rticket=1753758009000'
2025-07-28 20:00:09,357 - ERROR - Error parsing JSON response: 444, message='Attempt to decode JSON with unexpected mimetype: text/html', url='https://api.amemv.com/aweme/v1/aweme/post/?device_platform=android&aid=2955&channel=carplay_xiaoai_2955&sec_user_id=MS4wLjABAAAAJDqZ40zZ078qx3fHjOpP0VeXKRTPAhBk8VCa1VM39NfTHganXRl5EFFYYog5cPZB&count=10&ts=1753758009&app_type=lite&os_api=25&device_type=PCRT00&ssmix=a&manifest_version_code=9901504&dpi=240&version_code=9901504&app_name=aweme&version_name=9.9.15&device_id=5827988420182290&is_autoplay=true&resolution=720*1208&os_version=7.1.2&language=zh&device_brand=OPPO&ac=wifi&update_version_code=9901504&minor_status=0&_rticket=1753758009000'
2025-07-28 20:00:09,367 - ERROR - Error parsing JSON response: 444, message='Attempt to decode JSON with unexpected mimetype: text/html', url='https://api.amemv.com/aweme/v1/aweme/post/?device_platform=android&aid=2955&channel=carplay_xiaoai_2955&sec_user_id=MS4wLjABAAAALCcsDotQhAW-nhlgds2RuHmmq0VqqDiSL1uA5rw_Qyu-ItnpAYG-yPQxtnuDTa0x&count=10&ts=1753758009&app_type=lite&os_api=25&device_type=PCRT00&ssmix=a&manifest_version_code=9901504&dpi=240&version_code=9901504&app_name=aweme&version_name=9.9.15&device_id=5827988420182290&is_autoplay=true&resolution=720*1208&os_version=7.1.2&language=zh&device_brand=OPPO&ac=wifi&update_version_code=9901504&minor_status=0&_rticket=1753758009000'
2025-07-28 20:00:09,392 - ERROR - Error parsing JSON response: 444, message='Attempt to decode JSON with unexpected mimetype: text/html', url='https://api.amemv.com/aweme/v1/aweme/post/?device_platform=android&aid=2955&channel=carplay_xiaoai_2955&sec_user_id=MS4wLjABAAAAXxxbZHRGh0KLdWq-wblUbD3Dzi3tP7dYlY5MARZ-uu5ZCS5laVWHfbOplEw_Yk4z&count=10&ts=1753758009&app_type=lite&os_api=25&device_type=PCRT00&ssmix=a&manifest_version_code=9901504&dpi=240&version_code=9901504&app_name=aweme&version_name=9.9.15&device_id=5827988420182290&is_autoplay=true&resolution=720*1208&os_version=7.1.2&language=zh&device_brand=OPPO&ac=wifi&update_version_code=9901504&minor_status=0&_rticket=1753758009000'
2025-07-28 20:00:10,569 - ERROR - Error parsing JSON response: 444, message='Attempt to decode JSON with unexpected mimetype: text/html', url='https://api.amemv.com/aweme/v1/aweme/post/?device_platform=android&aid=2955&channel=carplay_xiaoai_2955&sec_user_id=MS4wLjABAAAA2iXK3Iw5F7GD8VIQELfWjEJL5gaEqLWRINVpGQ8eqdJgXYM8f9gDf2TZIv3tKB9C&count=10&ts=1753758010&app_type=lite&os_api=25&device_type=PCRT00&ssmix=a&manifest_version_code=9901504&dpi=240&version_code=9901504&app_name=aweme&version_name=9.9.15&device_id=5827988420182290&is_autoplay=true&resolution=720*1208&os_version=7.1.2&language=zh&device_brand=OPPO&ac=wifi&update_version_code=9901504&minor_status=0&_rticket=1753758010000'
2025-07-28 20:00:10,769 - INFO - HTTP Request: GET https://api.notion.com/v1/databases/23e035de0731803c9609e369fdbcc16d "HTTP/1.1 200 OK"
2025-07-28 20:00:10,837 - INFO - HTTP Request: POST https://api.notion.com/v1/pages "HTTP/1.1 409 Conflict"
2025-07-28 20:00:10,888 - INFO - HTTP Request: GET https://api.notion.com/v1/databases/23e035de0731803c9609e369fdbcc16d "HTTP/1.1 200 OK"
2025-07-28 20:00:10,968 - INFO - HTTP Request: POST https://api.notion.com/v1/pages "HTTP/1.1 200 OK"
2025-07-28 20:00:11,278 - INFO - HTTP Request: POST https://api.notion.com/v1/pages "HTTP/1.1 200 OK"
2025-07-28 20:00:11,355 - ERROR - Error parsing JSON response: 444, message='Attempt to decode JSON with unexpected mimetype: text/html', url='https://api.amemv.com/aweme/v1/aweme/post/?device_platform=android&aid=2955&channel=carplay_xiaoai_2955&sec_user_id=MS4wLjABAAAAcwgCBTlFzHJddGP_aTNi580VP1DuSw9BiebXR2huvM3W11Ae4NMIVqQ6cAVtDn7c&count=10&ts=1753758010&app_type=lite&os_api=25&device_type=PCRT00&ssmix=a&manifest_version_code=9901504&dpi=240&version_code=9901504&app_name=aweme&version_name=9.9.15&device_id=5827988420182290&is_autoplay=true&resolution=720*1208&os_version=7.1.2&language=zh&device_brand=OPPO&ac=wifi&update_version_code=9901504&minor_status=0&_rticket=1753758010000'
2025-07-28 20:00:11,940 - INFO - HTTP Request: POST https://api.notion.com/v1/pages "HTTP/1.1 200 OK"
2025-07-28 20:00:12,028 - ERROR - Error parsing JSON response: 444, message='Attempt to decode JSON with unexpected mimetype: text/html', url='https://api.amemv.com/aweme/v1/aweme/post/?device_platform=android&aid=2955&channel=carplay_xiaoai_2955&sec_user_id=MS4wLjABAAAAqeBdPsr99p8BsNhwBI2dmvzn32bc-0A90kOMgh0QLpoGM3tVa5d4iZ0K-NJ-s67T&count=10&ts=1753758011&app_type=lite&os_api=25&device_type=PCRT00&ssmix=a&manifest_version_code=9901504&dpi=240&version_code=9901504&app_name=aweme&version_name=9.9.15&device_id=5827988420182290&is_autoplay=true&resolution=720*1208&os_version=7.1.2&language=zh&device_brand=OPPO&ac=wifi&update_version_code=9901504&minor_status=0&_rticket=1753758011000'
2025-07-28 20:00:12,046 - ERROR - Error parsing JSON response: 444, message='Attempt to decode JSON with unexpected mimetype: text/html', url='https://api.amemv.com/aweme/v1/aweme/post/?device_platform=android&aid=2955&channel=carplay_xiaoai_2955&sec_user_id=MS4wLjABAAAA1f0KmWiPEjwKNQBhZ_NxaTuxn7iFbmow7Jo_FT5my8M&count=10&ts=1753758011&app_type=lite&os_api=25&device_type=PCRT00&ssmix=a&manifest_version_code=9901504&dpi=240&version_code=9901504&app_name=aweme&version_name=9.9.15&device_id=5827988420182290&is_autoplay=true&resolution=720*1208&os_version=7.1.2&language=zh&device_brand=OPPO&ac=wifi&update_version_code=9901504&minor_status=0&_rticket=1753758011000'
2025-07-28 20:00:12,072 - ERROR - Error parsing JSON response: 444, message='Attempt to decode JSON with unexpected mimetype: text/html', url='https://api.amemv.com/aweme/v1/aweme/post/?device_platform=android&aid=2955&channel=carplay_xiaoai_2955&sec_user_id=MS4wLjABAAAAxKq_dqN2RW8emJzNJFqxpOxKoOQsSWxM3PoEZ208oeE&count=10&ts=1753758011&app_type=lite&os_api=25&device_type=PCRT00&ssmix=a&manifest_version_code=9901504&dpi=240&version_code=9901504&app_name=aweme&version_name=9.9.15&device_id=5827988420182290&is_autoplay=true&resolution=720*1208&os_version=7.1.2&language=zh&device_brand=OPPO&ac=wifi&update_version_code=9901504&minor_status=0&_rticket=1753758011000'
2025-07-28 20:00:12,106 - ERROR - Error parsing JSON response: 444, message='Attempt to decode JSON with unexpected mimetype: text/html', url='https://api.amemv.com/aweme/v1/aweme/post/?device_platform=android&aid=2955&channel=carplay_xiaoai_2955&sec_user_id=MS4wLjABAAAAxDJT8TLetAJZTMIvPVM9AkrMJRQ7fHyPP99xusRDd4NhY0VUIno9mAA6_MKPEMzw&count=10&ts=1753758011&app_type=lite&os_api=25&device_type=PCRT00&ssmix=a&manifest_version_code=9901504&dpi=240&version_code=9901504&app_name=aweme&version_name=9.9.15&device_id=5827988420182290&is_autoplay=true&resolution=720*1208&os_version=7.1.2&language=zh&device_brand=OPPO&ac=wifi&update_version_code=9901504&minor_status=0&_rticket=1753758011000'
2025-07-28 20:00:12,189 - ERROR - Error parsing JSON response: 444, message='Attempt to decode JSON with unexpected mimetype: text/html', url='https://api.amemv.com/aweme/v1/aweme/post/?device_platform=android&aid=2955&channel=carplay_xiaoai_2955&sec_user_id=MS4wLjABAAAAwsUnL_btVC3YLT3dd_pqW0bIn-tIvp4Ca7Ob3Xj836k&count=10&ts=1753758011&app_type=lite&os_api=25&device_type=PCRT00&ssmix=a&manifest_version_code=9901504&dpi=240&version_code=9901504&app_name=aweme&version_name=9.9.15&device_id=5827988420182290&is_autoplay=true&resolution=720*1208&os_version=7.1.2&language=zh&device_brand=OPPO&ac=wifi&update_version_code=9901504&minor_status=0&_rticket=1753758011000'
2025-07-28 20:00:12,206 - INFO - HTTP Request: GET https://api.notion.com/v1/databases/23e035de0731803c9609e369fdbcc16d "HTTP/1.1 200 OK"
2025-07-28 20:00:12,249 - INFO - HTTP Request: GET https://api.notion.com/v1/databases/23e035de0731803c9609e369fdbcc16d "HTTP/1.1 200 OK"
2025-07-28 20:00:12,567 - ERROR - Error parsing JSON response: 444, message='Attempt to decode JSON with unexpected mimetype: text/html', url='https://api.amemv.com/aweme/v1/aweme/post/?device_platform=android&aid=2955&channel=carplay_xiaoai_2955&sec_user_id=MS4wLjABAAAAwDbCwnxisfMw7Hi8b_2SoKu1NURFyzfcJA3TqeIJ5OlMPAUSackNAslPjBsmm7W_&count=10&ts=1753758012&app_type=lite&os_api=25&device_type=PCRT00&ssmix=a&manifest_version_code=9901504&dpi=240&version_code=9901504&app_name=aweme&version_name=9.9.15&device_id=5827988420182290&is_autoplay=true&resolution=720*1208&os_version=7.1.2&language=zh&device_brand=OPPO&ac=wifi&update_version_code=9901504&minor_status=0&_rticket=1753758012000'
2025-07-28 20:00:12,572 - ERROR - Error parsing JSON response: 444, message='Attempt to decode JSON with unexpected mimetype: text/html', url='https://api.amemv.com/aweme/v1/aweme/post/?device_platform=android&aid=2955&channel=carplay_xiaoai_2955&sec_user_id=MS4wLjABAAAAJ7D3jnulMh34WTF1lDbdqsSbN0dXH4GTUpP30hbMOZeLHp-skUqtHM6rB6DjWPS5&count=10&ts=1753758012&app_type=lite&os_api=25&device_type=PCRT00&ssmix=a&manifest_version_code=9901504&dpi=240&version_code=9901504&app_name=aweme&version_name=9.9.15&device_id=5827988420182290&is_autoplay=true&resolution=720*1208&os_version=7.1.2&language=zh&device_brand=OPPO&ac=wifi&update_version_code=9901504&minor_status=0&_rticket=1753758012000'
2025-07-28 20:00:12,603 - ERROR - Error parsing JSON response: 444, message='Attempt to decode JSON with unexpected mimetype: text/html', url='https://api.amemv.com/aweme/v1/aweme/post/?device_platform=android&aid=2955&channel=carplay_xiaoai_2955&sec_user_id=MS4wLjABAAAACnPiXPG_toBmjiPo3iwxb9aSOwwjKYNQmka-tPCMVUdYGEpqqEoihUGW35QnT7OO&count=10&ts=1753758012&app_type=lite&os_api=25&device_type=PCRT00&ssmix=a&manifest_version_code=9901504&dpi=240&version_code=9901504&app_name=aweme&version_name=9.9.15&device_id=5827988420182290&is_autoplay=true&resolution=720*1208&os_version=7.1.2&language=zh&device_brand=OPPO&ac=wifi&update_version_code=9901504&minor_status=0&_rticket=1753758012000'
2025-07-28 20:00:12,632 - ERROR - Error parsing JSON response: 444, message='Attempt to decode JSON with unexpected mimetype: text/html', url='https://api.amemv.com/aweme/v1/aweme/post/?device_platform=android&aid=2955&channel=carplay_xiaoai_2955&sec_user_id=MS4wLjABAAAAoZE3xJmJ1bTZFMEUhoRWvLnN6tlr467eYQoe8yfEn9yhEwwu6ynwZEKLOhmAyEzJ&count=10&ts=1753758012&app_type=lite&os_api=25&device_type=PCRT00&ssmix=a&manifest_version_code=9901504&dpi=240&version_code=9901504&app_name=aweme&version_name=9.9.15&device_id=5827988420182290&is_autoplay=true&resolution=720*1208&os_version=7.1.2&language=zh&device_brand=OPPO&ac=wifi&update_version_code=9901504&minor_status=0&_rticket=1753758012000'
2025-07-28 20:00:12,743 - INFO - HTTP Request: POST https://api.notion.com/v1/pages "HTTP/1.1 200 OK"
2025-07-28 20:00:12,890 - INFO - HTTP Request: POST https://api.notion.com/v1/pages "HTTP/1.1 200 OK"
2025-07-28 20:00:13,104 - INFO - HTTP Request: GET https://api.notion.com/v1/databases/23e035de0731803c9609e369fdbcc16d "HTTP/1.1 200 OK"
2025-07-28 20:00:13,371 - ERROR - Error parsing JSON response: 444, message='Attempt to decode JSON with unexpected mimetype: text/html', url='https://api.amemv.com/aweme/v1/aweme/post/?device_platform=android&aid=2955&channel=carplay_xiaoai_2955&sec_user_id=MS4wLjABAAAA1dHamu8WOopdVUBNFqbFTBdIIm22k2rond04aHvQEYFim0uC9buFZBKP1K3ToyuI&count=10&ts=1753758013&app_type=lite&os_api=25&device_type=PCRT00&ssmix=a&manifest_version_code=9901504&dpi=240&version_code=9901504&app_name=aweme&version_name=9.9.15&device_id=5827988420182290&is_autoplay=true&resolution=720*1208&os_version=7.1.2&language=zh&device_brand=OPPO&ac=wifi&update_version_code=9901504&minor_status=0&_rticket=1753758013000'
2025-07-28 20:00:13,655 - INFO - HTTP Request: POST https://api.notion.com/v1/pages "HTTP/1.1 200 OK"
2025-07-28 20:00:14,211 - INFO - HTTP Request: GET https://api.notion.com/v1/databases/23e035de0731803c9609e369fdbcc16d "HTTP/1.1 200 OK"
2025-07-28 20:00:14,325 - INFO - HTTP Request: POST https://api.notion.com/v1/pages "HTTP/1.1 409 Conflict"
2025-07-28 20:00:14,653 - INFO - HTTP Request: GET https://api.notion.com/v1/databases/23e035de0731803c9609e369fdbcc16d "HTTP/1.1 200 OK"
2025-07-28 20:00:14,738 - ERROR - Error parsing JSON response: 444, message='Attempt to decode JSON with unexpected mimetype: text/html', url='https://api.amemv.com/aweme/v1/aweme/post/?device_platform=android&aid=2955&channel=carplay_xiaoai_2955&sec_user_id=MS4wLjABAAAAC0j6CPvwiYo2b9AJkn3tMv4OPqlw2vYuwEEGZc0lhoYmds7Z1tAoBUuImhS5AfgX&count=10&ts=1753758014&app_type=lite&os_api=25&device_type=PCRT00&ssmix=a&manifest_version_code=9901504&dpi=240&version_code=9901504&app_name=aweme&version_name=9.9.15&device_id=5827988420182290&is_autoplay=true&resolution=720*1208&os_version=7.1.2&language=zh&device_brand=OPPO&ac=wifi&update_version_code=9901504&minor_status=0&_rticket=1753758014000'
2025-07-28 20:00:14,836 - ERROR - Error parsing JSON response: 444, message='Attempt to decode JSON with unexpected mimetype: text/html', url='https://api.amemv.com/aweme/v1/aweme/post/?device_platform=android&aid=2955&channel=carplay_xiaoai_2955&sec_user_id=MS4wLjABAAAAS8pO2Kvu5uuF7E-DPgqkiR31bDVa0TBlsM_LjjL_VDbbZ3JDDEBZ8QMnOsxh0Jdd&count=10&ts=1753758014&app_type=lite&os_api=25&device_type=PCRT00&ssmix=a&manifest_version_code=9901504&dpi=240&version_code=9901504&app_name=aweme&version_name=9.9.15&device_id=5827988420182290&is_autoplay=true&resolution=720*1208&os_version=7.1.2&language=zh&device_brand=OPPO&ac=wifi&update_version_code=9901504&minor_status=0&_rticket=1753758014000'
2025-07-28 20:00:14,839 - ERROR - Error parsing JSON response: 444, message='Attempt to decode JSON with unexpected mimetype: text/html', url='https://api.amemv.com/aweme/v1/aweme/post/?device_platform=android&aid=2955&channel=carplay_xiaoai_2955&sec_user_id=MS4wLjABAAAAguGPS61bi_za9hIt9X_mjrLgBDArH4LQguxoMORsCi4dh2Qnd5gq1yFqu5NvZew5&count=10&ts=1753758014&app_type=lite&os_api=25&device_type=PCRT00&ssmix=a&manifest_version_code=9901504&dpi=240&version_code=9901504&app_name=aweme&version_name=9.9.15&device_id=5827988420182290&is_autoplay=true&resolution=720*1208&os_version=7.1.2&language=zh&device_brand=OPPO&ac=wifi&update_version_code=9901504&minor_status=0&_rticket=1753758014000'
2025-07-28 20:00:14,988 - INFO - HTTP Request: GET https://api.notion.com/v1/databases/23e035de0731803c9609e369fdbcc16d "HTTP/1.1 200 OK"
2025-07-28 20:00:15,353 - INFO - HTTP Request: GET https://api.notion.com/v1/databases/23e035de0731803c9609e369fdbcc16d "HTTP/1.1 200 OK"
2025-07-28 20:00:15,478 - ERROR - Error parsing JSON response: 444, message='Attempt to decode JSON with unexpected mimetype: text/html', url='https://api.amemv.com/aweme/v1/aweme/post/?device_platform=android&aid=2955&channel=carplay_xiaoai_2955&sec_user_id=MS4wLjABAAAAvGiOG-mC4ikoDYfySCf1R4vTleUgbq29u1nkfJLKUk7N-wKLcuBltYoS9t7xnR-f&count=10&ts=1753758015&app_type=lite&os_api=25&device_type=PCRT00&ssmix=a&manifest_version_code=9901504&dpi=240&version_code=9901504&app_name=aweme&version_name=9.9.15&device_id=5827988420182290&is_autoplay=true&resolution=720*1208&os_version=7.1.2&language=zh&device_brand=OPPO&ac=wifi&update_version_code=9901504&minor_status=0&_rticket=1753758015000'
2025-07-28 20:00:15,481 - INFO - HTTP Request: POST https://api.notion.com/v1/pages "HTTP/1.1 200 OK"
2025-07-28 20:00:15,485 - ERROR - Error parsing JSON response: 444, message='Attempt to decode JSON with unexpected mimetype: text/html', url='https://api.amemv.com/aweme/v1/aweme/post/?device_platform=android&aid=2955&channel=carplay_xiaoai_2955&sec_user_id=MS4wLjABAAAAGk2L3WwagnIXrQUS7vA1UCIphMyC0NioOkmyR76StNJD0VJBBgUXBtSn102Mb4cc&count=10&ts=1753758015&app_type=lite&os_api=25&device_type=PCRT00&ssmix=a&manifest_version_code=9901504&dpi=240&version_code=9901504&app_name=aweme&version_name=9.9.15&device_id=5827988420182290&is_autoplay=true&resolution=720*1208&os_version=7.1.2&language=zh&device_brand=OPPO&ac=wifi&update_version_code=9901504&minor_status=0&_rticket=1753758015000'
2025-07-28 20:00:15,500 - ERROR - Error parsing JSON response: 444, message='Attempt to decode JSON with unexpected mimetype: text/html', url='https://api.amemv.com/aweme/v1/aweme/post/?device_platform=android&aid=2955&channel=carplay_xiaoai_2955&sec_user_id=MS4wLjABAAAAOu2CUhD6dFeIzDCK4dbGjeTekFKKHhZ5MzAVE4-fLF--1T72eFxGC4h3o0P3gANJ&count=10&ts=1753758015&app_type=lite&os_api=25&device_type=PCRT00&ssmix=a&manifest_version_code=9901504&dpi=240&version_code=9901504&app_name=aweme&version_name=9.9.15&device_id=5827988420182290&is_autoplay=true&resolution=720*1208&os_version=7.1.2&language=zh&device_brand=OPPO&ac=wifi&update_version_code=9901504&minor_status=0&_rticket=1753758015000'
2025-07-28 20:00:15,506 - ERROR - Error parsing JSON response: 444, message='Attempt to decode JSON with unexpected mimetype: text/html', url='https://api.amemv.com/aweme/v1/aweme/post/?device_platform=android&aid=2955&channel=carplay_xiaoai_2955&sec_user_id=MS4wLjABAAAABPIzLh0sLqoB-IkCV5eKmTqx281zLBapUCdS56bvpRSNQbVu_MKp4sMwljK1NhqI&count=10&ts=1753758015&app_type=lite&os_api=25&device_type=PCRT00&ssmix=a&manifest_version_code=9901504&dpi=240&version_code=9901504&app_name=aweme&version_name=9.9.15&device_id=5827988420182290&is_autoplay=true&resolution=720*1208&os_version=7.1.2&language=zh&device_brand=OPPO&ac=wifi&update_version_code=9901504&minor_status=0&_rticket=1753758015000'
2025-07-28 20:00:15,524 - ERROR - Error parsing JSON response: 444, message='Attempt to decode JSON with unexpected mimetype: text/html', url='https://api.amemv.com/aweme/v1/aweme/post/?device_platform=android&aid=2955&channel=carplay_xiaoai_2955&sec_user_id=MS4wLjABAAAA0m-MEPGJBSY-jJgHH2wKsYPAl80H3VMFWVRZQPPHHbSH5e7aQI_35iGO1wsABES-&count=10&ts=1753758015&app_type=lite&os_api=25&device_type=PCRT00&ssmix=a&manifest_version_code=9901504&dpi=240&version_code=9901504&app_name=aweme&version_name=9.9.15&device_id=5827988420182290&is_autoplay=true&resolution=720*1208&os_version=7.1.2&language=zh&device_brand=OPPO&ac=wifi&update_version_code=9901504&minor_status=0&_rticket=1753758015000'
2025-07-28 20:00:15,779 - INFO - HTTP Request: POST https://api.notion.com/v1/pages "HTTP/1.1 200 OK"
2025-07-28 20:00:15,822 - ERROR - Error parsing JSON response: 444, message='Attempt to decode JSON with unexpected mimetype: text/html', url='https://api.amemv.com/aweme/v1/aweme/post/?device_platform=android&aid=2955&channel=carplay_xiaoai_2955&sec_user_id=MS4wLjABAAAAukTO96aRotyXBUa8HK7EslO4TDecuYAKaD2p06iXXvqgm0h6MsiFycmZRIC5ADTd&count=10&ts=1753758015&app_type=lite&os_api=25&device_type=PCRT00&ssmix=a&manifest_version_code=9901504&dpi=240&version_code=9901504&app_name=aweme&version_name=9.9.15&device_id=5827988420182290&is_autoplay=true&resolution=720*1208&os_version=7.1.2&language=zh&device_brand=OPPO&ac=wifi&update_version_code=9901504&minor_status=0&_rticket=1753758015000'
2025-07-28 20:00:15,827 - ERROR - Error parsing JSON response: 444, message='Attempt to decode JSON with unexpected mimetype: text/html', url='https://api.amemv.com/aweme/v1/aweme/post/?device_platform=android&aid=2955&channel=carplay_xiaoai_2955&sec_user_id=MS4wLjABAAAAFovtSOQ3YoACQsVBwUzGbSW9xun6lxrdKc5valNYLd5TVp9_ATmbUW2_hUVixtv5&count=10&ts=1753758015&app_type=lite&os_api=25&device_type=PCRT00&ssmix=a&manifest_version_code=9901504&dpi=240&version_code=9901504&app_name=aweme&version_name=9.9.15&device_id=5827988420182290&is_autoplay=true&resolution=720*1208&os_version=7.1.2&language=zh&device_brand=OPPO&ac=wifi&update_version_code=9901504&minor_status=0&_rticket=1753758015000'
2025-07-28 20:00:15,835 - ERROR - Error parsing JSON response: 444, message='Attempt to decode JSON with unexpected mimetype: text/html', url='https://api.amemv.com/aweme/v1/aweme/post/?device_platform=android&aid=2955&channel=carplay_xiaoai_2955&sec_user_id=MS4wLjABAAAAB9oNhA8b3GINFI-49NH0itpJLnMDGsESZE7dn0P6SoH1T5fh7abr5EfsxUgy1v2P&count=10&ts=1753758015&app_type=lite&os_api=25&device_type=PCRT00&ssmix=a&manifest_version_code=9901504&dpi=240&version_code=9901504&app_name=aweme&version_name=9.9.15&device_id=5827988420182290&is_autoplay=true&resolution=720*1208&os_version=7.1.2&language=zh&device_brand=OPPO&ac=wifi&update_version_code=9901504&minor_status=0&_rticket=1753758015000'
2025-07-28 20:00:16,606 - ERROR - Error parsing JSON response: 444, message='Attempt to decode JSON with unexpected mimetype: text/html', url='https://api.amemv.com/aweme/v1/aweme/post/?device_platform=android&aid=2955&channel=carplay_xiaoai_2955&sec_user_id=MS4wLjABAAAA_Eg9ME2xyVQvqcRx7tZWX7loeqbyC13EuQFnilCcz9rNeCpw2jkTxeOF1A7_L90d&count=10&ts=1753758016&app_type=lite&os_api=25&device_type=PCRT00&ssmix=a&manifest_version_code=9901504&dpi=240&version_code=9901504&app_name=aweme&version_name=9.9.15&device_id=5827988420182290&is_autoplay=true&resolution=720*1208&os_version=7.1.2&language=zh&device_brand=OPPO&ac=wifi&update_version_code=9901504&minor_status=0&_rticket=1753758016000'
2025-07-28 20:00:16,894 - ERROR - Error parsing JSON response: 444, message='Attempt to decode JSON with unexpected mimetype: text/html', url='https://api.amemv.com/aweme/v1/aweme/post/?device_platform=android&aid=2955&channel=carplay_xiaoai_2955&sec_user_id=MS4wLjABAAAATvmQ40nLZxIombiMPuSYDHRnL3-JgdHXmEheu3QExCdQAsHrO-nbKWivcv-bUg1n&count=10&ts=1753758016&app_type=lite&os_api=25&device_type=PCRT00&ssmix=a&manifest_version_code=9901504&dpi=240&version_code=9901504&app_name=aweme&version_name=9.9.15&device_id=5827988420182290&is_autoplay=true&resolution=720*1208&os_version=7.1.2&language=zh&device_brand=OPPO&ac=wifi&update_version_code=9901504&minor_status=0&_rticket=1753758016000'
2025-07-28 20:00:16,908 - INFO - HTTP Request: POST https://api.notion.com/v1/pages "HTTP/1.1 200 OK"
2025-07-28 20:00:16,909 - ERROR - Error parsing JSON response: 444, message='Attempt to decode JSON with unexpected mimetype: text/html', url='https://api.amemv.com/aweme/v1/aweme/post/?device_platform=android&aid=2955&channel=carplay_xiaoai_2955&sec_user_id=MS4wLjABAAAAOk5Yq1qefFQptZWIeiuW59JB1JP-SIaOwK0O9E2A6m0&count=10&ts=1753758016&app_type=lite&os_api=25&device_type=PCRT00&ssmix=a&manifest_version_code=9901504&dpi=240&version_code=9901504&app_name=aweme&version_name=9.9.15&device_id=5827988420182290&is_autoplay=true&resolution=720*1208&os_version=7.1.2&language=zh&device_brand=OPPO&ac=wifi&update_version_code=9901504&minor_status=0&_rticket=1753758016000'
2025-07-28 20:00:16,915 - ERROR - Error parsing JSON response: 444, message='Attempt to decode JSON with unexpected mimetype: text/html', url='https://api.amemv.com/aweme/v1/aweme/post/?device_platform=android&aid=2955&channel=carplay_xiaoai_2955&sec_user_id=MS4wLjABAAAAaQLCKqwqAXL5No5bUzkPaxQ6Q7drAAA0PYIoqbzvsXM0VhLpUg3QGB08BK9dQLHP&count=10&ts=1753758016&app_type=lite&os_api=25&device_type=PCRT00&ssmix=a&manifest_version_code=9901504&dpi=240&version_code=9901504&app_name=aweme&version_name=9.9.15&device_id=5827988420182290&is_autoplay=true&resolution=720*1208&os_version=7.1.2&language=zh&device_brand=OPPO&ac=wifi&update_version_code=9901504&minor_status=0&_rticket=1753758016000'
2025-07-28 20:00:16,923 - ERROR - Error parsing JSON response: 444, message='Attempt to decode JSON with unexpected mimetype: text/html', url='https://api.amemv.com/aweme/v1/aweme/post/?device_platform=android&aid=2955&channel=carplay_xiaoai_2955&sec_user_id=MS4wLjABAAAAFNRVzpUN4rV6wEgRlYAtHvKF_0DrENFUX6jVKt7UX8JCD1nRlV1DnGelZCXLiaVy&count=10&ts=1753758016&app_type=lite&os_api=25&device_type=PCRT00&ssmix=a&manifest_version_code=9901504&dpi=240&version_code=9901504&app_name=aweme&version_name=9.9.15&device_id=5827988420182290&is_autoplay=true&resolution=720*1208&os_version=7.1.2&language=zh&device_brand=OPPO&ac=wifi&update_version_code=9901504&minor_status=0&_rticket=1753758016000'
2025-07-28 20:00:16,956 - ERROR - Error parsing JSON response: 444, message='Attempt to decode JSON with unexpected mimetype: text/html', url='https://api.amemv.com/aweme/v1/aweme/post/?device_platform=android&aid=2955&channel=carplay_xiaoai_2955&sec_user_id=MS4wLjABAAAArwLl9tigxT8lVYgp1Hav-eZglxlLFFdHO7zOte_uNjk&count=10&ts=1753758016&app_type=lite&os_api=25&device_type=PCRT00&ssmix=a&manifest_version_code=9901504&dpi=240&version_code=9901504&app_name=aweme&version_name=9.9.15&device_id=5827988420182290&is_autoplay=true&resolution=720*1208&os_version=7.1.2&language=zh&device_brand=OPPO&ac=wifi&update_version_code=9901504&minor_status=0&_rticket=1753758016000'
2025-07-28 20:00:17,032 - INFO - HTTP Request: GET https://api.notion.com/v1/databases/23e035de0731803c9609e369fdbcc16d "HTTP/1.1 200 OK"
2025-07-28 20:00:17,360 - INFO - HTTP Request: GET https://api.notion.com/v1/databases/23e035de0731803c9609e369fdbcc16d "HTTP/1.1 200 OK"
2025-07-28 20:00:17,526 - ERROR - Error parsing JSON response: 444, message='Attempt to decode JSON with unexpected mimetype: text/html', url='https://api.amemv.com/aweme/v1/aweme/post/?device_platform=android&aid=2955&channel=carplay_xiaoai_2955&sec_user_id=MS4wLjABAAAAAGTF9SFM9cOHI4Y4gvew1jSlTHgOnks5v7YuSWeaMWzS_nsfCXy_HxJjrsEcM8fZ&count=10&ts=1753758017&app_type=lite&os_api=25&device_type=PCRT00&ssmix=a&manifest_version_code=9901504&dpi=240&version_code=9901504&app_name=aweme&version_name=9.9.15&device_id=5827988420182290&is_autoplay=true&resolution=720*1208&os_version=7.1.2&language=zh&device_brand=OPPO&ac=wifi&update_version_code=9901504&minor_status=0&_rticket=1753758017000'
2025-07-28 20:00:17,534 - ERROR - Error parsing JSON response: 444, message='Attempt to decode JSON with unexpected mimetype: text/html', url='https://api.amemv.com/aweme/v1/aweme/post/?device_platform=android&aid=2955&channel=carplay_xiaoai_2955&sec_user_id=MS4wLjABAAAAmbqj06M-mYhklhWhgurBH8vh2SRRz-l1rLpjN0LTpg4&count=10&ts=1753758017&app_type=lite&os_api=25&device_type=PCRT00&ssmix=a&manifest_version_code=9901504&dpi=240&version_code=9901504&app_name=aweme&version_name=9.9.15&device_id=5827988420182290&is_autoplay=true&resolution=720*1208&os_version=7.1.2&language=zh&device_brand=OPPO&ac=wifi&update_version_code=9901504&minor_status=0&_rticket=1753758017000'
2025-07-28 20:00:17,627 - INFO - HTTP Request: POST https://api.notion.com/v1/pages "HTTP/1.1 200 OK"
2025-07-28 20:00:17,881 - ERROR - Error parsing JSON response: 444, message='Attempt to decode JSON with unexpected mimetype: text/html', url='https://api.amemv.com/aweme/v1/aweme/post/?device_platform=android&aid=2955&channel=carplay_xiaoai_2955&sec_user_id=MS4wLjABAAAAR4jaetJhcmHTE-Xi585z9WMnsqyS4a4x4LIpuCxmrP4&count=10&ts=1753758017&app_type=lite&os_api=25&device_type=PCRT00&ssmix=a&manifest_version_code=9901504&dpi=240&version_code=9901504&app_name=aweme&version_name=9.9.15&device_id=5827988420182290&is_autoplay=true&resolution=720*1208&os_version=7.1.2&language=zh&device_brand=OPPO&ac=wifi&update_version_code=9901504&minor_status=0&_rticket=1753758017000'
2025-07-28 20:00:17,907 - ERROR - Error parsing JSON response: 444, message='Attempt to decode JSON with unexpected mimetype: text/html', url='https://api.amemv.com/aweme/v1/aweme/post/?device_platform=android&aid=2955&channel=carplay_xiaoai_2955&sec_user_id=MS4wLjABAAAAXLSgvYTGII6yMT-0PC1UGH1MMYXO6bTv8HHqJmAnNxBrbpQjrRVb7xmD6xhHX1lg&count=10&ts=1753758017&app_type=lite&os_api=25&device_type=PCRT00&ssmix=a&manifest_version_code=9901504&dpi=240&version_code=9901504&app_name=aweme&version_name=9.9.15&device_id=5827988420182290&is_autoplay=true&resolution=720*1208&os_version=7.1.2&language=zh&device_brand=OPPO&ac=wifi&update_version_code=9901504&minor_status=0&_rticket=1753758017000'
2025-07-28 20:00:17,944 - INFO - HTTP Request: POST https://api.notion.com/v1/pages "HTTP/1.1 200 OK"
2025-07-28 20:00:18,104 - INFO - HTTP Request: GET https://api.notion.com/v1/databases/23e035de0731803c9609e369fdbcc16d "HTTP/1.1 200 OK"
2025-07-28 20:00:18,596 - ERROR - Error parsing JSON response: 444, message='Attempt to decode JSON with unexpected mimetype: text/html', url='https://api.amemv.com/aweme/v1/aweme/post/?device_platform=android&aid=2955&channel=carplay_xiaoai_2955&sec_user_id=MS4wLjABAAAA9qR00Pn7-23-DjJMrgy-9AdlXTw6qD9vI_xXDKXjnWJL7hOfBXDk0vtyTSZ_AEY2&count=10&ts=1753758018&app_type=lite&os_api=25&device_type=PCRT00&ssmix=a&manifest_version_code=9901504&dpi=240&version_code=9901504&app_name=aweme&version_name=9.9.15&device_id=5827988420182290&is_autoplay=true&resolution=720*1208&os_version=7.1.2&language=zh&device_brand=OPPO&ac=wifi&update_version_code=9901504&minor_status=0&_rticket=1753758018000'
2025-07-28 20:00:18,943 - INFO - HTTP Request: GET https://api.notion.com/v1/databases/23e035de0731803c9609e369fdbcc16d "HTTP/1.1 200 OK"
2025-07-28 20:00:19,270 - INFO - HTTP Request: GET https://api.notion.com/v1/databases/23e035de0731803c9609e369fdbcc16d "HTTP/1.1 200 OK"
2025-07-28 20:00:19,461 - INFO - HTTP Request: POST https://api.notion.com/v1/pages "HTTP/1.1 200 OK"
2025-07-28 20:00:19,614 - ERROR - Error parsing JSON response: 444, message='Attempt to decode JSON with unexpected mimetype: text/html', url='https://api.amemv.com/aweme/v1/aweme/post/?device_platform=android&aid=2955&channel=carplay_xiaoai_2955&sec_user_id=MS4wLjABAAAA8-OSZfCR_zYPPOa6tT6biKWgxGRTrLg1e76QDG3qZBU&count=10&ts=1753758019&app_type=lite&os_api=25&device_type=PCRT00&ssmix=a&manifest_version_code=9901504&dpi=240&version_code=9901504&app_name=aweme&version_name=9.9.15&device_id=5827988420182290&is_autoplay=true&resolution=720*1208&os_version=7.1.2&language=zh&device_brand=OPPO&ac=wifi&update_version_code=9901504&minor_status=0&_rticket=1753758019000'
2025-07-28 20:00:19,932 - ERROR - Error parsing JSON response: 444, message='Attempt to decode JSON with unexpected mimetype: text/html', url='https://api.amemv.com/aweme/v1/aweme/post/?device_platform=android&aid=2955&channel=carplay_xiaoai_2955&sec_user_id=MS4wLjABAAAATs6uR9fkkhyBQg1GHBPk_swlxtHc3-4kkEyNZ3rBCU_pdxnzfASyGtRoNuwnVQte&count=10&ts=1753758019&app_type=lite&os_api=25&device_type=PCRT00&ssmix=a&manifest_version_code=9901504&dpi=240&version_code=9901504&app_name=aweme&version_name=9.9.15&device_id=5827988420182290&is_autoplay=true&resolution=720*1208&os_version=7.1.2&language=zh&device_brand=OPPO&ac=wifi&update_version_code=9901504&minor_status=0&_rticket=1753758019000'
2025-07-28 20:00:19,940 - ERROR - Error parsing JSON response: 444, message='Attempt to decode JSON with unexpected mimetype: text/html', url='https://api.amemv.com/aweme/v1/aweme/post/?device_platform=android&aid=2955&channel=carplay_xiaoai_2955&sec_user_id=MS4wLjABAAAAlUmnKBQULDSJ32O-xFPIkHm92lqIjXExLcltsm_0YOesxpEstL6LQcANZr1eUMVh&count=10&ts=1753758019&app_type=lite&os_api=25&device_type=PCRT00&ssmix=a&manifest_version_code=9901504&dpi=240&version_code=9901504&app_name=aweme&version_name=9.9.15&device_id=5827988420182290&is_autoplay=true&resolution=720*1208&os_version=7.1.2&language=zh&device_brand=OPPO&ac=wifi&update_version_code=9901504&minor_status=0&_rticket=1753758019000'
2025-07-28 20:00:19,945 - ERROR - Error parsing JSON response: 444, message='Attempt to decode JSON with unexpected mimetype: text/html', url='https://api.amemv.com/aweme/v1/aweme/post/?device_platform=android&aid=2955&channel=carplay_xiaoai_2955&sec_user_id=MS4wLjABAAAAFgEXAyd2QYLFwN13sveB1CePjF_L3ZzoF5tDpkQEYL9GMvLr8FxU3t07fFUY7_gK&count=10&ts=1753758019&app_type=lite&os_api=25&device_type=PCRT00&ssmix=a&manifest_version_code=9901504&dpi=240&version_code=9901504&app_name=aweme&version_name=9.9.15&device_id=5827988420182290&is_autoplay=true&resolution=720*1208&os_version=7.1.2&language=zh&device_brand=OPPO&ac=wifi&update_version_code=9901504&minor_status=0&_rticket=1753758019000'
2025-07-28 20:00:19,949 - ERROR - Error parsing JSON response: 444, message='Attempt to decode JSON with unexpected mimetype: text/html', url='https://api.amemv.com/aweme/v1/aweme/post/?device_platform=android&aid=2955&channel=carplay_xiaoai_2955&sec_user_id=MS4wLjABAAAA-PutGAa_LS7EsV7ko4GrhM-DTWkhaqNcqnpb7jKKrnGcxz_CujPySzknfFlFhxqi&count=10&ts=1753758019&app_type=lite&os_api=25&device_type=PCRT00&ssmix=a&manifest_version_code=9901504&dpi=240&version_code=9901504&app_name=aweme&version_name=9.9.15&device_id=5827988420182290&is_autoplay=true&resolution=720*1208&os_version=7.1.2&language=zh&device_brand=OPPO&ac=wifi&update_version_code=9901504&minor_status=0&_rticket=1753758019000'
2025-07-28 20:00:20,198 - INFO - HTTP Request: POST https://api.notion.com/v1/pages "HTTP/1.1 200 OK"
2025-07-28 20:00:20,664 - ERROR - Error parsing JSON response: 444, message='Attempt to decode JSON with unexpected mimetype: text/html', url='https://api.amemv.com/aweme/v1/aweme/post/?device_platform=android&aid=2955&channel=carplay_xiaoai_2955&sec_user_id=MS4wLjABAAAA7tG113SLeWE0BHxc4ByOyriJOgNps1aPWaLqEETryzvH-dJaCY65Zf1OOh4g9L4a&count=10&ts=1753758020&app_type=lite&os_api=25&device_type=PCRT00&ssmix=a&manifest_version_code=9901504&dpi=240&version_code=9901504&app_name=aweme&version_name=9.9.15&device_id=5827988420182290&is_autoplay=true&resolution=720*1208&os_version=7.1.2&language=zh&device_brand=OPPO&ac=wifi&update_version_code=9901504&minor_status=0&_rticket=1753758020000'
2025-07-28 20:00:20,702 - INFO - HTTP Request: GET https://api.notion.com/v1/databases/23e035de0731803c9609e369fdbcc16d "HTTP/1.1 200 OK"
2025-07-28 20:00:20,938 - ERROR - Error parsing JSON response: 444, message='Attempt to decode JSON with unexpected mimetype: text/html', url='https://api.amemv.com/aweme/v1/aweme/post/?device_platform=android&aid=2955&channel=carplay_xiaoai_2955&sec_user_id=MS4wLjABAAAAfFbjTXUBwTgmTikSN75aqdSVPLKdTXWM_SKLRPy85DKhfDTzFZ6Oz7LrQfOlnqI6&count=10&ts=1753758020&app_type=lite&os_api=25&device_type=PCRT00&ssmix=a&manifest_version_code=9901504&dpi=240&version_code=9901504&app_name=aweme&version_name=9.9.15&device_id=5827988420182290&is_autoplay=true&resolution=720*1208&os_version=7.1.2&language=zh&device_brand=OPPO&ac=wifi&update_version_code=9901504&minor_status=0&_rticket=1753758020000'
2025-07-28 20:00:21,144 - INFO - HTTP Request: POST https://api.notion.com/v1/pages "HTTP/1.1 200 OK"
2025-07-28 20:00:21,228 - INFO - HTTP Request: GET https://api.notion.com/v1/databases/23e035de0731803c9609e369fdbcc16d "HTTP/1.1 200 OK"
2025-07-28 20:00:21,421 - INFO - HTTP Request: GET https://api.notion.com/v1/databases/23e035de0731803c9609e369fdbcc16d "HTTP/1.1 200 OK"
2025-07-28 20:00:21,594 - ERROR - Error parsing JSON response: 444, message='Attempt to decode JSON with unexpected mimetype: text/html', url='https://api.amemv.com/aweme/v1/aweme/post/?device_platform=android&aid=2955&channel=carplay_xiaoai_2955&sec_user_id=MS4wLjABAAAA7jMhoxxzQ3WksgiMHGF0LPN9yrUL0qbmlXeIy1hM_LANhDYXnH31VVQ0V88ZiRDI&count=10&ts=1753758021&app_type=lite&os_api=25&device_type=PCRT00&ssmix=a&manifest_version_code=9901504&dpi=240&version_code=9901504&app_name=aweme&version_name=9.9.15&device_id=5827988420182290&is_autoplay=true&resolution=720*1208&os_version=7.1.2&language=zh&device_brand=OPPO&ac=wifi&update_version_code=9901504&minor_status=0&_rticket=1753758021000'
2025-07-28 20:00:21,744 - INFO - HTTP Request: POST https://api.notion.com/v1/pages "HTTP/1.1 409 Conflict"
2025-07-28 20:00:21,865 - INFO - HTTP Request: POST https://api.notion.com/v1/pages "HTTP/1.1 200 OK"
2025-07-28 20:00:21,917 - ERROR - Error parsing JSON response: 444, message='Attempt to decode JSON with unexpected mimetype: text/html', url='https://api.amemv.com/aweme/v1/aweme/post/?device_platform=android&aid=2955&channel=carplay_xiaoai_2955&sec_user_id=MS4wLjABAAAAEZTdb_ch9hn5zvTClJ8QRwwFHOIK7uSZsMtk2WU1kUAGs5e7FETZv8pHcNUG7_RP&count=10&ts=1753758021&app_type=lite&os_api=25&device_type=PCRT00&ssmix=a&manifest_version_code=9901504&dpi=240&version_code=9901504&app_name=aweme&version_name=9.9.15&device_id=5827988420182290&is_autoplay=true&resolution=720*1208&os_version=7.1.2&language=zh&device_brand=OPPO&ac=wifi&update_version_code=9901504&minor_status=0&_rticket=1753758021000'
2025-07-28 20:00:22,054 - INFO - HTTP Request: POST https://api.notion.com/v1/pages "HTTP/1.1 200 OK"
2025-07-28 20:00:22,123 - INFO - HTTP Request: GET https://api.notion.com/v1/databases/23e035de0731803c9609e369fdbcc16d "HTTP/1.1 200 OK"
2025-07-28 20:00:22,590 - ERROR - Error parsing JSON response: 444, message='Attempt to decode JSON with unexpected mimetype: text/html', url='https://api.amemv.com/aweme/v1/aweme/post/?device_platform=android&aid=2955&channel=carplay_xiaoai_2955&sec_user_id=MS4wLjABAAAA7aTeMcQtWOEezBZB_4l_-PXvyRg-xFyx7O3_q-3MkNIhluauTfuxo4i7Yp690lou&count=10&ts=1753758022&app_type=lite&os_api=25&device_type=PCRT00&ssmix=a&manifest_version_code=9901504&dpi=240&version_code=9901504&app_name=aweme&version_name=9.9.15&device_id=5827988420182290&is_autoplay=true&resolution=720*1208&os_version=7.1.2&language=zh&device_brand=OPPO&ac=wifi&update_version_code=9901504&minor_status=0&_rticket=1753758022000'
2025-07-28 20:00:22,704 - INFO - HTTP Request: POST https://api.notion.com/v1/pages "HTTP/1.1 200 OK"
2025-07-28 20:00:23,119 - ERROR - Error parsing JSON response: 444, message='Attempt to decode JSON with unexpected mimetype: text/html', url='https://api.amemv.com/aweme/v1/aweme/post/?device_platform=android&aid=2955&channel=carplay_xiaoai_2955&sec_user_id=MS4wLjABAAAALspbhJp_1Zf1ZwJy2hXrpTNxear8uA-9KmdCT_HQT6k&count=10&ts=1753758022&app_type=lite&os_api=25&device_type=PCRT00&ssmix=a&manifest_version_code=9901504&dpi=240&version_code=9901504&app_name=aweme&version_name=9.9.15&device_id=5827988420182290&is_autoplay=true&resolution=720*1208&os_version=7.1.2&language=zh&device_brand=OPPO&ac=wifi&update_version_code=9901504&minor_status=0&_rticket=1753758022000'
2025-07-28 20:00:23,170 - ERROR - Error parsing JSON response: 444, message='Attempt to decode JSON with unexpected mimetype: text/html', url='https://api.amemv.com/aweme/v1/aweme/post/?device_platform=android&aid=2955&channel=carplay_xiaoai_2955&sec_user_id=MS4wLjABAAAAoPFweCuoKgGJFfJl2K9z_SZMIyLHS7C9KQftgGVupIjlgPT-ro24fIba6lSRY5Km&count=10&ts=1753758022&app_type=lite&os_api=25&device_type=PCRT00&ssmix=a&manifest_version_code=9901504&dpi=240&version_code=9901504&app_name=aweme&version_name=9.9.15&device_id=5827988420182290&is_autoplay=true&resolution=720*1208&os_version=7.1.2&language=zh&device_brand=OPPO&ac=wifi&update_version_code=9901504&minor_status=0&_rticket=1753758022000'
2025-07-28 20:00:23,468 - INFO - HTTP Request: GET https://api.notion.com/v1/databases/23e035de0731803c9609e369fdbcc16d "HTTP/1.1 200 OK"
2025-07-28 20:00:23,627 - INFO - HTTP Request: GET https://api.notion.com/v1/databases/23e035de0731803c9609e369fdbcc16d "HTTP/1.1 200 OK"
2025-07-28 20:00:24,054 - INFO - HTTP Request: POST https://api.notion.com/v1/pages "HTTP/1.1 200 OK"
2025-07-28 20:00:24,057 - INFO - HTTP Request: POST https://api.notion.com/v1/pages "HTTP/1.1 200 OK"
2025-07-28 20:00:24,420 - ERROR - Error parsing JSON response: 444, message='Attempt to decode JSON with unexpected mimetype: text/html', url='https://api.amemv.com/aweme/v1/aweme/post/?device_platform=android&aid=2955&channel=carplay_xiaoai_2955&sec_user_id=MS4wLjABAAAAeYjhjHwAzXXvrluzstQEnXpnZs4Vhf8KndyAyT1hEFr9csFHwCVvn5Ej7P3H0nlC&count=10&ts=1753758024&app_type=lite&os_api=25&device_type=PCRT00&ssmix=a&manifest_version_code=9901504&dpi=240&version_code=9901504&app_name=aweme&version_name=9.9.15&device_id=5827988420182290&is_autoplay=true&resolution=720*1208&os_version=7.1.2&language=zh&device_brand=OPPO&ac=wifi&update_version_code=9901504&minor_status=0&_rticket=1753758024000'
2025-07-28 20:00:24,421 - ERROR - Error parsing JSON response: 444, message='Attempt to decode JSON with unexpected mimetype: text/html', url='https://api.amemv.com/aweme/v1/aweme/post/?device_platform=android&aid=2955&channel=carplay_xiaoai_2955&sec_user_id=MS4wLjABAAAA5VO5xKU39y9v2gMueVkzeQKoxM1X0cShPRJjoJY0IQg&count=10&ts=1753758024&app_type=lite&os_api=25&device_type=PCRT00&ssmix=a&manifest_version_code=9901504&dpi=240&version_code=9901504&app_name=aweme&version_name=9.9.15&device_id=5827988420182290&is_autoplay=true&resolution=720*1208&os_version=7.1.2&language=zh&device_brand=OPPO&ac=wifi&update_version_code=9901504&minor_status=0&_rticket=1753758024000'
2025-07-28 20:00:25,093 - ERROR - Error parsing JSON response: 444, message='Attempt to decode JSON with unexpected mimetype: text/html', url='https://api.amemv.com/aweme/v1/aweme/post/?device_platform=android&aid=2955&channel=carplay_xiaoai_2955&sec_user_id=MS4wLjABAAAAZF74VLzgSfa7rPVyrW_iZGKQAk8EsofGqDSj66P-Ox-bYl-6zRzTsbN8eYS8HMS2&count=10&ts=1753758024&app_type=lite&os_api=25&device_type=PCRT00&ssmix=a&manifest_version_code=9901504&dpi=240&version_code=9901504&app_name=aweme&version_name=9.9.15&device_id=5827988420182290&is_autoplay=true&resolution=720*1208&os_version=7.1.2&language=zh&device_brand=OPPO&ac=wifi&update_version_code=9901504&minor_status=0&_rticket=1753758024000'
2025-07-28 20:00:25,094 - ERROR - Error parsing JSON response: 444, message='Attempt to decode JSON with unexpected mimetype: text/html', url='https://api.amemv.com/aweme/v1/aweme/post/?device_platform=android&aid=2955&channel=carplay_xiaoai_2955&sec_user_id=MS4wLjABAAAAtMR2NQpnWcLBY49ivR3cLf6pPzMgDHDjQL8LwVnTwO1tAr6g-8YH4-sfAQhw7c-S&count=10&ts=1753758024&app_type=lite&os_api=25&device_type=PCRT00&ssmix=a&manifest_version_code=9901504&dpi=240&version_code=9901504&app_name=aweme&version_name=9.9.15&device_id=5827988420182290&is_autoplay=true&resolution=720*1208&os_version=7.1.2&language=zh&device_brand=OPPO&ac=wifi&update_version_code=9901504&minor_status=0&_rticket=1753758024000'
2025-07-28 20:00:25,099 - ERROR - Error parsing JSON response: 444, message='Attempt to decode JSON with unexpected mimetype: text/html', url='https://api.amemv.com/aweme/v1/aweme/post/?device_platform=android&aid=2955&channel=carplay_xiaoai_2955&sec_user_id=MS4wLjABAAAAZF_t36B464hNkjUjjMiFbqrEcBM7Cn9RWGid4GJKAxM&count=10&ts=1753758024&app_type=lite&os_api=25&device_type=PCRT00&ssmix=a&manifest_version_code=9901504&dpi=240&version_code=9901504&app_name=aweme&version_name=9.9.15&device_id=5827988420182290&is_autoplay=true&resolution=720*1208&os_version=7.1.2&language=zh&device_brand=OPPO&ac=wifi&update_version_code=9901504&minor_status=0&_rticket=1753758024000'
2025-07-28 20:00:25,100 - ERROR - Error parsing JSON response: 444, message='Attempt to decode JSON with unexpected mimetype: text/html', url='https://api.amemv.com/aweme/v1/aweme/post/?device_platform=android&aid=2955&channel=carplay_xiaoai_2955&sec_user_id=MS4wLjABAAAATgwzsgs6Rxm-d3ZXKy2qQ7XiOs4zM8EnP8Pq1BJEuAhyatNe-QPkPVfHwrp8q5yR&count=10&ts=1753758024&app_type=lite&os_api=25&device_type=PCRT00&ssmix=a&manifest_version_code=9901504&dpi=240&version_code=9901504&app_name=aweme&version_name=9.9.15&device_id=5827988420182290&is_autoplay=true&resolution=720*1208&os_version=7.1.2&language=zh&device_brand=OPPO&ac=wifi&update_version_code=9901504&minor_status=0&_rticket=1753758024000'
2025-07-28 20:00:25,101 - ERROR - Error parsing JSON response: 444, message='Attempt to decode JSON with unexpected mimetype: text/html', url='https://api.amemv.com/aweme/v1/aweme/post/?device_platform=android&aid=2955&channel=carplay_xiaoai_2955&sec_user_id=MS4wLjABAAAAYQg5HP8hRrjFFEFPU310CrRzagM38Wx0PaQ4CvNs4Es&count=10&ts=1753758024&app_type=lite&os_api=25&device_type=PCRT00&ssmix=a&manifest_version_code=9901504&dpi=240&version_code=9901504&app_name=aweme&version_name=9.9.15&device_id=5827988420182290&is_autoplay=true&resolution=720*1208&os_version=7.1.2&language=zh&device_brand=OPPO&ac=wifi&update_version_code=9901504&minor_status=0&_rticket=1753758024000'
2025-07-28 20:00:25,104 - ERROR - Error parsing JSON response: 444, message='Attempt to decode JSON with unexpected mimetype: text/html', url='https://api.amemv.com/aweme/v1/aweme/post/?device_platform=android&aid=2955&channel=carplay_xiaoai_2955&sec_user_id=MS4wLjABAAAAyVlqn7v3jIfDZbOD6xXQ0pNKZ0vYl0E903CMilMPX4I&count=10&ts=1753758024&app_type=lite&os_api=25&device_type=PCRT00&ssmix=a&manifest_version_code=9901504&dpi=240&version_code=9901504&app_name=aweme&version_name=9.9.15&device_id=5827988420182290&is_autoplay=true&resolution=720*1208&os_version=7.1.2&language=zh&device_brand=OPPO&ac=wifi&update_version_code=9901504&minor_status=0&_rticket=1753758024000'
2025-07-28 20:00:25,110 - ERROR - Error parsing JSON response: 444, message='Attempt to decode JSON with unexpected mimetype: text/html', url='https://api.amemv.com/aweme/v1/aweme/post/?device_platform=android&aid=2955&channel=carplay_xiaoai_2955&sec_user_id=MS4wLjABAAAAZRKk7tK3zGOGnS4HfnDH9pkdDWx9rANVvQ_UNfxc6N0&count=10&ts=1753758024&app_type=lite&os_api=25&device_type=PCRT00&ssmix=a&manifest_version_code=9901504&dpi=240&version_code=9901504&app_name=aweme&version_name=9.9.15&device_id=5827988420182290&is_autoplay=true&resolution=720*1208&os_version=7.1.2&language=zh&device_brand=OPPO&ac=wifi&update_version_code=9901504&minor_status=0&_rticket=1753758024000'
2025-07-28 20:00:25,202 - ERROR - Error parsing JSON response: 444, message='Attempt to decode JSON with unexpected mimetype: text/html', url='https://api.amemv.com/aweme/v1/aweme/post/?device_platform=android&aid=2955&channel=carplay_xiaoai_2955&sec_user_id=MS4wLjABAAAA4MuHz053NeJfCrpMBqkEVwYhTYlo6Eqb80cIbsfWSeSAoQVwqXNrcw9OdvvdmK1S&count=10&ts=1753758025&app_type=lite&os_api=25&device_type=PCRT00&ssmix=a&manifest_version_code=9901504&dpi=240&version_code=9901504&app_name=aweme&version_name=9.9.15&device_id=5827988420182290&is_autoplay=true&resolution=720*1208&os_version=7.1.2&language=zh&device_brand=OPPO&ac=wifi&update_version_code=9901504&minor_status=0&_rticket=1753758025000'
2025-07-28 20:00:25,222 - INFO - HTTP Request: GET https://api.notion.com/v1/databases/23e035de0731803c9609e369fdbcc16d "HTTP/1.1 200 OK"
2025-07-28 20:00:25,419 - INFO - HTTP Request: GET https://api.notion.com/v1/databases/23e035de0731803c9609e369fdbcc16d "HTTP/1.1 200 OK"
2025-07-28 20:00:25,461 - ERROR - Error parsing JSON response: 444, message='Attempt to decode JSON with unexpected mimetype: text/html', url='https://api.amemv.com/aweme/v1/aweme/post/?device_platform=android&aid=2955&channel=carplay_xiaoai_2955&sec_user_id=MS4wLjABAAAAdTh5WF6aSIvXoplbhCYrrkucPWgKRtS9crtGke1RmOo&count=10&ts=1753758025&app_type=lite&os_api=25&device_type=PCRT00&ssmix=a&manifest_version_code=9901504&dpi=240&version_code=9901504&app_name=aweme&version_name=9.9.15&device_id=5827988420182290&is_autoplay=true&resolution=720*1208&os_version=7.1.2&language=zh&device_brand=OPPO&ac=wifi&update_version_code=9901504&minor_status=0&_rticket=1753758025000'
2025-07-28 20:00:25,902 - INFO - HTTP Request: POST https://api.notion.com/v1/pages "HTTP/1.1 200 OK"
2025-07-28 20:00:26,427 - INFO - HTTP Request: POST https://api.notion.com/v1/pages "HTTP/1.1 200 OK"
2025-07-28 20:00:26,658 - ERROR - Error parsing JSON response: 444, message='Attempt to decode JSON with unexpected mimetype: text/html', url='https://api.amemv.com/aweme/v1/aweme/post/?device_platform=android&aid=2955&channel=carplay_xiaoai_2955&sec_user_id=MS4wLjABAAAA4KhfTGg2GcuZL-UzoKMrQLGuMVkcbUAh0LGxYgwp_Sk&count=10&ts=1753758026&app_type=lite&os_api=25&device_type=PCRT00&ssmix=a&manifest_version_code=9901504&dpi=240&version_code=9901504&app_name=aweme&version_name=9.9.15&device_id=5827988420182290&is_autoplay=true&resolution=720*1208&os_version=7.1.2&language=zh&device_brand=OPPO&ac=wifi&update_version_code=9901504&minor_status=0&_rticket=1753758026000'
2025-07-28 20:00:26,794 - INFO - HTTP Request: POST https://api.notion.com/v1/pages "HTTP/1.1 200 OK"
2025-07-28 20:00:26,868 - INFO - HTTP Request: GET https://api.notion.com/v1/databases/23e035de0731803c9609e369fdbcc16d "HTTP/1.1 200 OK"
2025-07-28 20:00:26,949 - ERROR - Error parsing JSON response: 444, message='Attempt to decode JSON with unexpected mimetype: text/html', url='https://api.amemv.com/aweme/v1/aweme/post/?device_platform=android&aid=2955&channel=carplay_xiaoai_2955&sec_user_id=MS4wLjABAAAAdS2Dhnuhq0sED5r0_M0EXKHJ5n2KdsRkXBzdOgEyuZ9QxnobxpQIeHCDetvccuNl&count=10&ts=1753758026&app_type=lite&os_api=25&device_type=PCRT00&ssmix=a&manifest_version_code=9901504&dpi=240&version_code=9901504&app_name=aweme&version_name=9.9.15&device_id=5827988420182290&is_autoplay=true&resolution=720*1208&os_version=7.1.2&language=zh&device_brand=OPPO&ac=wifi&update_version_code=9901504&minor_status=0&_rticket=1753758026000'
2025-07-28 20:00:27,411 - INFO - HTTP Request: GET https://api.notion.com/v1/databases/23e035de0731803c9609e369fdbcc16d "HTTP/1.1 200 OK"
2025-07-28 20:00:27,665 - ERROR - Error parsing JSON response: 444, message='Attempt to decode JSON with unexpected mimetype: text/html', url='https://api.amemv.com/aweme/v1/aweme/post/?device_platform=android&aid=2955&channel=carplay_xiaoai_2955&sec_user_id=MS4wLjABAAAA2Wu4TpjbvOTZAm-s6FoxWxNf8hUik_gjfDrYVI0JMb22hRb7nvbOaPFGhLxW0gBa&count=10&ts=1753758027&app_type=lite&os_api=25&device_type=PCRT00&ssmix=a&manifest_version_code=9901504&dpi=240&version_code=9901504&app_name=aweme&version_name=9.9.15&device_id=5827988420182290&is_autoplay=true&resolution=720*1208&os_version=7.1.2&language=zh&device_brand=OPPO&ac=wifi&update_version_code=9901504&minor_status=0&_rticket=1753758027000'
2025-07-28 20:00:27,988 - INFO - HTTP Request: GET https://api.notion.com/v1/databases/23e035de0731803c9609e369fdbcc16d "HTTP/1.1 200 OK"
2025-07-28 20:00:27,999 - ERROR - Error parsing JSON response: 444, message='Attempt to decode JSON with unexpected mimetype: text/html', url='https://api.amemv.com/aweme/v1/aweme/post/?device_platform=android&aid=2955&channel=carplay_xiaoai_2955&sec_user_id=MS4wLjABAAAADHBjvMEAguh6bZi8KKGTOTiUEvPSYsSWJJRLOdfs2g61Do-k9z6XoNWSPnvPkzu-&count=10&ts=1753758027&app_type=lite&os_api=25&device_type=PCRT00&ssmix=a&manifest_version_code=9901504&dpi=240&version_code=9901504&app_name=aweme&version_name=9.9.15&device_id=5827988420182290&is_autoplay=true&resolution=720*1208&os_version=7.1.2&language=zh&device_brand=OPPO&ac=wifi&update_version_code=9901504&minor_status=0&_rticket=1753758027000'
2025-07-28 20:00:28,097 - INFO - HTTP Request: GET https://api.notion.com/v1/databases/23e035de0731803c9609e369fdbcc16d "HTTP/1.1 200 OK"
2025-07-28 20:00:28,402 - INFO - HTTP Request: POST https://api.notion.com/v1/pages "HTTP/1.1 409 Conflict"
2025-07-28 20:00:28,486 - INFO - HTTP Request: POST https://api.notion.com/v1/pages "HTTP/1.1 200 OK"
2025-07-28 20:00:28,726 - INFO - HTTP Request: POST https://api.notion.com/v1/pages "HTTP/1.1 200 OK"
2025-07-28 20:00:29,184 - ERROR - Error parsing JSON response: 444, message='Attempt to decode JSON with unexpected mimetype: text/html', url='https://api.amemv.com/aweme/v1/aweme/post/?device_platform=android&aid=2955&channel=carplay_xiaoai_2955&sec_user_id=MS4wLjABAAAAyq2_7O7RW_0KNgsr3WMrXCH2gqhY_QAd9Oezb6zGfVk&count=10&ts=1753758029&app_type=lite&os_api=25&device_type=PCRT00&ssmix=a&manifest_version_code=9901504&dpi=240&version_code=9901504&app_name=aweme&version_name=9.9.15&device_id=5827988420182290&is_autoplay=true&resolution=720*1208&os_version=7.1.2&language=zh&device_brand=OPPO&ac=wifi&update_version_code=9901504&minor_status=0&_rticket=1753758029000'
2025-07-28 20:00:29,187 - ERROR - Error parsing JSON response: 444, message='Attempt to decode JSON with unexpected mimetype: text/html', url='https://api.amemv.com/aweme/v1/aweme/post/?device_platform=android&aid=2955&channel=carplay_xiaoai_2955&sec_user_id=MS4wLjABAAAARAA3sT5F4647X4xSaP6-05ImJA_rDfGIDDpMF28z1Zw&count=10&ts=1753758029&app_type=lite&os_api=25&device_type=PCRT00&ssmix=a&manifest_version_code=9901504&dpi=240&version_code=9901504&app_name=aweme&version_name=9.9.15&device_id=5827988420182290&is_autoplay=true&resolution=720*1208&os_version=7.1.2&language=zh&device_brand=OPPO&ac=wifi&update_version_code=9901504&minor_status=0&_rticket=1753758029000'
2025-07-28 20:00:29,195 - ERROR - Error parsing JSON response: 444, message='Attempt to decode JSON with unexpected mimetype: text/html', url='https://api.amemv.com/aweme/v1/aweme/post/?device_platform=android&aid=2955&channel=carplay_xiaoai_2955&sec_user_id=MS4wLjABAAAAJDqZ40zZ078qx3fHjOpP0VeXKRTPAhBk8VCa1VM39NfTHganXRl5EFFYYog5cPZB&count=10&ts=1753758029&app_type=lite&os_api=25&device_type=PCRT00&ssmix=a&manifest_version_code=9901504&dpi=240&version_code=9901504&app_name=aweme&version_name=9.9.15&device_id=5827988420182290&is_autoplay=true&resolution=720*1208&os_version=7.1.2&language=zh&device_brand=OPPO&ac=wifi&update_version_code=9901504&minor_status=0&_rticket=1753758029000'
2025-07-28 20:00:29,196 - ERROR - Error parsing JSON response: 444, message='Attempt to decode JSON with unexpected mimetype: text/html', url='https://api.amemv.com/aweme/v1/aweme/post/?device_platform=android&aid=2955&channel=carplay_xiaoai_2955&sec_user_id=MS4wLjABAAAALCcsDotQhAW-nhlgds2RuHmmq0VqqDiSL1uA5rw_Qyu-ItnpAYG-yPQxtnuDTa0x&count=10&ts=1753758029&app_type=lite&os_api=25&device_type=PCRT00&ssmix=a&manifest_version_code=9901504&dpi=240&version_code=9901504&app_name=aweme&version_name=9.9.15&device_id=5827988420182290&is_autoplay=true&resolution=720*1208&os_version=7.1.2&language=zh&device_brand=OPPO&ac=wifi&update_version_code=9901504&minor_status=0&_rticket=1753758029000'
2025-07-28 20:00:29,201 - ERROR - Error parsing JSON response: 444, message='Attempt to decode JSON with unexpected mimetype: text/html', url='https://api.amemv.com/aweme/v1/aweme/post/?device_platform=android&aid=2955&channel=carplay_xiaoai_2955&sec_user_id=MS4wLjABAAAAXxxbZHRGh0KLdWq-wblUbD3Dzi3tP7dYlY5MARZ-uu5ZCS5laVWHfbOplEw_Yk4z&count=10&ts=1753758029&app_type=lite&os_api=25&device_type=PCRT00&ssmix=a&manifest_version_code=9901504&dpi=240&version_code=9901504&app_name=aweme&version_name=9.9.15&device_id=5827988420182290&is_autoplay=true&resolution=720*1208&os_version=7.1.2&language=zh&device_brand=OPPO&ac=wifi&update_version_code=9901504&minor_status=0&_rticket=1753758029000'
2025-07-28 20:00:29,264 - ERROR - Error parsing JSON response: 444, message='Attempt to decode JSON with unexpected mimetype: text/html', url='https://api.amemv.com/aweme/v1/aweme/post/?device_platform=android&aid=2955&channel=carplay_xiaoai_2955&sec_user_id=MS4wLjABAAAA2nCdyVFmLYNfeLneaG1mDoOq7aREXsFDhBldCMt-eoNPyYSYplbQWx-LX9y_CgCJ&count=10&ts=1753758029&app_type=lite&os_api=25&device_type=PCRT00&ssmix=a&manifest_version_code=9901504&dpi=240&version_code=9901504&app_name=aweme&version_name=9.9.15&device_id=5827988420182290&is_autoplay=true&resolution=720*1208&os_version=7.1.2&language=zh&device_brand=OPPO&ac=wifi&update_version_code=9901504&minor_status=0&_rticket=1753758029000'
2025-07-28 20:00:29,460 - INFO - HTTP Request: GET https://api.notion.com/v1/databases/23e035de0731803c9609e369fdbcc16d "HTTP/1.1 200 OK"
2025-07-28 20:00:29,522 - INFO - HTTP Request: POST https://api.notion.com/v1/pages "HTTP/1.1 200 OK"
2025-07-28 20:00:29,570 - INFO - HTTP Request: GET https://api.notion.com/v1/databases/23e035de0731803c9609e369fdbcc16d "HTTP/1.1 200 OK"
2025-07-28 20:00:30,020 - INFO - HTTP Request: POST https://api.notion.com/v1/pages "HTTP/1.1 200 OK"
2025-07-28 20:00:30,222 - INFO - HTTP Request: POST https://api.notion.com/v1/pages "HTTP/1.1 200 OK"
2025-07-28 20:00:30,242 - INFO - HTTP Request: GET https://api.notion.com/v1/databases/23e035de0731803c9609e369fdbcc16d "HTTP/1.1 200 OK"
2025-07-28 20:00:30,480 - INFO - HTTP Request: GET https://api.notion.com/v1/databases/23e035de0731803c9609e369fdbcc16d "HTTP/1.1 200 OK"
2025-07-28 20:00:30,512 - ERROR - Error parsing JSON response: 444, message='Attempt to decode JSON with unexpected mimetype: text/html', url='https://api.amemv.com/aweme/v1/aweme/post/?device_platform=android&aid=2955&channel=carplay_xiaoai_2955&sec_user_id=MS4wLjABAAAA2iXK3Iw5F7GD8VIQELfWjEJL5gaEqLWRINVpGQ8eqdJgXYM8f9gDf2TZIv3tKB9C&count=10&ts=1753758030&app_type=lite&os_api=25&device_type=PCRT00&ssmix=a&manifest_version_code=9901504&dpi=240&version_code=9901504&app_name=aweme&version_name=9.9.15&device_id=5827988420182290&is_autoplay=true&resolution=720*1208&os_version=7.1.2&language=zh&device_brand=OPPO&ac=wifi&update_version_code=9901504&minor_status=0&_rticket=1753758030000'
2025-07-28 20:00:30,699 - INFO - HTTP Request: POST https://api.notion.com/v1/pages "HTTP/1.1 200 OK"
2025-07-28 20:00:31,054 - INFO - HTTP Request: POST https://api.notion.com/v1/pages "HTTP/1.1 200 OK"
2025-07-28 20:00:31,103 - ERROR - Error parsing JSON response: 444, message='Attempt to decode JSON with unexpected mimetype: text/html', url='https://api.amemv.com/aweme/v1/aweme/post/?device_platform=android&aid=2955&channel=carplay_xiaoai_2955&sec_user_id=MS4wLjABAAAAcwgCBTlFzHJddGP_aTNi580VP1DuSw9BiebXR2huvM3W11Ae4NMIVqQ6cAVtDn7c&count=10&ts=1753758030&app_type=lite&os_api=25&device_type=PCRT00&ssmix=a&manifest_version_code=9901504&dpi=240&version_code=9901504&app_name=aweme&version_name=9.9.15&device_id=5827988420182290&is_autoplay=true&resolution=720*1208&os_version=7.1.2&language=zh&device_brand=OPPO&ac=wifi&update_version_code=9901504&minor_status=0&_rticket=1753758030000'
2025-07-28 20:00:31,193 - INFO - HTTP Request: GET https://api.notion.com/v1/databases/23e035de0731803c9609e369fdbcc16d "HTTP/1.1 200 OK"
2025-07-28 20:00:31,322 - INFO - HTTP Request: GET https://api.notion.com/v1/databases/23e035de0731803c9609e369fdbcc16d "HTTP/1.1 200 OK"
2025-07-28 20:00:31,672 - INFO - HTTP Request: GET https://api.notion.com/v1/databases/23e035de0731803c9609e369fdbcc16d "HTTP/1.1 200 OK"
2025-07-28 20:00:31,712 - INFO - HTTP Request: POST https://api.notion.com/v1/pages "HTTP/1.1 200 OK"
2025-07-28 20:00:31,903 - ERROR - Error parsing JSON response: 444, message='Attempt to decode JSON with unexpected mimetype: text/html', url='https://api.amemv.com/aweme/v1/aweme/post/?device_platform=android&aid=2955&channel=carplay_xiaoai_2955&sec_user_id=MS4wLjABAAAAxKq_dqN2RW8emJzNJFqxpOxKoOQsSWxM3PoEZ208oeE&count=10&ts=1753758031&app_type=lite&os_api=25&device_type=PCRT00&ssmix=a&manifest_version_code=9901504&dpi=240&version_code=9901504&app_name=aweme&version_name=9.9.15&device_id=5827988420182290&is_autoplay=true&resolution=720*1208&os_version=7.1.2&language=zh&device_brand=OPPO&ac=wifi&update_version_code=9901504&minor_status=0&_rticket=1753758031000'
2025-07-28 20:00:31,905 - ERROR - Error parsing JSON response: 444, message='Attempt to decode JSON with unexpected mimetype: text/html', url='https://api.amemv.com/aweme/v1/aweme/post/?device_platform=android&aid=2955&channel=carplay_xiaoai_2955&sec_user_id=MS4wLjABAAAAxDJT8TLetAJZTMIvPVM9AkrMJRQ7fHyPP99xusRDd4NhY0VUIno9mAA6_MKPEMzw&count=10&ts=1753758031&app_type=lite&os_api=25&device_type=PCRT00&ssmix=a&manifest_version_code=9901504&dpi=240&version_code=9901504&app_name=aweme&version_name=9.9.15&device_id=5827988420182290&is_autoplay=true&resolution=720*1208&os_version=7.1.2&language=zh&device_brand=OPPO&ac=wifi&update_version_code=9901504&minor_status=0&_rticket=1753758031000'
2025-07-28 20:00:31,906 - ERROR - Error parsing JSON response: 444, message='Attempt to decode JSON with unexpected mimetype: text/html', url='https://api.amemv.com/aweme/v1/aweme/post/?device_platform=android&aid=2955&channel=carplay_xiaoai_2955&sec_user_id=MS4wLjABAAAA1f0KmWiPEjwKNQBhZ_NxaTuxn7iFbmow7Jo_FT5my8M&count=10&ts=1753758031&app_type=lite&os_api=25&device_type=PCRT00&ssmix=a&manifest_version_code=9901504&dpi=240&version_code=9901504&app_name=aweme&version_name=9.9.15&device_id=5827988420182290&is_autoplay=true&resolution=720*1208&os_version=7.1.2&language=zh&device_brand=OPPO&ac=wifi&update_version_code=9901504&minor_status=0&_rticket=1753758031000'
2025-07-28 20:00:31,909 - ERROR - Error parsing JSON response: 444, message='Attempt to decode JSON with unexpected mimetype: text/html', url='https://api.amemv.com/aweme/v1/aweme/post/?device_platform=android&aid=2955&channel=carplay_xiaoai_2955&sec_user_id=MS4wLjABAAAAwsUnL_btVC3YLT3dd_pqW0bIn-tIvp4Ca7Ob3Xj836k&count=10&ts=1753758031&app_type=lite&os_api=25&device_type=PCRT00&ssmix=a&manifest_version_code=9901504&dpi=240&version_code=9901504&app_name=aweme&version_name=9.9.15&device_id=5827988420182290&is_autoplay=true&resolution=720*1208&os_version=7.1.2&language=zh&device_brand=OPPO&ac=wifi&update_version_code=9901504&minor_status=0&_rticket=1753758031000'
2025-07-28 20:00:31,917 - ERROR - Error parsing JSON response: 444, message='Attempt to decode JSON with unexpected mimetype: text/html', url='https://api.amemv.com/aweme/v1/aweme/post/?device_platform=android&aid=2955&channel=carplay_xiaoai_2955&sec_user_id=MS4wLjABAAAAqeBdPsr99p8BsNhwBI2dmvzn32bc-0A90kOMgh0QLpoGM3tVa5d4iZ0K-NJ-s67T&count=10&ts=1753758031&app_type=lite&os_api=25&device_type=PCRT00&ssmix=a&manifest_version_code=9901504&dpi=240&version_code=9901504&app_name=aweme&version_name=9.9.15&device_id=5827988420182290&is_autoplay=true&resolution=720*1208&os_version=7.1.2&language=zh&device_brand=OPPO&ac=wifi&update_version_code=9901504&minor_status=0&_rticket=1753758031000'
2025-07-28 20:00:31,984 - INFO - HTTP Request: POST https://api.notion.com/v1/pages "HTTP/1.1 200 OK"
2025-07-28 20:00:32,055 - INFO - HTTP Request: GET https://api.notion.com/v1/databases/23e035de0731803c9609e369fdbcc16d "HTTP/1.1 200 OK"
2025-07-28 20:00:32,224 - INFO - HTTP Request: POST https://api.notion.com/v1/pages "HTTP/1.1 200 OK"
2025-07-28 20:00:32,416 - ERROR - Error parsing JSON response: 444, message='Attempt to decode JSON with unexpected mimetype: text/html', url='https://api.amemv.com/aweme/v1/aweme/post/?device_platform=android&aid=2955&channel=carplay_xiaoai_2955&sec_user_id=MS4wLjABAAAAoZE3xJmJ1bTZFMEUhoRWvLnN6tlr467eYQoe8yfEn9yhEwwu6ynwZEKLOhmAyEzJ&count=10&ts=1753758032&app_type=lite&os_api=25&device_type=PCRT00&ssmix=a&manifest_version_code=9901504&dpi=240&version_code=9901504&app_name=aweme&version_name=9.9.15&device_id=5827988420182290&is_autoplay=true&resolution=720*1208&os_version=7.1.2&language=zh&device_brand=OPPO&ac=wifi&update_version_code=9901504&minor_status=0&_rticket=1753758032000'
2025-07-28 20:00:32,473 - INFO - HTTP Request: POST https://api.notion.com/v1/pages "HTTP/1.1 200 OK"
2025-07-28 20:00:32,476 - ERROR - Error parsing JSON response: 444, message='Attempt to decode JSON with unexpected mimetype: text/html', url='https://api.amemv.com/aweme/v1/aweme/post/?device_platform=android&aid=2955&channel=carplay_xiaoai_2955&sec_user_id=MS4wLjABAAAAwDbCwnxisfMw7Hi8b_2SoKu1NURFyzfcJA3TqeIJ5OlMPAUSackNAslPjBsmm7W_&count=10&ts=1753758032&app_type=lite&os_api=25&device_type=PCRT00&ssmix=a&manifest_version_code=9901504&dpi=240&version_code=9901504&app_name=aweme&version_name=9.9.15&device_id=5827988420182290&is_autoplay=true&resolution=720*1208&os_version=7.1.2&language=zh&device_brand=OPPO&ac=wifi&update_version_code=9901504&minor_status=0&_rticket=1753758032000'
2025-07-28 20:00:32,479 - ERROR - Error parsing JSON response: 444, message='Attempt to decode JSON with unexpected mimetype: text/html', url='https://api.amemv.com/aweme/v1/aweme/post/?device_platform=android&aid=2955&channel=carplay_xiaoai_2955&sec_user_id=MS4wLjABAAAAJ7D3jnulMh34WTF1lDbdqsSbN0dXH4GTUpP30hbMOZeLHp-skUqtHM6rB6DjWPS5&count=10&ts=1753758032&app_type=lite&os_api=25&device_type=PCRT00&ssmix=a&manifest_version_code=9901504&dpi=240&version_code=9901504&app_name=aweme&version_name=9.9.15&device_id=5827988420182290&is_autoplay=true&resolution=720*1208&os_version=7.1.2&language=zh&device_brand=OPPO&ac=wifi&update_version_code=9901504&minor_status=0&_rticket=1753758032000'
2025-07-28 20:00:32,480 - ERROR - Error parsing JSON response: 444, message='Attempt to decode JSON with unexpected mimetype: text/html', url='https://api.amemv.com/aweme/v1/aweme/post/?device_platform=android&aid=2955&channel=carplay_xiaoai_2955&sec_user_id=MS4wLjABAAAACnPiXPG_toBmjiPo3iwxb9aSOwwjKYNQmka-tPCMVUdYGEpqqEoihUGW35QnT7OO&count=10&ts=1753758032&app_type=lite&os_api=25&device_type=PCRT00&ssmix=a&manifest_version_code=9901504&dpi=240&version_code=9901504&app_name=aweme&version_name=9.9.15&device_id=5827988420182290&is_autoplay=true&resolution=720*1208&os_version=7.1.2&language=zh&device_brand=OPPO&ac=wifi&update_version_code=9901504&minor_status=0&_rticket=1753758032000'
2025-07-28 20:00:33,221 - INFO - HTTP Request: GET https://api.notion.com/v1/databases/23e035de0731803c9609e369fdbcc16d "HTTP/1.1 200 OK"
2025-07-28 20:00:33,223 - ERROR - Error parsing JSON response: 444, message='Attempt to decode JSON with unexpected mimetype: text/html', url='https://api.amemv.com/aweme/v1/aweme/post/?device_platform=android&aid=2955&channel=carplay_xiaoai_2955&sec_user_id=MS4wLjABAAAA1dHamu8WOopdVUBNFqbFTBdIIm22k2rond04aHvQEYFim0uC9buFZBKP1K3ToyuI&count=10&ts=1753758033&app_type=lite&os_api=25&device_type=PCRT00&ssmix=a&manifest_version_code=9901504&dpi=240&version_code=9901504&app_name=aweme&version_name=9.9.15&device_id=5827988420182290&is_autoplay=true&resolution=720*1208&os_version=7.1.2&language=zh&device_brand=OPPO&ac=wifi&update_version_code=9901504&minor_status=0&_rticket=1753758033000'
2025-07-28 20:00:33,437 - INFO - HTTP Request: GET https://api.notion.com/v1/databases/23e035de0731803c9609e369fdbcc16d "HTTP/1.1 200 OK"
2025-07-28 20:00:34,572 - ERROR - Error parsing JSON response: 444, message='Attempt to decode JSON with unexpected mimetype: text/html', url='https://api.amemv.com/aweme/v1/aweme/post/?device_platform=android&aid=2955&channel=carplay_xiaoai_2955&sec_user_id=MS4wLjABAAAAC0j6CPvwiYo2b9AJkn3tMv4OPqlw2vYuwEEGZc0lhoYmds7Z1tAoBUuImhS5AfgX&count=10&ts=1753758034&app_type=lite&os_api=25&device_type=PCRT00&ssmix=a&manifest_version_code=9901504&dpi=240&version_code=9901504&app_name=aweme&version_name=9.9.15&device_id=5827988420182290&is_autoplay=true&resolution=720*1208&os_version=7.1.2&language=zh&device_brand=OPPO&ac=wifi&update_version_code=9901504&minor_status=0&_rticket=1753758034000'
2025-07-28 20:00:34,606 - INFO - HTTP Request: POST https://api.notion.com/v1/pages "HTTP/1.1 200 OK"
2025-07-28 20:00:34,671 - ERROR - Error parsing JSON response: 444, message='Attempt to decode JSON with unexpected mimetype: text/html', url='https://api.amemv.com/aweme/v1/aweme/post/?device_platform=android&aid=2955&channel=carplay_xiaoai_2955&sec_user_id=MS4wLjABAAAAguGPS61bi_za9hIt9X_mjrLgBDArH4LQguxoMORsCi4dh2Qnd5gq1yFqu5NvZew5&count=10&ts=1753758034&app_type=lite&os_api=25&device_type=PCRT00&ssmix=a&manifest_version_code=9901504&dpi=240&version_code=9901504&app_name=aweme&version_name=9.9.15&device_id=5827988420182290&is_autoplay=true&resolution=720*1208&os_version=7.1.2&language=zh&device_brand=OPPO&ac=wifi&update_version_code=9901504&minor_status=0&_rticket=1753758034000'
2025-07-28 20:00:34,693 - ERROR - Error parsing JSON response: 444, message='Attempt to decode JSON with unexpected mimetype: text/html', url='https://api.amemv.com/aweme/v1/aweme/post/?device_platform=android&aid=2955&channel=carplay_xiaoai_2955&sec_user_id=MS4wLjABAAAAS8pO2Kvu5uuF7E-DPgqkiR31bDVa0TBlsM_LjjL_VDbbZ3JDDEBZ8QMnOsxh0Jdd&count=10&ts=1753758034&app_type=lite&os_api=25&device_type=PCRT00&ssmix=a&manifest_version_code=9901504&dpi=240&version_code=9901504&app_name=aweme&version_name=9.9.15&device_id=5827988420182290&is_autoplay=true&resolution=720*1208&os_version=7.1.2&language=zh&device_brand=OPPO&ac=wifi&update_version_code=9901504&minor_status=0&_rticket=1753758034000'
2025-07-28 20:00:34,895 - INFO - HTTP Request: GET https://api.notion.com/v1/databases/23e035de0731803c9609e369fdbcc16d "HTTP/1.1 200 OK"
2025-07-28 20:00:35,074 - INFO - HTTP Request: POST https://api.notion.com/v1/pages "HTTP/1.1 200 OK"
2025-07-28 20:00:35,118 - INFO - HTTP Request: GET https://api.notion.com/v1/databases/23e035de0731803c9609e369fdbcc16d "HTTP/1.1 200 OK"
2025-07-28 20:00:35,304 - ERROR - Error parsing JSON response: 444, message='Attempt to decode JSON with unexpected mimetype: text/html', url='https://api.amemv.com/aweme/v1/aweme/post/?device_platform=android&aid=2955&channel=carplay_xiaoai_2955&sec_user_id=MS4wLjABAAAA0m-MEPGJBSY-jJgHH2wKsYPAl80H3VMFWVRZQPPHHbSH5e7aQI_35iGO1wsABES-&count=10&ts=1753758035&app_type=lite&os_api=25&device_type=PCRT00&ssmix=a&manifest_version_code=9901504&dpi=240&version_code=9901504&app_name=aweme&version_name=9.9.15&device_id=5827988420182290&is_autoplay=true&resolution=720*1208&os_version=7.1.2&language=zh&device_brand=OPPO&ac=wifi&update_version_code=9901504&minor_status=0&_rticket=1753758035000'
2025-07-28 20:00:35,310 - ERROR - Error parsing JSON response: 444, message='Attempt to decode JSON with unexpected mimetype: text/html', url='https://api.amemv.com/aweme/v1/aweme/post/?device_platform=android&aid=2955&channel=carplay_xiaoai_2955&sec_user_id=MS4wLjABAAAAvGiOG-mC4ikoDYfySCf1R4vTleUgbq29u1nkfJLKUk7N-wKLcuBltYoS9t7xnR-f&count=10&ts=1753758035&app_type=lite&os_api=25&device_type=PCRT00&ssmix=a&manifest_version_code=9901504&dpi=240&version_code=9901504&app_name=aweme&version_name=9.9.15&device_id=5827988420182290&is_autoplay=true&resolution=720*1208&os_version=7.1.2&language=zh&device_brand=OPPO&ac=wifi&update_version_code=9901504&minor_status=0&_rticket=1753758035000'
2025-07-28 20:00:35,321 - ERROR - Error parsing JSON response: 444, message='Attempt to decode JSON with unexpected mimetype: text/html', url='https://api.amemv.com/aweme/v1/aweme/post/?device_platform=android&aid=2955&channel=carplay_xiaoai_2955&sec_user_id=MS4wLjABAAAABPIzLh0sLqoB-IkCV5eKmTqx281zLBapUCdS56bvpRSNQbVu_MKp4sMwljK1NhqI&count=10&ts=1753758035&app_type=lite&os_api=25&device_type=PCRT00&ssmix=a&manifest_version_code=9901504&dpi=240&version_code=9901504&app_name=aweme&version_name=9.9.15&device_id=5827988420182290&is_autoplay=true&resolution=720*1208&os_version=7.1.2&language=zh&device_brand=OPPO&ac=wifi&update_version_code=9901504&minor_status=0&_rticket=1753758035000'
2025-07-28 20:00:35,345 - ERROR - Error parsing JSON response: 444, message='Attempt to decode JSON with unexpected mimetype: text/html', url='https://api.amemv.com/aweme/v1/aweme/post/?device_platform=android&aid=2955&channel=carplay_xiaoai_2955&sec_user_id=MS4wLjABAAAAGk2L3WwagnIXrQUS7vA1UCIphMyC0NioOkmyR76StNJD0VJBBgUXBtSn102Mb4cc&count=10&ts=1753758035&app_type=lite&os_api=25&device_type=PCRT00&ssmix=a&manifest_version_code=9901504&dpi=240&version_code=9901504&app_name=aweme&version_name=9.9.15&device_id=5827988420182290&is_autoplay=true&resolution=720*1208&os_version=7.1.2&language=zh&device_brand=OPPO&ac=wifi&update_version_code=9901504&minor_status=0&_rticket=1753758035000'
2025-07-28 20:00:35,369 - ERROR - Error parsing JSON response: 444, message='Attempt to decode JSON with unexpected mimetype: text/html', url='https://api.amemv.com/aweme/v1/aweme/post/?device_platform=android&aid=2955&channel=carplay_xiaoai_2955&sec_user_id=MS4wLjABAAAAOu2CUhD6dFeIzDCK4dbGjeTekFKKHhZ5MzAVE4-fLF--1T72eFxGC4h3o0P3gANJ&count=10&ts=1753758035&app_type=lite&os_api=25&device_type=PCRT00&ssmix=a&manifest_version_code=9901504&dpi=240&version_code=9901504&app_name=aweme&version_name=9.9.15&device_id=5827988420182290&is_autoplay=true&resolution=720*1208&os_version=7.1.2&language=zh&device_brand=OPPO&ac=wifi&update_version_code=9901504&minor_status=0&_rticket=1753758035000'
2025-07-28 20:00:35,598 - INFO - HTTP Request: GET https://api.notion.com/v1/databases/23e035de0731803c9609e369fdbcc16d "HTTP/1.1 200 OK"
2025-07-28 20:00:35,629 - ERROR - Error parsing JSON response: 444, message='Attempt to decode JSON with unexpected mimetype: text/html', url='https://api.amemv.com/aweme/v1/aweme/post/?device_platform=android&aid=2955&channel=carplay_xiaoai_2955&sec_user_id=MS4wLjABAAAAukTO96aRotyXBUa8HK7EslO4TDecuYAKaD2p06iXXvqgm0h6MsiFycmZRIC5ADTd&count=10&ts=1753758035&app_type=lite&os_api=25&device_type=PCRT00&ssmix=a&manifest_version_code=9901504&dpi=240&version_code=9901504&app_name=aweme&version_name=9.9.15&device_id=5827988420182290&is_autoplay=true&resolution=720*1208&os_version=7.1.2&language=zh&device_brand=OPPO&ac=wifi&update_version_code=9901504&minor_status=0&_rticket=1753758035000'
2025-07-28 20:00:35,635 - ERROR - Error parsing JSON response: 444, message='Attempt to decode JSON with unexpected mimetype: text/html', url='https://api.amemv.com/aweme/v1/aweme/post/?device_platform=android&aid=2955&channel=carplay_xiaoai_2955&sec_user_id=MS4wLjABAAAAB9oNhA8b3GINFI-49NH0itpJLnMDGsESZE7dn0P6SoH1T5fh7abr5EfsxUgy1v2P&count=10&ts=1753758035&app_type=lite&os_api=25&device_type=PCRT00&ssmix=a&manifest_version_code=9901504&dpi=240&version_code=9901504&app_name=aweme&version_name=9.9.15&device_id=5827988420182290&is_autoplay=true&resolution=720*1208&os_version=7.1.2&language=zh&device_brand=OPPO&ac=wifi&update_version_code=9901504&minor_status=0&_rticket=1753758035000'
2025-07-28 20:00:35,638 - ERROR - Error parsing JSON response: 444, message='Attempt to decode JSON with unexpected mimetype: text/html', url='https://api.amemv.com/aweme/v1/aweme/post/?device_platform=android&aid=2955&channel=carplay_xiaoai_2955&sec_user_id=MS4wLjABAAAAFovtSOQ3YoACQsVBwUzGbSW9xun6lxrdKc5valNYLd5TVp9_ATmbUW2_hUVixtv5&count=10&ts=1753758035&app_type=lite&os_api=25&device_type=PCRT00&ssmix=a&manifest_version_code=9901504&dpi=240&version_code=9901504&app_name=aweme&version_name=9.9.15&device_id=5827988420182290&is_autoplay=true&resolution=720*1208&os_version=7.1.2&language=zh&device_brand=OPPO&ac=wifi&update_version_code=9901504&minor_status=0&_rticket=1753758035000'
2025-07-28 20:00:36,060 - INFO - HTTP Request: POST https://api.notion.com/v1/pages "HTTP/1.1 200 OK"
2025-07-28 20:00:36,413 - INFO - HTTP Request: GET https://api.notion.com/v1/databases/23e035de0731803c9609e369fdbcc16d "HTTP/1.1 200 OK"
2025-07-28 20:00:36,421 - ERROR - Error parsing JSON response: 444, message='Attempt to decode JSON with unexpected mimetype: text/html', url='https://api.amemv.com/aweme/v1/aweme/post/?device_platform=android&aid=2955&channel=carplay_xiaoai_2955&sec_user_id=MS4wLjABAAAA_Eg9ME2xyVQvqcRx7tZWX7loeqbyC13EuQFnilCcz9rNeCpw2jkTxeOF1A7_L90d&count=10&ts=1753758036&app_type=lite&os_api=25&device_type=PCRT00&ssmix=a&manifest_version_code=9901504&dpi=240&version_code=9901504&app_name=aweme&version_name=9.9.15&device_id=5827988420182290&is_autoplay=true&resolution=720*1208&os_version=7.1.2&language=zh&device_brand=OPPO&ac=wifi&update_version_code=9901504&minor_status=0&_rticket=1753758036000'
2025-07-28 20:00:36,502 - INFO - HTTP Request: POST https://api.notion.com/v1/pages "HTTP/1.1 200 OK"
2025-07-28 20:00:36,638 - INFO - HTTP Request: POST https://api.notion.com/v1/pages "HTTP/1.1 200 OK"
2025-07-28 20:00:36,739 - ERROR - Error parsing JSON response: 444, message='Attempt to decode JSON with unexpected mimetype: text/html', url='https://api.amemv.com/aweme/v1/aweme/post/?device_platform=android&aid=2955&channel=carplay_xiaoai_2955&sec_user_id=MS4wLjABAAAATvmQ40nLZxIombiMPuSYDHRnL3-JgdHXmEheu3QExCdQAsHrO-nbKWivcv-bUg1n&count=10&ts=1753758036&app_type=lite&os_api=25&device_type=PCRT00&ssmix=a&manifest_version_code=9901504&dpi=240&version_code=9901504&app_name=aweme&version_name=9.9.15&device_id=5827988420182290&is_autoplay=true&resolution=720*1208&os_version=7.1.2&language=zh&device_brand=OPPO&ac=wifi&update_version_code=9901504&minor_status=0&_rticket=1753758036000'
2025-07-28 20:00:36,742 - ERROR - Error parsing JSON response: 444, message='Attempt to decode JSON with unexpected mimetype: text/html', url='https://api.amemv.com/aweme/v1/aweme/post/?device_platform=android&aid=2955&channel=carplay_xiaoai_2955&sec_user_id=MS4wLjABAAAAaQLCKqwqAXL5No5bUzkPaxQ6Q7drAAA0PYIoqbzvsXM0VhLpUg3QGB08BK9dQLHP&count=10&ts=1753758036&app_type=lite&os_api=25&device_type=PCRT00&ssmix=a&manifest_version_code=9901504&dpi=240&version_code=9901504&app_name=aweme&version_name=9.9.15&device_id=5827988420182290&is_autoplay=true&resolution=720*1208&os_version=7.1.2&language=zh&device_brand=OPPO&ac=wifi&update_version_code=9901504&minor_status=0&_rticket=1753758036000'
2025-07-28 20:00:36,744 - ERROR - Error parsing JSON response: 444, message='Attempt to decode JSON with unexpected mimetype: text/html', url='https://api.amemv.com/aweme/v1/aweme/post/?device_platform=android&aid=2955&channel=carplay_xiaoai_2955&sec_user_id=MS4wLjABAAAAOk5Yq1qefFQptZWIeiuW59JB1JP-SIaOwK0O9E2A6m0&count=10&ts=1753758036&app_type=lite&os_api=25&device_type=PCRT00&ssmix=a&manifest_version_code=9901504&dpi=240&version_code=9901504&app_name=aweme&version_name=9.9.15&device_id=5827988420182290&is_autoplay=true&resolution=720*1208&os_version=7.1.2&language=zh&device_brand=OPPO&ac=wifi&update_version_code=9901504&minor_status=0&_rticket=1753758036000'
2025-07-28 20:00:36,776 - ERROR - Error parsing JSON response: 444, message='Attempt to decode JSON with unexpected mimetype: text/html', url='https://api.amemv.com/aweme/v1/aweme/post/?device_platform=android&aid=2955&channel=carplay_xiaoai_2955&sec_user_id=MS4wLjABAAAAFNRVzpUN4rV6wEgRlYAtHvKF_0DrENFUX6jVKt7UX8JCD1nRlV1DnGelZCXLiaVy&count=10&ts=1753758036&app_type=lite&os_api=25&device_type=PCRT00&ssmix=a&manifest_version_code=9901504&dpi=240&version_code=9901504&app_name=aweme&version_name=9.9.15&device_id=5827988420182290&is_autoplay=true&resolution=720*1208&os_version=7.1.2&language=zh&device_brand=OPPO&ac=wifi&update_version_code=9901504&minor_status=0&_rticket=1753758036000'
2025-07-28 20:00:36,792 - ERROR - Error parsing JSON response: 444, message='Attempt to decode JSON with unexpected mimetype: text/html', url='https://api.amemv.com/aweme/v1/aweme/post/?device_platform=android&aid=2955&channel=carplay_xiaoai_2955&sec_user_id=MS4wLjABAAAArwLl9tigxT8lVYgp1Hav-eZglxlLFFdHO7zOte_uNjk&count=10&ts=1753758036&app_type=lite&os_api=25&device_type=PCRT00&ssmix=a&manifest_version_code=9901504&dpi=240&version_code=9901504&app_name=aweme&version_name=9.9.15&device_id=5827988420182290&is_autoplay=true&resolution=720*1208&os_version=7.1.2&language=zh&device_brand=OPPO&ac=wifi&update_version_code=9901504&minor_status=0&_rticket=1753758036000'
2025-07-28 20:00:36,938 - INFO - HTTP Request: POST https://api.notion.com/v1/pages "HTTP/1.1 200 OK"
2025-07-28 20:00:37,067 - INFO - HTTP Request: GET https://api.notion.com/v1/databases/23e035de0731803c9609e369fdbcc16d "HTTP/1.1 200 OK"
2025-07-28 20:00:37,343 - ERROR - Error parsing JSON response: 444, message='Attempt to decode JSON with unexpected mimetype: text/html', url='https://api.amemv.com/aweme/v1/aweme/post/?device_platform=android&aid=2955&channel=carplay_xiaoai_2955&sec_user_id=MS4wLjABAAAAAGTF9SFM9cOHI4Y4gvew1jSlTHgOnks5v7YuSWeaMWzS_nsfCXy_HxJjrsEcM8fZ&count=10&ts=1753758037&app_type=lite&os_api=25&device_type=PCRT00&ssmix=a&manifest_version_code=9901504&dpi=240&version_code=9901504&app_name=aweme&version_name=9.9.15&device_id=5827988420182290&is_autoplay=true&resolution=720*1208&os_version=7.1.2&language=zh&device_brand=OPPO&ac=wifi&update_version_code=9901504&minor_status=0&_rticket=1753758037000'
2025-07-28 20:00:37,353 - ERROR - Error parsing JSON response: 444, message='Attempt to decode JSON with unexpected mimetype: text/html', url='https://api.amemv.com/aweme/v1/aweme/post/?device_platform=android&aid=2955&channel=carplay_xiaoai_2955&sec_user_id=MS4wLjABAAAAmbqj06M-mYhklhWhgurBH8vh2SRRz-l1rLpjN0LTpg4&count=10&ts=1753758037&app_type=lite&os_api=25&device_type=PCRT00&ssmix=a&manifest_version_code=9901504&dpi=240&version_code=9901504&app_name=aweme&version_name=9.9.15&device_id=5827988420182290&is_autoplay=true&resolution=720*1208&os_version=7.1.2&language=zh&device_brand=OPPO&ac=wifi&update_version_code=9901504&minor_status=0&_rticket=1753758037000'
2025-07-28 20:00:37,616 - INFO - HTTP Request: GET https://api.notion.com/v1/databases/23e035de0731803c9609e369fdbcc16d "HTTP/1.1 200 OK"
2025-07-28 20:00:37,623 - INFO - HTTP Request: POST https://api.notion.com/v1/pages "HTTP/1.1 200 OK"
2025-07-28 20:00:37,710 - ERROR - Error parsing JSON response: 444, message='Attempt to decode JSON with unexpected mimetype: text/html', url='https://api.amemv.com/aweme/v1/aweme/post/?device_platform=android&aid=2955&channel=carplay_xiaoai_2955&sec_user_id=MS4wLjABAAAAXLSgvYTGII6yMT-0PC1UGH1MMYXO6bTv8HHqJmAnNxBrbpQjrRVb7xmD6xhHX1lg&count=10&ts=1753758037&app_type=lite&os_api=25&device_type=PCRT00&ssmix=a&manifest_version_code=9901504&dpi=240&version_code=9901504&app_name=aweme&version_name=9.9.15&device_id=5827988420182290&is_autoplay=true&resolution=720*1208&os_version=7.1.2&language=zh&device_brand=OPPO&ac=wifi&update_version_code=9901504&minor_status=0&_rticket=1753758037000'
2025-07-28 20:00:37,713 - ERROR - Error parsing JSON response: 444, message='Attempt to decode JSON with unexpected mimetype: text/html', url='https://api.amemv.com/aweme/v1/aweme/post/?device_platform=android&aid=2955&channel=carplay_xiaoai_2955&sec_user_id=MS4wLjABAAAAR4jaetJhcmHTE-Xi585z9WMnsqyS4a4x4LIpuCxmrP4&count=10&ts=1753758037&app_type=lite&os_api=25&device_type=PCRT00&ssmix=a&manifest_version_code=9901504&dpi=240&version_code=9901504&app_name=aweme&version_name=9.9.15&device_id=5827988420182290&is_autoplay=true&resolution=720*1208&os_version=7.1.2&language=zh&device_brand=OPPO&ac=wifi&update_version_code=9901504&minor_status=0&_rticket=1753758037000'
2025-07-28 20:00:38,405 - ERROR - Error parsing JSON response: 444, message='Attempt to decode JSON with unexpected mimetype: text/html', url='https://api.amemv.com/aweme/v1/aweme/post/?device_platform=android&aid=2955&channel=carplay_xiaoai_2955&sec_user_id=MS4wLjABAAAA9qR00Pn7-23-DjJMrgy-9AdlXTw6qD9vI_xXDKXjnWJL7hOfBXDk0vtyTSZ_AEY2&count=10&ts=1753758038&app_type=lite&os_api=25&device_type=PCRT00&ssmix=a&manifest_version_code=9901504&dpi=240&version_code=9901504&app_name=aweme&version_name=9.9.15&device_id=5827988420182290&is_autoplay=true&resolution=720*1208&os_version=7.1.2&language=zh&device_brand=OPPO&ac=wifi&update_version_code=9901504&minor_status=0&_rticket=1753758038000'
2025-07-28 20:00:38,496 - INFO - HTTP Request: GET https://api.notion.com/v1/databases/23e035de0731803c9609e369fdbcc16d "HTTP/1.1 200 OK"
2025-07-28 20:00:38,596 - INFO - HTTP Request: GET https://api.notion.com/v1/databases/23e035de0731803c9609e369fdbcc16d "HTTP/1.1 200 OK"
2025-07-28 20:00:38,879 - INFO - HTTP Request: GET https://api.notion.com/v1/databases/23e035de0731803c9609e369fdbcc16d "HTTP/1.1 200 OK"
2025-07-28 20:00:39,006 - INFO - HTTP Request: POST https://api.notion.com/v1/pages "HTTP/1.1 200 OK"
2025-07-28 20:00:39,408 - ERROR - Error parsing JSON response: 444, message='Attempt to decode JSON with unexpected mimetype: text/html', url='https://api.amemv.com/aweme/v1/aweme/post/?device_platform=android&aid=2955&channel=carplay_xiaoai_2955&sec_user_id=MS4wLjABAAAA8-OSZfCR_zYPPOa6tT6biKWgxGRTrLg1e76QDG3qZBU&count=10&ts=1753758039&app_type=lite&os_api=25&device_type=PCRT00&ssmix=a&manifest_version_code=9901504&dpi=240&version_code=9901504&app_name=aweme&version_name=9.9.15&device_id=5827988420182290&is_autoplay=true&resolution=720*1208&os_version=7.1.2&language=zh&device_brand=OPPO&ac=wifi&update_version_code=9901504&minor_status=0&_rticket=1753758039000'
2025-07-28 20:00:39,755 - ERROR - Error parsing JSON response: 444, message='Attempt to decode JSON with unexpected mimetype: text/html', url='https://api.amemv.com/aweme/v1/aweme/post/?device_platform=android&aid=2955&channel=carplay_xiaoai_2955&sec_user_id=MS4wLjABAAAATs6uR9fkkhyBQg1GHBPk_swlxtHc3-4kkEyNZ3rBCU_pdxnzfASyGtRoNuwnVQte&count=10&ts=1753758039&app_type=lite&os_api=25&device_type=PCRT00&ssmix=a&manifest_version_code=9901504&dpi=240&version_code=9901504&app_name=aweme&version_name=9.9.15&device_id=5827988420182290&is_autoplay=true&resolution=720*1208&os_version=7.1.2&language=zh&device_brand=OPPO&ac=wifi&update_version_code=9901504&minor_status=0&_rticket=1753758039000'
2025-07-28 20:00:39,758 - ERROR - Error parsing JSON response: 444, message='Attempt to decode JSON with unexpected mimetype: text/html', url='https://api.amemv.com/aweme/v1/aweme/post/?device_platform=android&aid=2955&channel=carplay_xiaoai_2955&sec_user_id=MS4wLjABAAAAFgEXAyd2QYLFwN13sveB1CePjF_L3ZzoF5tDpkQEYL9GMvLr8FxU3t07fFUY7_gK&count=10&ts=1753758039&app_type=lite&os_api=25&device_type=PCRT00&ssmix=a&manifest_version_code=9901504&dpi=240&version_code=9901504&app_name=aweme&version_name=9.9.15&device_id=5827988420182290&is_autoplay=true&resolution=720*1208&os_version=7.1.2&language=zh&device_brand=OPPO&ac=wifi&update_version_code=9901504&minor_status=0&_rticket=1753758039000'
2025-07-28 20:00:39,761 - ERROR - Error parsing JSON response: 444, message='Attempt to decode JSON with unexpected mimetype: text/html', url='https://api.amemv.com/aweme/v1/aweme/post/?device_platform=android&aid=2955&channel=carplay_xiaoai_2955&sec_user_id=MS4wLjABAAAA-PutGAa_LS7EsV7ko4GrhM-DTWkhaqNcqnpb7jKKrnGcxz_CujPySzknfFlFhxqi&count=10&ts=1753758039&app_type=lite&os_api=25&device_type=PCRT00&ssmix=a&manifest_version_code=9901504&dpi=240&version_code=9901504&app_name=aweme&version_name=9.9.15&device_id=5827988420182290&is_autoplay=true&resolution=720*1208&os_version=7.1.2&language=zh&device_brand=OPPO&ac=wifi&update_version_code=9901504&minor_status=0&_rticket=1753758039000'
2025-07-28 20:00:39,762 - ERROR - Error parsing JSON response: 444, message='Attempt to decode JSON with unexpected mimetype: text/html', url='https://api.amemv.com/aweme/v1/aweme/post/?device_platform=android&aid=2955&channel=carplay_xiaoai_2955&sec_user_id=MS4wLjABAAAAlUmnKBQULDSJ32O-xFPIkHm92lqIjXExLcltsm_0YOesxpEstL6LQcANZr1eUMVh&count=10&ts=1753758039&app_type=lite&os_api=25&device_type=PCRT00&ssmix=a&manifest_version_code=9901504&dpi=240&version_code=9901504&app_name=aweme&version_name=9.9.15&device_id=5827988420182290&is_autoplay=true&resolution=720*1208&os_version=7.1.2&language=zh&device_brand=OPPO&ac=wifi&update_version_code=9901504&minor_status=0&_rticket=1753758039000'
2025-07-28 20:00:39,802 - INFO - HTTP Request: POST https://api.notion.com/v1/pages "HTTP/1.1 409 Conflict"
2025-07-28 20:00:39,847 - INFO - HTTP Request: POST https://api.notion.com/v1/pages "HTTP/1.1 200 OK"
2025-07-28 20:00:40,482 - INFO - HTTP Request: GET https://api.notion.com/v1/databases/23e035de0731803c9609e369fdbcc16d "HTTP/1.1 200 OK"
2025-07-28 20:00:40,576 - ERROR - Error parsing JSON response: 444, message='Attempt to decode JSON with unexpected mimetype: text/html', url='https://api.amemv.com/aweme/v1/aweme/post/?device_platform=android&aid=2955&channel=carplay_xiaoai_2955&sec_user_id=MS4wLjABAAAA7tG113SLeWE0BHxc4ByOyriJOgNps1aPWaLqEETryzvH-dJaCY65Zf1OOh4g9L4a&count=10&ts=1753758040&app_type=lite&os_api=25&device_type=PCRT00&ssmix=a&manifest_version_code=9901504&dpi=240&version_code=9901504&app_name=aweme&version_name=9.9.15&device_id=5827988420182290&is_autoplay=true&resolution=720*1208&os_version=7.1.2&language=zh&device_brand=OPPO&ac=wifi&update_version_code=9901504&minor_status=0&_rticket=1753758040000'
2025-07-28 20:00:40,767 - ERROR - Error parsing JSON response: 444, message='Attempt to decode JSON with unexpected mimetype: text/html', url='https://api.amemv.com/aweme/v1/aweme/post/?device_platform=android&aid=2955&channel=carplay_xiaoai_2955&sec_user_id=MS4wLjABAAAAfFbjTXUBwTgmTikSN75aqdSVPLKdTXWM_SKLRPy85DKhfDTzFZ6Oz7LrQfOlnqI6&count=10&ts=1753758040&app_type=lite&os_api=25&device_type=PCRT00&ssmix=a&manifest_version_code=9901504&dpi=240&version_code=9901504&app_name=aweme&version_name=9.9.15&device_id=5827988420182290&is_autoplay=true&resolution=720*1208&os_version=7.1.2&language=zh&device_brand=OPPO&ac=wifi&update_version_code=9901504&minor_status=0&_rticket=1753758040000'
2025-07-28 20:00:40,937 - INFO - HTTP Request: GET https://api.notion.com/v1/databases/23e035de0731803c9609e369fdbcc16d "HTTP/1.1 200 OK"
2025-07-28 20:00:40,950 - INFO - HTTP Request: GET https://api.notion.com/v1/databases/23e035de0731803c9609e369fdbcc16d "HTTP/1.1 200 OK"
2025-07-28 20:00:41,330 - INFO - HTTP Request: POST https://api.notion.com/v1/pages "HTTP/1.1 409 Conflict"
2025-07-28 20:00:41,337 - INFO - HTTP Request: POST https://api.notion.com/v1/pages "HTTP/1.1 409 Conflict"
2025-07-28 20:00:41,394 - INFO - HTTP Request: POST https://api.notion.com/v1/pages "HTTP/1.1 200 OK"
2025-07-28 20:00:41,460 - ERROR - Error parsing JSON response: 444, message='Attempt to decode JSON with unexpected mimetype: text/html', url='https://api.amemv.com/aweme/v1/aweme/post/?device_platform=android&aid=2955&channel=carplay_xiaoai_2955&sec_user_id=MS4wLjABAAAA7jMhoxxzQ3WksgiMHGF0LPN9yrUL0qbmlXeIy1hM_LANhDYXnH31VVQ0V88ZiRDI&count=10&ts=1753758041&app_type=lite&os_api=25&device_type=PCRT00&ssmix=a&manifest_version_code=9901504&dpi=240&version_code=9901504&app_name=aweme&version_name=9.9.15&device_id=5827988420182290&is_autoplay=true&resolution=720*1208&os_version=7.1.2&language=zh&device_brand=OPPO&ac=wifi&update_version_code=9901504&minor_status=0&_rticket=1753758041000'
2025-07-28 20:00:41,738 - ERROR - Error parsing JSON response: 444, message='Attempt to decode JSON with unexpected mimetype: text/html', url='https://api.amemv.com/aweme/v1/aweme/post/?device_platform=android&aid=2955&channel=carplay_xiaoai_2955&sec_user_id=MS4wLjABAAAAEZTdb_ch9hn5zvTClJ8QRwwFHOIK7uSZsMtk2WU1kUAGs5e7FETZv8pHcNUG7_RP&count=10&ts=1753758041&app_type=lite&os_api=25&device_type=PCRT00&ssmix=a&manifest_version_code=9901504&dpi=240&version_code=9901504&app_name=aweme&version_name=9.9.15&device_id=5827988420182290&is_autoplay=true&resolution=720*1208&os_version=7.1.2&language=zh&device_brand=OPPO&ac=wifi&update_version_code=9901504&minor_status=0&_rticket=1753758041000'
2025-07-28 20:00:42,410 - ERROR - Error parsing JSON response: 444, message='Attempt to decode JSON with unexpected mimetype: text/html', url='https://api.amemv.com/aweme/v1/aweme/post/?device_platform=android&aid=2955&channel=carplay_xiaoai_2955&sec_user_id=MS4wLjABAAAA7aTeMcQtWOEezBZB_4l_-PXvyRg-xFyx7O3_q-3MkNIhluauTfuxo4i7Yp690lou&count=10&ts=1753758042&app_type=lite&os_api=25&device_type=PCRT00&ssmix=a&manifest_version_code=9901504&dpi=240&version_code=9901504&app_name=aweme&version_name=9.9.15&device_id=5827988420182290&is_autoplay=true&resolution=720*1208&os_version=7.1.2&language=zh&device_brand=OPPO&ac=wifi&update_version_code=9901504&minor_status=0&_rticket=1753758042000'
2025-07-28 20:00:42,633 - INFO - HTTP Request: GET https://api.notion.com/v1/databases/23e035de0731803c9609e369fdbcc16d "HTTP/1.1 200 OK"
2025-07-28 20:00:42,673 - INFO - HTTP Request: GET https://api.notion.com/v1/databases/23e035de0731803c9609e369fdbcc16d "HTTP/1.1 200 OK"
2025-07-28 20:00:42,676 - INFO - HTTP Request: GET https://api.notion.com/v1/databases/23e035de0731803c9609e369fdbcc16d "HTTP/1.1 200 OK"
2025-07-28 20:00:42,940 - ERROR - Error parsing JSON response: 444, message='Attempt to decode JSON with unexpected mimetype: text/html', url='https://api.amemv.com/aweme/v1/aweme/post/?device_platform=android&aid=2955&channel=carplay_xiaoai_2955&sec_user_id=MS4wLjABAAAALspbhJp_1Zf1ZwJy2hXrpTNxear8uA-9KmdCT_HQT6k&count=10&ts=1753758042&app_type=lite&os_api=25&device_type=PCRT00&ssmix=a&manifest_version_code=9901504&dpi=240&version_code=9901504&app_name=aweme&version_name=9.9.15&device_id=5827988420182290&is_autoplay=true&resolution=720*1208&os_version=7.1.2&language=zh&device_brand=OPPO&ac=wifi&update_version_code=9901504&minor_status=0&_rticket=1753758042000'
2025-07-28 20:00:42,974 - ERROR - Error parsing JSON response: 444, message='Attempt to decode JSON with unexpected mimetype: text/html', url='https://api.amemv.com/aweme/v1/aweme/post/?device_platform=android&aid=2955&channel=carplay_xiaoai_2955&sec_user_id=MS4wLjABAAAAoPFweCuoKgGJFfJl2K9z_SZMIyLHS7C9KQftgGVupIjlgPT-ro24fIba6lSRY5Km&count=10&ts=1753758042&app_type=lite&os_api=25&device_type=PCRT00&ssmix=a&manifest_version_code=9901504&dpi=240&version_code=9901504&app_name=aweme&version_name=9.9.15&device_id=5827988420182290&is_autoplay=true&resolution=720*1208&os_version=7.1.2&language=zh&device_brand=OPPO&ac=wifi&update_version_code=9901504&minor_status=0&_rticket=1753758042000'
2025-07-28 20:00:43,075 - INFO - HTTP Request: POST https://api.notion.com/v1/pages "HTTP/1.1 409 Conflict"
2025-07-28 20:00:43,126 - INFO - HTTP Request: POST https://api.notion.com/v1/pages "HTTP/1.1 200 OK"
2025-07-28 20:00:44,060 - INFO - HTTP Request: POST https://api.notion.com/v1/pages "HTTP/1.1 409 Conflict"
2025-07-28 20:00:44,149 - INFO - HTTP Request: GET https://api.notion.com/v1/databases/23e035de0731803c9609e369fdbcc16d "HTTP/1.1 200 OK"
2025-07-28 20:00:44,251 - ERROR - Error parsing JSON response: 444, message='Attempt to decode JSON with unexpected mimetype: text/html', url='https://api.amemv.com/aweme/v1/aweme/post/?device_platform=android&aid=2955&channel=carplay_xiaoai_2955&sec_user_id=MS4wLjABAAAAeYjhjHwAzXXvrluzstQEnXpnZs4Vhf8KndyAyT1hEFr9csFHwCVvn5Ej7P3H0nlC&count=10&ts=1753758044&app_type=lite&os_api=25&device_type=PCRT00&ssmix=a&manifest_version_code=9901504&dpi=240&version_code=9901504&app_name=aweme&version_name=9.9.15&device_id=5827988420182290&is_autoplay=true&resolution=720*1208&os_version=7.1.2&language=zh&device_brand=OPPO&ac=wifi&update_version_code=9901504&minor_status=0&_rticket=1753758044000'
2025-07-28 20:00:44,260 - ERROR - Error parsing JSON response: 444, message='Attempt to decode JSON with unexpected mimetype: text/html', url='https://api.amemv.com/aweme/v1/aweme/post/?device_platform=android&aid=2955&channel=carplay_xiaoai_2955&sec_user_id=MS4wLjABAAAA5VO5xKU39y9v2gMueVkzeQKoxM1X0cShPRJjoJY0IQg&count=10&ts=1753758044&app_type=lite&os_api=25&device_type=PCRT00&ssmix=a&manifest_version_code=9901504&dpi=240&version_code=9901504&app_name=aweme&version_name=9.9.15&device_id=5827988420182290&is_autoplay=true&resolution=720*1208&os_version=7.1.2&language=zh&device_brand=OPPO&ac=wifi&update_version_code=9901504&minor_status=0&_rticket=1753758044000'
2025-07-28 20:00:44,566 - INFO - HTTP Request: POST https://api.notion.com/v1/pages "HTTP/1.1 200 OK"
2025-07-28 20:00:44,608 - ERROR - Error parsing JSON response: 444, message='Attempt to decode JSON with unexpected mimetype: text/html', url='https://api.amemv.com/aweme/v1/aweme/post/?device_platform=android&aid=2955&channel=carplay_xiaoai_2955&sec_user_id=MS4wLjABAAAAZF74VLzgSfa7rPVyrW_iZGKQAk8EsofGqDSj66P-Ox-bYl-6zRzTsbN8eYS8HMS2&count=10&ts=1753758044&app_type=lite&os_api=25&device_type=PCRT00&ssmix=a&manifest_version_code=9901504&dpi=240&version_code=9901504&app_name=aweme&version_name=9.9.15&device_id=5827988420182290&is_autoplay=true&resolution=720*1208&os_version=7.1.2&language=zh&device_brand=OPPO&ac=wifi&update_version_code=9901504&minor_status=0&_rticket=1753758044000'
2025-07-28 20:00:44,610 - ERROR - Error parsing JSON response: 444, message='Attempt to decode JSON with unexpected mimetype: text/html', url='https://api.amemv.com/aweme/v1/aweme/post/?device_platform=android&aid=2955&channel=carplay_xiaoai_2955&sec_user_id=MS4wLjABAAAATgwzsgs6Rxm-d3ZXKy2qQ7XiOs4zM8EnP8Pq1BJEuAhyatNe-QPkPVfHwrp8q5yR&count=10&ts=1753758044&app_type=lite&os_api=25&device_type=PCRT00&ssmix=a&manifest_version_code=9901504&dpi=240&version_code=9901504&app_name=aweme&version_name=9.9.15&device_id=5827988420182290&is_autoplay=true&resolution=720*1208&os_version=7.1.2&language=zh&device_brand=OPPO&ac=wifi&update_version_code=9901504&minor_status=0&_rticket=1753758044000'
2025-07-28 20:00:44,618 - ERROR - Error parsing JSON response: 444, message='Attempt to decode JSON with unexpected mimetype: text/html', url='https://api.amemv.com/aweme/v1/aweme/post/?device_platform=android&aid=2955&channel=carplay_xiaoai_2955&sec_user_id=MS4wLjABAAAAZF_t36B464hNkjUjjMiFbqrEcBM7Cn9RWGid4GJKAxM&count=10&ts=1753758044&app_type=lite&os_api=25&device_type=PCRT00&ssmix=a&manifest_version_code=9901504&dpi=240&version_code=9901504&app_name=aweme&version_name=9.9.15&device_id=5827988420182290&is_autoplay=true&resolution=720*1208&os_version=7.1.2&language=zh&device_brand=OPPO&ac=wifi&update_version_code=9901504&minor_status=0&_rticket=1753758044000'
2025-07-28 20:00:44,622 - ERROR - Error parsing JSON response: 444, message='Attempt to decode JSON with unexpected mimetype: text/html', url='https://api.amemv.com/aweme/v1/aweme/post/?device_platform=android&aid=2955&channel=carplay_xiaoai_2955&sec_user_id=MS4wLjABAAAAtMR2NQpnWcLBY49ivR3cLf6pPzMgDHDjQL8LwVnTwO1tAr6g-8YH4-sfAQhw7c-S&count=10&ts=1753758044&app_type=lite&os_api=25&device_type=PCRT00&ssmix=a&manifest_version_code=9901504&dpi=240&version_code=9901504&app_name=aweme&version_name=9.9.15&device_id=5827988420182290&is_autoplay=true&resolution=720*1208&os_version=7.1.2&language=zh&device_brand=OPPO&ac=wifi&update_version_code=9901504&minor_status=0&_rticket=1753758044000'
2025-07-28 20:00:44,626 - ERROR - Error parsing JSON response: 444, message='Attempt to decode JSON with unexpected mimetype: text/html', url='https://api.amemv.com/aweme/v1/aweme/post/?device_platform=android&aid=2955&channel=carplay_xiaoai_2955&sec_user_id=MS4wLjABAAAAYQg5HP8hRrjFFEFPU310CrRzagM38Wx0PaQ4CvNs4Es&count=10&ts=1753758044&app_type=lite&os_api=25&device_type=PCRT00&ssmix=a&manifest_version_code=9901504&dpi=240&version_code=9901504&app_name=aweme&version_name=9.9.15&device_id=5827988420182290&is_autoplay=true&resolution=720*1208&os_version=7.1.2&language=zh&device_brand=OPPO&ac=wifi&update_version_code=9901504&minor_status=0&_rticket=1753758044000'
2025-07-28 20:00:44,628 - ERROR - Error parsing JSON response: 444, message='Attempt to decode JSON with unexpected mimetype: text/html', url='https://api.amemv.com/aweme/v1/aweme/post/?device_platform=android&aid=2955&channel=carplay_xiaoai_2955&sec_user_id=MS4wLjABAAAAZRKk7tK3zGOGnS4HfnDH9pkdDWx9rANVvQ_UNfxc6N0&count=10&ts=1753758044&app_type=lite&os_api=25&device_type=PCRT00&ssmix=a&manifest_version_code=9901504&dpi=240&version_code=9901504&app_name=aweme&version_name=9.9.15&device_id=5827988420182290&is_autoplay=true&resolution=720*1208&os_version=7.1.2&language=zh&device_brand=OPPO&ac=wifi&update_version_code=9901504&minor_status=0&_rticket=1753758044000'
2025-07-28 20:00:44,675 - ERROR - Error parsing JSON response: 444, message='Attempt to decode JSON with unexpected mimetype: text/html', url='https://api.amemv.com/aweme/v1/aweme/post/?device_platform=android&aid=2955&channel=carplay_xiaoai_2955&sec_user_id=MS4wLjABAAAAyVlqn7v3jIfDZbOD6xXQ0pNKZ0vYl0E903CMilMPX4I&count=10&ts=1753758044&app_type=lite&os_api=25&device_type=PCRT00&ssmix=a&manifest_version_code=9901504&dpi=240&version_code=9901504&app_name=aweme&version_name=9.9.15&device_id=5827988420182290&is_autoplay=true&resolution=720*1208&os_version=7.1.2&language=zh&device_brand=OPPO&ac=wifi&update_version_code=9901504&minor_status=0&_rticket=1753758044000'
2025-07-28 20:00:44,761 - INFO - HTTP Request: GET https://api.notion.com/v1/databases/23e035de0731803c9609e369fdbcc16d "HTTP/1.1 200 OK"
2025-07-28 20:00:44,965 - INFO - HTTP Request: POST https://api.notion.com/v1/pages "HTTP/1.1 200 OK"
2025-07-28 20:00:45,020 - INFO - HTTP Request: GET https://api.notion.com/v1/databases/23e035de0731803c9609e369fdbcc16d "HTTP/1.1 200 OK"
2025-07-28 20:00:45,176 - INFO - HTTP Request: POST https://api.notion.com/v1/pages "HTTP/1.1 200 OK"
2025-07-28 20:00:45,189 - ERROR - Error parsing JSON response: 444, message='Attempt to decode JSON with unexpected mimetype: text/html', url='https://api.amemv.com/aweme/v1/aweme/post/?device_platform=android&aid=2955&channel=carplay_xiaoai_2955&sec_user_id=MS4wLjABAAAA4MuHz053NeJfCrpMBqkEVwYhTYlo6Eqb80cIbsfWSeSAoQVwqXNrcw9OdvvdmK1S&count=10&ts=1753758045&app_type=lite&os_api=25&device_type=PCRT00&ssmix=a&manifest_version_code=9901504&dpi=240&version_code=9901504&app_name=aweme&version_name=9.9.15&device_id=5827988420182290&is_autoplay=true&resolution=720*1208&os_version=7.1.2&language=zh&device_brand=OPPO&ac=wifi&update_version_code=9901504&minor_status=0&_rticket=1753758045000'
2025-07-28 20:00:45,466 - ERROR - Error parsing JSON response: 444, message='Attempt to decode JSON with unexpected mimetype: text/html', url='https://api.amemv.com/aweme/v1/aweme/post/?device_platform=android&aid=2955&channel=carplay_xiaoai_2955&sec_user_id=MS4wLjABAAAAdTh5WF6aSIvXoplbhCYrrkucPWgKRtS9crtGke1RmOo&count=10&ts=1753758045&app_type=lite&os_api=25&device_type=PCRT00&ssmix=a&manifest_version_code=9901504&dpi=240&version_code=9901504&app_name=aweme&version_name=9.9.15&device_id=5827988420182290&is_autoplay=true&resolution=720*1208&os_version=7.1.2&language=zh&device_brand=OPPO&ac=wifi&update_version_code=9901504&minor_status=0&_rticket=1753758045000'
2025-07-28 20:00:45,483 - INFO - HTTP Request: POST https://api.notion.com/v1/pages "HTTP/1.1 200 OK"
2025-07-28 20:00:45,541 - INFO - HTTP Request: GET https://api.notion.com/v1/databases/23e035de0731803c9609e369fdbcc16d "HTTP/1.1 200 OK"
2025-07-28 20:00:45,935 - INFO - HTTP Request: GET https://api.notion.com/v1/databases/23e035de0731803c9609e369fdbcc16d "HTTP/1.1 200 OK"
2025-07-28 20:00:46,052 - INFO - HTTP Request: POST https://api.notion.com/v1/pages "HTTP/1.1 200 OK"
2025-07-28 20:00:46,245 - INFO - HTTP Request: GET https://api.notion.com/v1/databases/23e035de0731803c9609e369fdbcc16d "HTTP/1.1 200 OK"
2025-07-28 20:00:46,634 - INFO - HTTP Request: POST https://api.notion.com/v1/pages "HTTP/1.1 200 OK"
2025-07-28 20:00:46,702 - ERROR - Error parsing JSON response: 444, message='Attempt to decode JSON with unexpected mimetype: text/html', url='https://api.amemv.com/aweme/v1/aweme/post/?device_platform=android&aid=2955&channel=carplay_xiaoai_2955&sec_user_id=MS4wLjABAAAA4KhfTGg2GcuZL-UzoKMrQLGuMVkcbUAh0LGxYgwp_Sk&count=10&ts=1753758046&app_type=lite&os_api=25&device_type=PCRT00&ssmix=a&manifest_version_code=9901504&dpi=240&version_code=9901504&app_name=aweme&version_name=9.9.15&device_id=5827988420182290&is_autoplay=true&resolution=720*1208&os_version=7.1.2&language=zh&device_brand=OPPO&ac=wifi&update_version_code=9901504&minor_status=0&_rticket=1753758046000'
2025-07-28 20:00:46,962 - ERROR - Error parsing JSON response: 444, message='Attempt to decode JSON with unexpected mimetype: text/html', url='https://api.amemv.com/aweme/v1/aweme/post/?device_platform=android&aid=2955&channel=carplay_xiaoai_2955&sec_user_id=MS4wLjABAAAAdS2Dhnuhq0sED5r0_M0EXKHJ5n2KdsRkXBzdOgEyuZ9QxnobxpQIeHCDetvccuNl&count=10&ts=1753758046&app_type=lite&os_api=25&device_type=PCRT00&ssmix=a&manifest_version_code=9901504&dpi=240&version_code=9901504&app_name=aweme&version_name=9.9.15&device_id=5827988420182290&is_autoplay=true&resolution=720*1208&os_version=7.1.2&language=zh&device_brand=OPPO&ac=wifi&update_version_code=9901504&minor_status=0&_rticket=1753758046000'
2025-07-28 20:00:46,994 - INFO - HTTP Request: POST https://api.notion.com/v1/pages "HTTP/1.1 200 OK"
2025-07-28 20:00:47,044 - INFO - HTTP Request: GET https://api.notion.com/v1/databases/23e035de0731803c9609e369fdbcc16d "HTTP/1.1 200 OK"
2025-07-28 20:00:47,493 - INFO - HTTP Request: GET https://api.notion.com/v1/databases/23e035de0731803c9609e369fdbcc16d "HTTP/1.1 200 OK"
2025-07-28 20:00:47,510 - INFO - HTTP Request: POST https://api.notion.com/v1/pages "HTTP/1.1 200 OK"
2025-07-28 20:00:47,643 - INFO - HTTP Request: GET https://api.notion.com/v1/databases/23e035de0731803c9609e369fdbcc16d "HTTP/1.1 200 OK"
2025-07-28 20:00:47,675 - ERROR - Error parsing JSON response: 444, message='Attempt to decode JSON with unexpected mimetype: text/html', url='https://api.amemv.com/aweme/v1/aweme/post/?device_platform=android&aid=2955&channel=carplay_xiaoai_2955&sec_user_id=MS4wLjABAAAA2Wu4TpjbvOTZAm-s6FoxWxNf8hUik_gjfDrYVI0JMb22hRb7nvbOaPFGhLxW0gBa&count=10&ts=1753758047&app_type=lite&os_api=25&device_type=PCRT00&ssmix=a&manifest_version_code=9901504&dpi=240&version_code=9901504&app_name=aweme&version_name=9.9.15&device_id=5827988420182290&is_autoplay=true&resolution=720*1208&os_version=7.1.2&language=zh&device_brand=OPPO&ac=wifi&update_version_code=9901504&minor_status=0&_rticket=1753758047000'
2025-07-28 20:00:47,968 - ERROR - Error parsing JSON response: 444, message='Attempt to decode JSON with unexpected mimetype: text/html', url='https://api.amemv.com/aweme/v1/aweme/post/?device_platform=android&aid=2955&channel=carplay_xiaoai_2955&sec_user_id=MS4wLjABAAAADHBjvMEAguh6bZi8KKGTOTiUEvPSYsSWJJRLOdfs2g61Do-k9z6XoNWSPnvPkzu-&count=10&ts=1753758047&app_type=lite&os_api=25&device_type=PCRT00&ssmix=a&manifest_version_code=9901504&dpi=240&version_code=9901504&app_name=aweme&version_name=9.9.15&device_id=5827988420182290&is_autoplay=true&resolution=720*1208&os_version=7.1.2&language=zh&device_brand=OPPO&ac=wifi&update_version_code=9901504&minor_status=0&_rticket=1753758047000'
2025-07-28 20:00:48,026 - INFO - HTTP Request: POST https://api.notion.com/v1/pages "HTTP/1.1 200 OK"
2025-07-28 20:00:48,582 - INFO - HTTP Request: GET https://api.notion.com/v1/databases/23e035de0731803c9609e369fdbcc16d "HTTP/1.1 200 OK"
2025-07-28 20:00:48,709 - INFO - HTTP Request: POST https://api.notion.com/v1/pages "HTTP/1.1 200 OK"
2025-07-28 20:00:48,998 - INFO - HTTP Request: GET https://api.notion.com/v1/databases/23e035de0731803c9609e369fdbcc16d "HTTP/1.1 200 OK"
2025-07-28 20:00:49,192 - ERROR - Error parsing JSON response: 444, message='Attempt to decode JSON with unexpected mimetype: text/html', url='https://api.amemv.com/aweme/v1/aweme/post/?device_platform=android&aid=2955&channel=carplay_xiaoai_2955&sec_user_id=MS4wLjABAAAAyq2_7O7RW_0KNgsr3WMrXCH2gqhY_QAd9Oezb6zGfVk&count=10&ts=1753758049&app_type=lite&os_api=25&device_type=PCRT00&ssmix=a&manifest_version_code=9901504&dpi=240&version_code=9901504&app_name=aweme&version_name=9.9.15&device_id=5827988420182290&is_autoplay=true&resolution=720*1208&os_version=7.1.2&language=zh&device_brand=OPPO&ac=wifi&update_version_code=9901504&minor_status=0&_rticket=1753758049000'
2025-07-28 20:00:49,198 - ERROR - Error parsing JSON response: 444, message='Attempt to decode JSON with unexpected mimetype: text/html', url='https://api.amemv.com/aweme/v1/aweme/post/?device_platform=android&aid=2955&channel=carplay_xiaoai_2955&sec_user_id=MS4wLjABAAAAXxxbZHRGh0KLdWq-wblUbD3Dzi3tP7dYlY5MARZ-uu5ZCS5laVWHfbOplEw_Yk4z&count=10&ts=1753758049&app_type=lite&os_api=25&device_type=PCRT00&ssmix=a&manifest_version_code=9901504&dpi=240&version_code=9901504&app_name=aweme&version_name=9.9.15&device_id=5827988420182290&is_autoplay=true&resolution=720*1208&os_version=7.1.2&language=zh&device_brand=OPPO&ac=wifi&update_version_code=9901504&minor_status=0&_rticket=1753758049000'
2025-07-28 20:00:49,200 - ERROR - Error parsing JSON response: 444, message='Attempt to decode JSON with unexpected mimetype: text/html', url='https://api.amemv.com/aweme/v1/aweme/post/?device_platform=android&aid=2955&channel=carplay_xiaoai_2955&sec_user_id=MS4wLjABAAAALCcsDotQhAW-nhlgds2RuHmmq0VqqDiSL1uA5rw_Qyu-ItnpAYG-yPQxtnuDTa0x&count=10&ts=1753758049&app_type=lite&os_api=25&device_type=PCRT00&ssmix=a&manifest_version_code=9901504&dpi=240&version_code=9901504&app_name=aweme&version_name=9.9.15&device_id=5827988420182290&is_autoplay=true&resolution=720*1208&os_version=7.1.2&language=zh&device_brand=OPPO&ac=wifi&update_version_code=9901504&minor_status=0&_rticket=1753758049000'
2025-07-28 20:00:49,202 - ERROR - Error parsing JSON response: 444, message='Attempt to decode JSON with unexpected mimetype: text/html', url='https://api.amemv.com/aweme/v1/aweme/post/?device_platform=android&aid=2955&channel=carplay_xiaoai_2955&sec_user_id=MS4wLjABAAAAJDqZ40zZ078qx3fHjOpP0VeXKRTPAhBk8VCa1VM39NfTHganXRl5EFFYYog5cPZB&count=10&ts=1753758049&app_type=lite&os_api=25&device_type=PCRT00&ssmix=a&manifest_version_code=9901504&dpi=240&version_code=9901504&app_name=aweme&version_name=9.9.15&device_id=5827988420182290&is_autoplay=true&resolution=720*1208&os_version=7.1.2&language=zh&device_brand=OPPO&ac=wifi&update_version_code=9901504&minor_status=0&_rticket=1753758049000'
2025-07-28 20:00:49,216 - ERROR - Error parsing JSON response: 444, message='Attempt to decode JSON with unexpected mimetype: text/html', url='https://api.amemv.com/aweme/v1/aweme/post/?device_platform=android&aid=2955&channel=carplay_xiaoai_2955&sec_user_id=MS4wLjABAAAARAA3sT5F4647X4xSaP6-05ImJA_rDfGIDDpMF28z1Zw&count=10&ts=1753758049&app_type=lite&os_api=25&device_type=PCRT00&ssmix=a&manifest_version_code=9901504&dpi=240&version_code=9901504&app_name=aweme&version_name=9.9.15&device_id=5827988420182290&is_autoplay=true&resolution=720*1208&os_version=7.1.2&language=zh&device_brand=OPPO&ac=wifi&update_version_code=9901504&minor_status=0&_rticket=1753758049000'
2025-07-28 20:00:49,257 - ERROR - Error parsing JSON response: 444, message='Attempt to decode JSON with unexpected mimetype: text/html', url='https://api.amemv.com/aweme/v1/aweme/post/?device_platform=android&aid=2955&channel=carplay_xiaoai_2955&sec_user_id=MS4wLjABAAAA2nCdyVFmLYNfeLneaG1mDoOq7aREXsFDhBldCMt-eoNPyYSYplbQWx-LX9y_CgCJ&count=10&ts=1753758049&app_type=lite&os_api=25&device_type=PCRT00&ssmix=a&manifest_version_code=9901504&dpi=240&version_code=9901504&app_name=aweme&version_name=9.9.15&device_id=5827988420182290&is_autoplay=true&resolution=720*1208&os_version=7.1.2&language=zh&device_brand=OPPO&ac=wifi&update_version_code=9901504&minor_status=0&_rticket=1753758049000'
2025-07-28 20:00:49,296 - INFO - HTTP Request: POST https://api.notion.com/v1/pages "HTTP/1.1 200 OK"
2025-07-28 20:00:49,356 - INFO - HTTP Request: GET https://api.notion.com/v1/databases/23e035de0731803c9609e369fdbcc16d "HTTP/1.1 200 OK"
2025-07-28 20:00:49,656 - INFO - HTTP Request: GET https://api.notion.com/v1/databases/23e035de0731803c9609e369fdbcc16d "HTTP/1.1 200 OK"
2025-07-28 20:00:49,684 - INFO - HTTP Request: POST https://api.notion.com/v1/pages "HTTP/1.1 200 OK"
2025-07-28 20:00:50,395 - ERROR - Error parsing JSON response: 444, message='Attempt to decode JSON with unexpected mimetype: text/html', url='https://api.amemv.com/aweme/v1/aweme/post/?device_platform=android&aid=2955&channel=carplay_xiaoai_2955&sec_user_id=MS4wLjABAAAA2iXK3Iw5F7GD8VIQELfWjEJL5gaEqLWRINVpGQ8eqdJgXYM8f9gDf2TZIv3tKB9C&count=10&ts=1753758050&app_type=lite&os_api=25&device_type=PCRT00&ssmix=a&manifest_version_code=9901504&dpi=240&version_code=9901504&app_name=aweme&version_name=9.9.15&device_id=5827988420182290&is_autoplay=true&resolution=720*1208&os_version=7.1.2&language=zh&device_brand=OPPO&ac=wifi&update_version_code=9901504&minor_status=0&_rticket=1753758050000'
2025-07-28 20:00:50,550 - INFO - HTTP Request: POST https://api.notion.com/v1/pages "HTTP/1.1 200 OK"
2025-07-28 20:00:51,177 - ERROR - Error parsing JSON response: 444, message='Attempt to decode JSON with unexpected mimetype: text/html', url='https://api.amemv.com/aweme/v1/aweme/post/?device_platform=android&aid=2955&channel=carplay_xiaoai_2955&sec_user_id=MS4wLjABAAAAcwgCBTlFzHJddGP_aTNi580VP1DuSw9BiebXR2huvM3W11Ae4NMIVqQ6cAVtDn7c&count=10&ts=1753758050&app_type=lite&os_api=25&device_type=PCRT00&ssmix=a&manifest_version_code=9901504&dpi=240&version_code=9901504&app_name=aweme&version_name=9.9.15&device_id=5827988420182290&is_autoplay=true&resolution=720*1208&os_version=7.1.2&language=zh&device_brand=OPPO&ac=wifi&update_version_code=9901504&minor_status=0&_rticket=1753758050000'
2025-07-28 20:00:51,242 - INFO - HTTP Request: GET https://api.notion.com/v1/databases/23e035de0731803c9609e369fdbcc16d "HTTP/1.1 200 OK"
2025-07-28 20:00:51,683 - INFO - HTTP Request: GET https://api.notion.com/v1/databases/23e035de0731803c9609e369fdbcc16d "HTTP/1.1 200 OK"
2025-07-28 20:00:51,860 - INFO - HTTP Request: GET https://api.notion.com/v1/databases/23e035de0731803c9609e369fdbcc16d "HTTP/1.1 200 OK"
2025-07-28 20:00:51,890 - ERROR - Error parsing JSON response: 444, message='Attempt to decode JSON with unexpected mimetype: text/html', url='https://api.amemv.com/aweme/v1/aweme/post/?device_platform=android&aid=2955&channel=carplay_xiaoai_2955&sec_user_id=MS4wLjABAAAAwsUnL_btVC3YLT3dd_pqW0bIn-tIvp4Ca7Ob3Xj836k&count=10&ts=1753758051&app_type=lite&os_api=25&device_type=PCRT00&ssmix=a&manifest_version_code=9901504&dpi=240&version_code=9901504&app_name=aweme&version_name=9.9.15&device_id=5827988420182290&is_autoplay=true&resolution=720*1208&os_version=7.1.2&language=zh&device_brand=OPPO&ac=wifi&update_version_code=9901504&minor_status=0&_rticket=1753758051000'
2025-07-28 20:00:51,895 - ERROR - Error parsing JSON response: 444, message='Attempt to decode JSON with unexpected mimetype: text/html', url='https://api.amemv.com/aweme/v1/aweme/post/?device_platform=android&aid=2955&channel=carplay_xiaoai_2955&sec_user_id=MS4wLjABAAAAqeBdPsr99p8BsNhwBI2dmvzn32bc-0A90kOMgh0QLpoGM3tVa5d4iZ0K-NJ-s67T&count=10&ts=1753758051&app_type=lite&os_api=25&device_type=PCRT00&ssmix=a&manifest_version_code=9901504&dpi=240&version_code=9901504&app_name=aweme&version_name=9.9.15&device_id=5827988420182290&is_autoplay=true&resolution=720*1208&os_version=7.1.2&language=zh&device_brand=OPPO&ac=wifi&update_version_code=9901504&minor_status=0&_rticket=1753758051000'
2025-07-28 20:00:51,900 - ERROR - Error parsing JSON response: 444, message='Attempt to decode JSON with unexpected mimetype: text/html', url='https://api.amemv.com/aweme/v1/aweme/post/?device_platform=android&aid=2955&channel=carplay_xiaoai_2955&sec_user_id=MS4wLjABAAAAxKq_dqN2RW8emJzNJFqxpOxKoOQsSWxM3PoEZ208oeE&count=10&ts=1753758051&app_type=lite&os_api=25&device_type=PCRT00&ssmix=a&manifest_version_code=9901504&dpi=240&version_code=9901504&app_name=aweme&version_name=9.9.15&device_id=5827988420182290&is_autoplay=true&resolution=720*1208&os_version=7.1.2&language=zh&device_brand=OPPO&ac=wifi&update_version_code=9901504&minor_status=0&_rticket=1753758051000'
2025-07-28 20:00:51,903 - ERROR - Error parsing JSON response: 444, message='Attempt to decode JSON with unexpected mimetype: text/html', url='https://api.amemv.com/aweme/v1/aweme/post/?device_platform=android&aid=2955&channel=carplay_xiaoai_2955&sec_user_id=MS4wLjABAAAA1f0KmWiPEjwKNQBhZ_NxaTuxn7iFbmow7Jo_FT5my8M&count=10&ts=1753758051&app_type=lite&os_api=25&device_type=PCRT00&ssmix=a&manifest_version_code=9901504&dpi=240&version_code=9901504&app_name=aweme&version_name=9.9.15&device_id=5827988420182290&is_autoplay=true&resolution=720*1208&os_version=7.1.2&language=zh&device_brand=OPPO&ac=wifi&update_version_code=9901504&minor_status=0&_rticket=1753758051000'
2025-07-28 20:00:51,904 - ERROR - Error parsing JSON response: 444, message='Attempt to decode JSON with unexpected mimetype: text/html', url='https://api.amemv.com/aweme/v1/aweme/post/?device_platform=android&aid=2955&channel=carplay_xiaoai_2955&sec_user_id=MS4wLjABAAAAxDJT8TLetAJZTMIvPVM9AkrMJRQ7fHyPP99xusRDd4NhY0VUIno9mAA6_MKPEMzw&count=10&ts=1753758051&app_type=lite&os_api=25&device_type=PCRT00&ssmix=a&manifest_version_code=9901504&dpi=240&version_code=9901504&app_name=aweme&version_name=9.9.15&device_id=5827988420182290&is_autoplay=true&resolution=720*1208&os_version=7.1.2&language=zh&device_brand=OPPO&ac=wifi&update_version_code=9901504&minor_status=0&_rticket=1753758051000'
2025-07-28 20:00:52,133 - INFO - HTTP Request: POST https://api.notion.com/v1/pages "HTTP/1.1 200 OK"
2025-07-28 20:00:52,355 - INFO - HTTP Request: POST https://api.notion.com/v1/pages "HTTP/1.1 409 Conflict"
2025-07-28 20:00:52,420 - ERROR - Error parsing JSON response: 444, message='Attempt to decode JSON with unexpected mimetype: text/html', url='https://api.amemv.com/aweme/v1/aweme/post/?device_platform=android&aid=2955&channel=carplay_xiaoai_2955&sec_user_id=MS4wLjABAAAAwDbCwnxisfMw7Hi8b_2SoKu1NURFyzfcJA3TqeIJ5OlMPAUSackNAslPjBsmm7W_&count=10&ts=1753758052&app_type=lite&os_api=25&device_type=PCRT00&ssmix=a&manifest_version_code=9901504&dpi=240&version_code=9901504&app_name=aweme&version_name=9.9.15&device_id=5827988420182290&is_autoplay=true&resolution=720*1208&os_version=7.1.2&language=zh&device_brand=OPPO&ac=wifi&update_version_code=9901504&minor_status=0&_rticket=1753758052000'
2025-07-28 20:00:52,422 - ERROR - Error parsing JSON response: 444, message='Attempt to decode JSON with unexpected mimetype: text/html', url='https://api.amemv.com/aweme/v1/aweme/post/?device_platform=android&aid=2955&channel=carplay_xiaoai_2955&sec_user_id=MS4wLjABAAAAoZE3xJmJ1bTZFMEUhoRWvLnN6tlr467eYQoe8yfEn9yhEwwu6ynwZEKLOhmAyEzJ&count=10&ts=1753758052&app_type=lite&os_api=25&device_type=PCRT00&ssmix=a&manifest_version_code=9901504&dpi=240&version_code=9901504&app_name=aweme&version_name=9.9.15&device_id=5827988420182290&is_autoplay=true&resolution=720*1208&os_version=7.1.2&language=zh&device_brand=OPPO&ac=wifi&update_version_code=9901504&minor_status=0&_rticket=1753758052000'
2025-07-28 20:00:52,423 - ERROR - Error parsing JSON response: 444, message='Attempt to decode JSON with unexpected mimetype: text/html', url='https://api.amemv.com/aweme/v1/aweme/post/?device_platform=android&aid=2955&channel=carplay_xiaoai_2955&sec_user_id=MS4wLjABAAAACnPiXPG_toBmjiPo3iwxb9aSOwwjKYNQmka-tPCMVUdYGEpqqEoihUGW35QnT7OO&count=10&ts=1753758052&app_type=lite&os_api=25&device_type=PCRT00&ssmix=a&manifest_version_code=9901504&dpi=240&version_code=9901504&app_name=aweme&version_name=9.9.15&device_id=5827988420182290&is_autoplay=true&resolution=720*1208&os_version=7.1.2&language=zh&device_brand=OPPO&ac=wifi&update_version_code=9901504&minor_status=0&_rticket=1753758052000'
2025-07-28 20:00:52,427 - ERROR - Error parsing JSON response: 444, message='Attempt to decode JSON with unexpected mimetype: text/html', url='https://api.amemv.com/aweme/v1/aweme/post/?device_platform=android&aid=2955&channel=carplay_xiaoai_2955&sec_user_id=MS4wLjABAAAAJ7D3jnulMh34WTF1lDbdqsSbN0dXH4GTUpP30hbMOZeLHp-skUqtHM6rB6DjWPS5&count=10&ts=1753758052&app_type=lite&os_api=25&device_type=PCRT00&ssmix=a&manifest_version_code=9901504&dpi=240&version_code=9901504&app_name=aweme&version_name=9.9.15&device_id=5827988420182290&is_autoplay=true&resolution=720*1208&os_version=7.1.2&language=zh&device_brand=OPPO&ac=wifi&update_version_code=9901504&minor_status=0&_rticket=1753758052000'
2025-07-28 20:00:52,461 - INFO - HTTP Request: POST https://api.notion.com/v1/pages "HTTP/1.1 200 OK"
2025-07-28 20:00:53,247 - INFO - HTTP Request: GET https://api.notion.com/v1/databases/23e035de0731803c9609e369fdbcc16d "HTTP/1.1 200 OK"
2025-07-28 20:00:53,250 - ERROR - Error parsing JSON response: 444, message='Attempt to decode JSON with unexpected mimetype: text/html', url='https://api.amemv.com/aweme/v1/aweme/post/?device_platform=android&aid=2955&channel=carplay_xiaoai_2955&sec_user_id=MS4wLjABAAAA1dHamu8WOopdVUBNFqbFTBdIIm22k2rond04aHvQEYFim0uC9buFZBKP1K3ToyuI&count=10&ts=1753758053&app_type=lite&os_api=25&device_type=PCRT00&ssmix=a&manifest_version_code=9901504&dpi=240&version_code=9901504&app_name=aweme&version_name=9.9.15&device_id=5827988420182290&is_autoplay=true&resolution=720*1208&os_version=7.1.2&language=zh&device_brand=OPPO&ac=wifi&update_version_code=9901504&minor_status=0&_rticket=1753758053000'
2025-07-28 20:00:53,489 - INFO - HTTP Request: GET https://api.notion.com/v1/databases/23e035de0731803c9609e369fdbcc16d "HTTP/1.1 200 OK"
2025-07-28 20:00:53,499 - INFO - HTTP Request: GET https://api.notion.com/v1/databases/23e035de0731803c9609e369fdbcc16d "HTTP/1.1 200 OK"
2025-07-28 20:00:53,737 - INFO - HTTP Request: POST https://api.notion.com/v1/pages "HTTP/1.1 200 OK"
2025-07-28 20:00:54,147 - INFO - HTTP Request: POST https://api.notion.com/v1/pages "HTTP/1.1 200 OK"
2025-07-28 20:00:54,526 - INFO - HTTP Request: POST https://api.notion.com/v1/pages "HTTP/1.1 200 OK"
2025-07-28 20:00:54,581 - ERROR - Error parsing JSON response: 444, message='Attempt to decode JSON with unexpected mimetype: text/html', url='https://api.amemv.com/aweme/v1/aweme/post/?device_platform=android&aid=2955&channel=carplay_xiaoai_2955&sec_user_id=MS4wLjABAAAAC0j6CPvwiYo2b9AJkn3tMv4OPqlw2vYuwEEGZc0lhoYmds7Z1tAoBUuImhS5AfgX&count=10&ts=1753758054&app_type=lite&os_api=25&device_type=PCRT00&ssmix=a&manifest_version_code=9901504&dpi=240&version_code=9901504&app_name=aweme&version_name=9.9.15&device_id=5827988420182290&is_autoplay=true&resolution=720*1208&os_version=7.1.2&language=zh&device_brand=OPPO&ac=wifi&update_version_code=9901504&minor_status=0&_rticket=1753758054000'
2025-07-28 20:00:54,711 - INFO - HTTP Request: GET https://api.notion.com/v1/databases/23e035de0731803c9609e369fdbcc16d "HTTP/1.1 200 OK"
2025-07-28 20:00:54,713 - ERROR - Error parsing JSON response: 444, message='Attempt to decode JSON with unexpected mimetype: text/html', url='https://api.amemv.com/aweme/v1/aweme/post/?device_platform=android&aid=2955&channel=carplay_xiaoai_2955&sec_user_id=MS4wLjABAAAAS8pO2Kvu5uuF7E-DPgqkiR31bDVa0TBlsM_LjjL_VDbbZ3JDDEBZ8QMnOsxh0Jdd&count=10&ts=1753758054&app_type=lite&os_api=25&device_type=PCRT00&ssmix=a&manifest_version_code=9901504&dpi=240&version_code=9901504&app_name=aweme&version_name=9.9.15&device_id=5827988420182290&is_autoplay=true&resolution=720*1208&os_version=7.1.2&language=zh&device_brand=OPPO&ac=wifi&update_version_code=9901504&minor_status=0&_rticket=1753758054000'
2025-07-28 20:00:54,727 - ERROR - Error parsing JSON response: 444, message='Attempt to decode JSON with unexpected mimetype: text/html', url='https://api.amemv.com/aweme/v1/aweme/post/?device_platform=android&aid=2955&channel=carplay_xiaoai_2955&sec_user_id=MS4wLjABAAAAguGPS61bi_za9hIt9X_mjrLgBDArH4LQguxoMORsCi4dh2Qnd5gq1yFqu5NvZew5&count=10&ts=1753758054&app_type=lite&os_api=25&device_type=PCRT00&ssmix=a&manifest_version_code=9901504&dpi=240&version_code=9901504&app_name=aweme&version_name=9.9.15&device_id=5827988420182290&is_autoplay=true&resolution=720*1208&os_version=7.1.2&language=zh&device_brand=OPPO&ac=wifi&update_version_code=9901504&minor_status=0&_rticket=1753758054000'
2025-07-28 20:00:55,178 - INFO - HTTP Request: POST https://api.notion.com/v1/pages "HTTP/1.1 200 OK"
2025-07-28 20:00:55,337 - ERROR - Error parsing JSON response: 444, message='Attempt to decode JSON with unexpected mimetype: text/html', url='https://api.amemv.com/aweme/v1/aweme/post/?device_platform=android&aid=2955&channel=carplay_xiaoai_2955&sec_user_id=MS4wLjABAAAAGk2L3WwagnIXrQUS7vA1UCIphMyC0NioOkmyR76StNJD0VJBBgUXBtSn102Mb4cc&count=10&ts=1753758055&app_type=lite&os_api=25&device_type=PCRT00&ssmix=a&manifest_version_code=9901504&dpi=240&version_code=9901504&app_name=aweme&version_name=9.9.15&device_id=5827988420182290&is_autoplay=true&resolution=720*1208&os_version=7.1.2&language=zh&device_brand=OPPO&ac=wifi&update_version_code=9901504&minor_status=0&_rticket=1753758055000'
2025-07-28 20:00:55,340 - ERROR - Error parsing JSON response: 444, message='Attempt to decode JSON with unexpected mimetype: text/html', url='https://api.amemv.com/aweme/v1/aweme/post/?device_platform=android&aid=2955&channel=carplay_xiaoai_2955&sec_user_id=MS4wLjABAAAAOu2CUhD6dFeIzDCK4dbGjeTekFKKHhZ5MzAVE4-fLF--1T72eFxGC4h3o0P3gANJ&count=10&ts=1753758055&app_type=lite&os_api=25&device_type=PCRT00&ssmix=a&manifest_version_code=9901504&dpi=240&version_code=9901504&app_name=aweme&version_name=9.9.15&device_id=5827988420182290&is_autoplay=true&resolution=720*1208&os_version=7.1.2&language=zh&device_brand=OPPO&ac=wifi&update_version_code=9901504&minor_status=0&_rticket=1753758055000'
2025-07-28 20:00:55,342 - ERROR - Error parsing JSON response: 444, message='Attempt to decode JSON with unexpected mimetype: text/html', url='https://api.amemv.com/aweme/v1/aweme/post/?device_platform=android&aid=2955&channel=carplay_xiaoai_2955&sec_user_id=MS4wLjABAAAAvGiOG-mC4ikoDYfySCf1R4vTleUgbq29u1nkfJLKUk7N-wKLcuBltYoS9t7xnR-f&count=10&ts=1753758055&app_type=lite&os_api=25&device_type=PCRT00&ssmix=a&manifest_version_code=9901504&dpi=240&version_code=9901504&app_name=aweme&version_name=9.9.15&device_id=5827988420182290&is_autoplay=true&resolution=720*1208&os_version=7.1.2&language=zh&device_brand=OPPO&ac=wifi&update_version_code=9901504&minor_status=0&_rticket=1753758055000'
2025-07-28 20:00:55,344 - ERROR - Error parsing JSON response: 444, message='Attempt to decode JSON with unexpected mimetype: text/html', url='https://api.amemv.com/aweme/v1/aweme/post/?device_platform=android&aid=2955&channel=carplay_xiaoai_2955&sec_user_id=MS4wLjABAAAA0m-MEPGJBSY-jJgHH2wKsYPAl80H3VMFWVRZQPPHHbSH5e7aQI_35iGO1wsABES-&count=10&ts=1753758055&app_type=lite&os_api=25&device_type=PCRT00&ssmix=a&manifest_version_code=9901504&dpi=240&version_code=9901504&app_name=aweme&version_name=9.9.15&device_id=5827988420182290&is_autoplay=true&resolution=720*1208&os_version=7.1.2&language=zh&device_brand=OPPO&ac=wifi&update_version_code=9901504&minor_status=0&_rticket=1753758055000'
2025-07-28 20:00:55,346 - ERROR - Error parsing JSON response: 444, message='Attempt to decode JSON with unexpected mimetype: text/html', url='https://api.amemv.com/aweme/v1/aweme/post/?device_platform=android&aid=2955&channel=carplay_xiaoai_2955&sec_user_id=MS4wLjABAAAABPIzLh0sLqoB-IkCV5eKmTqx281zLBapUCdS56bvpRSNQbVu_MKp4sMwljK1NhqI&count=10&ts=1753758055&app_type=lite&os_api=25&device_type=PCRT00&ssmix=a&manifest_version_code=9901504&dpi=240&version_code=9901504&app_name=aweme&version_name=9.9.15&device_id=5827988420182290&is_autoplay=true&resolution=720*1208&os_version=7.1.2&language=zh&device_brand=OPPO&ac=wifi&update_version_code=9901504&minor_status=0&_rticket=1753758055000'
2025-07-28 20:00:55,664 - ERROR - Error parsing JSON response: 444, message='Attempt to decode JSON with unexpected mimetype: text/html', url='https://api.amemv.com/aweme/v1/aweme/post/?device_platform=android&aid=2955&channel=carplay_xiaoai_2955&sec_user_id=MS4wLjABAAAAB9oNhA8b3GINFI-49NH0itpJLnMDGsESZE7dn0P6SoH1T5fh7abr5EfsxUgy1v2P&count=10&ts=1753758055&app_type=lite&os_api=25&device_type=PCRT00&ssmix=a&manifest_version_code=9901504&dpi=240&version_code=9901504&app_name=aweme&version_name=9.9.15&device_id=5827988420182290&is_autoplay=true&resolution=720*1208&os_version=7.1.2&language=zh&device_brand=OPPO&ac=wifi&update_version_code=9901504&minor_status=0&_rticket=1753758055000'
2025-07-28 20:00:55,690 - INFO - HTTP Request: GET https://api.notion.com/v1/databases/23e035de0731803c9609e369fdbcc16d "HTTP/1.1 200 OK"
2025-07-28 20:00:55,710 - ERROR - Error parsing JSON response: 444, message='Attempt to decode JSON with unexpected mimetype: text/html', url='https://api.amemv.com/aweme/v1/aweme/post/?device_platform=android&aid=2955&channel=carplay_xiaoai_2955&sec_user_id=MS4wLjABAAAAukTO96aRotyXBUa8HK7EslO4TDecuYAKaD2p06iXXvqgm0h6MsiFycmZRIC5ADTd&count=10&ts=1753758055&app_type=lite&os_api=25&device_type=PCRT00&ssmix=a&manifest_version_code=9901504&dpi=240&version_code=9901504&app_name=aweme&version_name=9.9.15&device_id=5827988420182290&is_autoplay=true&resolution=720*1208&os_version=7.1.2&language=zh&device_brand=OPPO&ac=wifi&update_version_code=9901504&minor_status=0&_rticket=1753758055000'
2025-07-28 20:00:55,780 - ERROR - Error parsing JSON response: 444, message='Attempt to decode JSON with unexpected mimetype: text/html', url='https://api.amemv.com/aweme/v1/aweme/post/?device_platform=android&aid=2955&channel=carplay_xiaoai_2955&sec_user_id=MS4wLjABAAAAFovtSOQ3YoACQsVBwUzGbSW9xun6lxrdKc5valNYLd5TVp9_ATmbUW2_hUVixtv5&count=10&ts=1753758055&app_type=lite&os_api=25&device_type=PCRT00&ssmix=a&manifest_version_code=9901504&dpi=240&version_code=9901504&app_name=aweme&version_name=9.9.15&device_id=5827988420182290&is_autoplay=true&resolution=720*1208&os_version=7.1.2&language=zh&device_brand=OPPO&ac=wifi&update_version_code=9901504&minor_status=0&_rticket=1753758055000'
2025-07-28 20:00:55,828 - INFO - HTTP Request: GET https://api.notion.com/v1/databases/23e035de0731803c9609e369fdbcc16d "HTTP/1.1 200 OK"
2025-07-28 20:00:56,111 - INFO - HTTP Request: POST https://api.notion.com/v1/pages "HTTP/1.1 200 OK"
2025-07-28 20:00:56,443 - ERROR - Error parsing JSON response: 444, message='Attempt to decode JSON with unexpected mimetype: text/html', url='https://api.amemv.com/aweme/v1/aweme/post/?device_platform=android&aid=2955&channel=carplay_xiaoai_2955&sec_user_id=MS4wLjABAAAA_Eg9ME2xyVQvqcRx7tZWX7loeqbyC13EuQFnilCcz9rNeCpw2jkTxeOF1A7_L90d&count=10&ts=1753758056&app_type=lite&os_api=25&device_type=PCRT00&ssmix=a&manifest_version_code=9901504&dpi=240&version_code=9901504&app_name=aweme&version_name=9.9.15&device_id=5827988420182290&is_autoplay=true&resolution=720*1208&os_version=7.1.2&language=zh&device_brand=OPPO&ac=wifi&update_version_code=9901504&minor_status=0&_rticket=1753758056000'
2025-07-28 20:00:56,513 - INFO - HTTP Request: POST https://api.notion.com/v1/pages "HTTP/1.1 200 OK"
2025-07-28 20:00:56,728 - INFO - HTTP Request: GET https://api.notion.com/v1/databases/23e035de0731803c9609e369fdbcc16d "HTTP/1.1 200 OK"
2025-07-28 20:00:57,133 - INFO - HTTP Request: POST https://api.notion.com/v1/pages "HTTP/1.1 200 OK"
2025-07-28 20:00:57,151 - INFO - HTTP Request: GET https://api.notion.com/v1/databases/23e035de0731803c9609e369fdbcc16d "HTTP/1.1 200 OK"
2025-07-28 20:00:57,186 - INFO - HTTP Request: POST https://api.notion.com/v1/pages "HTTP/1.1 200 OK"
2025-07-28 20:00:57,493 - INFO - HTTP Request: GET https://api.notion.com/v1/databases/23e035de0731803c9609e369fdbcc16d "HTTP/1.1 200 OK"
2025-07-28 20:00:57,574 - INFO - HTTP Request: POST https://api.notion.com/v1/pages "HTTP/1.1 200 OK"
2025-07-28 20:00:57,829 - INFO - HTTP Request: POST https://api.notion.com/v1/databases/23e035de0731804aaf4ac18652c62393/query "HTTP/1.1 200 OK"
2025-07-28 20:00:58,036 - ERROR - Error parsing JSON response: 444, message='Attempt to decode JSON with unexpected mimetype: text/html', url='https://api.amemv.com/aweme/v1/aweme/post/?device_platform=android&aid=2955&channel=carplay_xiaoai_2955&sec_user_id=MS4wLjABAAAAaQLCKqwqAXL5No5bUzkPaxQ6Q7drAAA0PYIoqbzvsXM0VhLpUg3QGB08BK9dQLHP&count=10&ts=1753758057&app_type=lite&os_api=25&device_type=PCRT00&ssmix=a&manifest_version_code=9901504&dpi=240&version_code=9901504&app_name=aweme&version_name=9.9.15&device_id=5827988420182290&is_autoplay=true&resolution=720*1208&os_version=7.1.2&language=zh&device_brand=OPPO&ac=wifi&update_version_code=9901504&minor_status=0&_rticket=1753758057000'
2025-07-28 20:00:58,042 - ERROR - Error parsing JSON response: 444, message='Attempt to decode JSON with unexpected mimetype: text/html', url='https://api.amemv.com/aweme/v1/aweme/post/?device_platform=android&aid=2955&channel=carplay_xiaoai_2955&sec_user_id=MS4wLjABAAAATvmQ40nLZxIombiMPuSYDHRnL3-JgdHXmEheu3QExCdQAsHrO-nbKWivcv-bUg1n&count=10&ts=1753758056&app_type=lite&os_api=25&device_type=PCRT00&ssmix=a&manifest_version_code=9901504&dpi=240&version_code=9901504&app_name=aweme&version_name=9.9.15&device_id=5827988420182290&is_autoplay=true&resolution=720*1208&os_version=7.1.2&language=zh&device_brand=OPPO&ac=wifi&update_version_code=9901504&minor_status=0&_rticket=1753758056000'
2025-07-28 20:00:58,043 - ERROR - Error parsing JSON response: 444, message='Attempt to decode JSON with unexpected mimetype: text/html', url='https://api.amemv.com/aweme/v1/aweme/post/?device_platform=android&aid=2955&channel=carplay_xiaoai_2955&sec_user_id=MS4wLjABAAAArwLl9tigxT8lVYgp1Hav-eZglxlLFFdHO7zOte_uNjk&count=10&ts=1753758057&app_type=lite&os_api=25&device_type=PCRT00&ssmix=a&manifest_version_code=9901504&dpi=240&version_code=9901504&app_name=aweme&version_name=9.9.15&device_id=5827988420182290&is_autoplay=true&resolution=720*1208&os_version=7.1.2&language=zh&device_brand=OPPO&ac=wifi&update_version_code=9901504&minor_status=0&_rticket=1753758057000'
2025-07-28 20:00:58,045 - ERROR - Error parsing JSON response: 444, message='Attempt to decode JSON with unexpected mimetype: text/html', url='https://api.amemv.com/aweme/v1/aweme/post/?device_platform=android&aid=2955&channel=carplay_xiaoai_2955&sec_user_id=MS4wLjABAAAAOk5Yq1qefFQptZWIeiuW59JB1JP-SIaOwK0O9E2A6m0&count=10&ts=1753758056&app_type=lite&os_api=25&device_type=PCRT00&ssmix=a&manifest_version_code=9901504&dpi=240&version_code=9901504&app_name=aweme&version_name=9.9.15&device_id=5827988420182290&is_autoplay=true&resolution=720*1208&os_version=7.1.2&language=zh&device_brand=OPPO&ac=wifi&update_version_code=9901504&minor_status=0&_rticket=1753758056000'
2025-07-28 20:00:58,052 - ERROR - Error parsing JSON response: 444, message='Attempt to decode JSON with unexpected mimetype: text/html', url='https://api.amemv.com/aweme/v1/aweme/post/?device_platform=android&aid=2955&channel=carplay_xiaoai_2955&sec_user_id=MS4wLjABAAAAR4jaetJhcmHTE-Xi585z9WMnsqyS4a4x4LIpuCxmrP4&count=10&ts=1753758057&app_type=lite&os_api=25&device_type=PCRT00&ssmix=a&manifest_version_code=9901504&dpi=240&version_code=9901504&app_name=aweme&version_name=9.9.15&device_id=5827988420182290&is_autoplay=true&resolution=720*1208&os_version=7.1.2&language=zh&device_brand=OPPO&ac=wifi&update_version_code=9901504&minor_status=0&_rticket=1753758057000'
2025-07-28 20:00:58,079 - ERROR - Error parsing JSON response: 444, message='Attempt to decode JSON with unexpected mimetype: text/html', url='https://api.amemv.com/aweme/v1/aweme/post/?device_platform=android&aid=2955&channel=carplay_xiaoai_2955&sec_user_id=MS4wLjABAAAAXLSgvYTGII6yMT-0PC1UGH1MMYXO6bTv8HHqJmAnNxBrbpQjrRVb7xmD6xhHX1lg&count=10&ts=1753758057&app_type=lite&os_api=25&device_type=PCRT00&ssmix=a&manifest_version_code=9901504&dpi=240&version_code=9901504&app_name=aweme&version_name=9.9.15&device_id=5827988420182290&is_autoplay=true&resolution=720*1208&os_version=7.1.2&language=zh&device_brand=OPPO&ac=wifi&update_version_code=9901504&minor_status=0&_rticket=1753758057000'
2025-07-28 20:00:58,093 - ERROR - Error parsing JSON response: 444, message='Attempt to decode JSON with unexpected mimetype: text/html', url='https://api.amemv.com/aweme/v1/aweme/post/?device_platform=android&aid=2955&channel=carplay_xiaoai_2955&sec_user_id=MS4wLjABAAAAFNRVzpUN4rV6wEgRlYAtHvKF_0DrENFUX6jVKt7UX8JCD1nRlV1DnGelZCXLiaVy&count=10&ts=1753758057&app_type=lite&os_api=25&device_type=PCRT00&ssmix=a&manifest_version_code=9901504&dpi=240&version_code=9901504&app_name=aweme&version_name=9.9.15&device_id=5827988420182290&is_autoplay=true&resolution=720*1208&os_version=7.1.2&language=zh&device_brand=OPPO&ac=wifi&update_version_code=9901504&minor_status=0&_rticket=1753758057000'
2025-07-28 20:00:58,101 - ERROR - Error parsing JSON response: 444, message='Attempt to decode JSON with unexpected mimetype: text/html', url='https://api.amemv.com/aweme/v1/aweme/post/?device_platform=android&aid=2955&channel=carplay_xiaoai_2955&sec_user_id=MS4wLjABAAAAAGTF9SFM9cOHI4Y4gvew1jSlTHgOnks5v7YuSWeaMWzS_nsfCXy_HxJjrsEcM8fZ&count=10&ts=1753758057&app_type=lite&os_api=25&device_type=PCRT00&ssmix=a&manifest_version_code=9901504&dpi=240&version_code=9901504&app_name=aweme&version_name=9.9.15&device_id=5827988420182290&is_autoplay=true&resolution=720*1208&os_version=7.1.2&language=zh&device_brand=OPPO&ac=wifi&update_version_code=9901504&minor_status=0&_rticket=1753758057000'
2025-07-28 20:00:58,103 - ERROR - Error parsing JSON response: 444, message='Attempt to decode JSON with unexpected mimetype: text/html', url='https://api.amemv.com/aweme/v1/aweme/post/?device_platform=android&aid=2955&channel=carplay_xiaoai_2955&sec_user_id=MS4wLjABAAAAmbqj06M-mYhklhWhgurBH8vh2SRRz-l1rLpjN0LTpg4&count=10&ts=1753758057&app_type=lite&os_api=25&device_type=PCRT00&ssmix=a&manifest_version_code=9901504&dpi=240&version_code=9901504&app_name=aweme&version_name=9.9.15&device_id=5827988420182290&is_autoplay=true&resolution=720*1208&os_version=7.1.2&language=zh&device_brand=OPPO&ac=wifi&update_version_code=9901504&minor_status=0&_rticket=1753758057000'
2025-07-28 20:00:58,319 - INFO - HTTP Request: POST https://api.notion.com/v1/pages "HTTP/1.1 200 OK"
2025-07-28 20:00:58,360 - ERROR - Error parsing JSON response: 444, message='Attempt to decode JSON with unexpected mimetype: text/html', url='https://api.amemv.com/aweme/v1/aweme/post/?device_platform=android&aid=2955&channel=carplay_xiaoai_2955&sec_user_id=MS4wLjABAAAA9qR00Pn7-23-DjJMrgy-9AdlXTw6qD9vI_xXDKXjnWJL7hOfBXDk0vtyTSZ_AEY2&count=10&ts=1753758058&app_type=lite&os_api=25&device_type=PCRT00&ssmix=a&manifest_version_code=9901504&dpi=240&version_code=9901504&app_name=aweme&version_name=9.9.15&device_id=5827988420182290&is_autoplay=true&resolution=720*1208&os_version=7.1.2&language=zh&device_brand=OPPO&ac=wifi&update_version_code=9901504&minor_status=0&_rticket=1753758058000'
2025-07-28 20:00:58,509 - INFO - HTTP Request: GET https://api.notion.com/v1/databases/23e035de0731803c9609e369fdbcc16d "HTTP/1.1 200 OK"
2025-07-28 20:00:58,588 - INFO - HTTP Request: GET https://api.notion.com/v1/databases/23e035de0731803c9609e369fdbcc16d "HTTP/1.1 200 OK"
2025-07-28 20:00:58,804 - INFO - HTTP Request: GET https://api.notion.com/v1/databases/23e035de0731803c9609e369fdbcc16d "HTTP/1.1 200 OK"
2025-07-28 20:00:59,263 - INFO - HTTP Request: POST https://api.notion.com/v1/pages "HTTP/1.1 200 OK"
2025-07-28 20:00:59,307 - INFO - HTTP Request: GET https://api.notion.com/v1/databases/23e035de0731803c9609e369fdbcc16d "HTTP/1.1 200 OK"
2025-07-28 20:00:59,383 - INFO - HTTP Request: POST https://api.notion.com/v1/pages "HTTP/1.1 200 OK"
2025-07-28 20:00:59,415 - ERROR - Error parsing JSON response: 444, message='Attempt to decode JSON with unexpected mimetype: text/html', url='https://api.amemv.com/aweme/v1/aweme/post/?device_platform=android&aid=2955&channel=carplay_xiaoai_2955&sec_user_id=MS4wLjABAAAA8-OSZfCR_zYPPOa6tT6biKWgxGRTrLg1e76QDG3qZBU&count=10&ts=1753758059&app_type=lite&os_api=25&device_type=PCRT00&ssmix=a&manifest_version_code=9901504&dpi=240&version_code=9901504&app_name=aweme&version_name=9.9.15&device_id=5827988420182290&is_autoplay=true&resolution=720*1208&os_version=7.1.2&language=zh&device_brand=OPPO&ac=wifi&update_version_code=9901504&minor_status=0&_rticket=1753758059000'
2025-07-28 20:00:59,712 - INFO - HTTP Request: POST https://api.notion.com/v1/pages "HTTP/1.1 200 OK"
2025-07-28 20:00:59,768 - ERROR - Error parsing JSON response: 444, message='Attempt to decode JSON with unexpected mimetype: text/html', url='https://api.amemv.com/aweme/v1/aweme/post/?device_platform=android&aid=2955&channel=carplay_xiaoai_2955&sec_user_id=MS4wLjABAAAATs6uR9fkkhyBQg1GHBPk_swlxtHc3-4kkEyNZ3rBCU_pdxnzfASyGtRoNuwnVQte&count=10&ts=1753758059&app_type=lite&os_api=25&device_type=PCRT00&ssmix=a&manifest_version_code=9901504&dpi=240&version_code=9901504&app_name=aweme&version_name=9.9.15&device_id=5827988420182290&is_autoplay=true&resolution=720*1208&os_version=7.1.2&language=zh&device_brand=OPPO&ac=wifi&update_version_code=9901504&minor_status=0&_rticket=1753758059000'
2025-07-28 20:00:59,772 - ERROR - Error parsing JSON response: 444, message='Attempt to decode JSON with unexpected mimetype: text/html', url='https://api.amemv.com/aweme/v1/aweme/post/?device_platform=android&aid=2955&channel=carplay_xiaoai_2955&sec_user_id=MS4wLjABAAAAFgEXAyd2QYLFwN13sveB1CePjF_L3ZzoF5tDpkQEYL9GMvLr8FxU3t07fFUY7_gK&count=10&ts=1753758059&app_type=lite&os_api=25&device_type=PCRT00&ssmix=a&manifest_version_code=9901504&dpi=240&version_code=9901504&app_name=aweme&version_name=9.9.15&device_id=5827988420182290&is_autoplay=true&resolution=720*1208&os_version=7.1.2&language=zh&device_brand=OPPO&ac=wifi&update_version_code=9901504&minor_status=0&_rticket=1753758059000'
2025-07-28 20:00:59,773 - ERROR - Error parsing JSON response: 444, message='Attempt to decode JSON with unexpected mimetype: text/html', url='https://api.amemv.com/aweme/v1/aweme/post/?device_platform=android&aid=2955&channel=carplay_xiaoai_2955&sec_user_id=MS4wLjABAAAAlUmnKBQULDSJ32O-xFPIkHm92lqIjXExLcltsm_0YOesxpEstL6LQcANZr1eUMVh&count=10&ts=1753758059&app_type=lite&os_api=25&device_type=PCRT00&ssmix=a&manifest_version_code=9901504&dpi=240&version_code=9901504&app_name=aweme&version_name=9.9.15&device_id=5827988420182290&is_autoplay=true&resolution=720*1208&os_version=7.1.2&language=zh&device_brand=OPPO&ac=wifi&update_version_code=9901504&minor_status=0&_rticket=1753758059000'
2025-07-28 20:00:59,812 - ERROR - Error parsing JSON response: 444, message='Attempt to decode JSON with unexpected mimetype: text/html', url='https://api.amemv.com/aweme/v1/aweme/post/?device_platform=android&aid=2955&channel=carplay_xiaoai_2955&sec_user_id=MS4wLjABAAAA-PutGAa_LS7EsV7ko4GrhM-DTWkhaqNcqnpb7jKKrnGcxz_CujPySzknfFlFhxqi&count=10&ts=1753758059&app_type=lite&os_api=25&device_type=PCRT00&ssmix=a&manifest_version_code=9901504&dpi=240&version_code=9901504&app_name=aweme&version_name=9.9.15&device_id=5827988420182290&is_autoplay=true&resolution=720*1208&os_version=7.1.2&language=zh&device_brand=OPPO&ac=wifi&update_version_code=9901504&minor_status=0&_rticket=1753758059000'
2025-07-28 20:01:00,471 - ERROR - Error parsing JSON response: 444, message='Attempt to decode JSON with unexpected mimetype: text/html', url='https://api.amemv.com/aweme/v1/aweme/post/?device_platform=android&aid=2955&channel=carplay_xiaoai_2955&sec_user_id=MS4wLjABAAAA7tG113SLeWE0BHxc4ByOyriJOgNps1aPWaLqEETryzvH-dJaCY65Zf1OOh4g9L4a&count=10&ts=1753758060&app_type=lite&os_api=25&device_type=PCRT00&ssmix=a&manifest_version_code=9901504&dpi=240&version_code=9901504&app_name=aweme&version_name=9.9.15&device_id=5827988420182290&is_autoplay=true&resolution=720*1208&os_version=7.1.2&language=zh&device_brand=OPPO&ac=wifi&update_version_code=9901504&minor_status=0&_rticket=1753758060000'
2025-07-28 20:01:00,543 - INFO - HTTP Request: GET https://api.notion.com/v1/databases/23e035de0731803c9609e369fdbcc16d "HTTP/1.1 200 OK"
2025-07-28 20:01:00,783 - ERROR - Error parsing JSON response: 444, message='Attempt to decode JSON with unexpected mimetype: text/html', url='https://api.amemv.com/aweme/v1/aweme/post/?device_platform=android&aid=2955&channel=carplay_xiaoai_2955&sec_user_id=MS4wLjABAAAAfFbjTXUBwTgmTikSN75aqdSVPLKdTXWM_SKLRPy85DKhfDTzFZ6Oz7LrQfOlnqI6&count=10&ts=1753758060&app_type=lite&os_api=25&device_type=PCRT00&ssmix=a&manifest_version_code=9901504&dpi=240&version_code=9901504&app_name=aweme&version_name=9.9.15&device_id=5827988420182290&is_autoplay=true&resolution=720*1208&os_version=7.1.2&language=zh&device_brand=OPPO&ac=wifi&update_version_code=9901504&minor_status=0&_rticket=1753758060000'
2025-07-28 20:01:00,936 - INFO - HTTP Request: POST https://api.notion.com/v1/pages "HTTP/1.1 200 OK"
2025-07-28 20:01:01,055 - INFO - HTTP Request: GET https://api.notion.com/v1/databases/23e035de0731803c9609e369fdbcc16d "HTTP/1.1 200 OK"
2025-07-28 20:01:01,434 - ERROR - Error parsing JSON response: 444, message='Attempt to decode JSON with unexpected mimetype: text/html', url='https://api.amemv.com/aweme/v1/aweme/post/?device_platform=android&aid=2955&channel=carplay_xiaoai_2955&sec_user_id=MS4wLjABAAAA7jMhoxxzQ3WksgiMHGF0LPN9yrUL0qbmlXeIy1hM_LANhDYXnH31VVQ0V88ZiRDI&count=10&ts=1753758061&app_type=lite&os_api=25&device_type=PCRT00&ssmix=a&manifest_version_code=9901504&dpi=240&version_code=9901504&app_name=aweme&version_name=9.9.15&device_id=5827988420182290&is_autoplay=true&resolution=720*1208&os_version=7.1.2&language=zh&device_brand=OPPO&ac=wifi&update_version_code=9901504&minor_status=0&_rticket=1753758061000'
2025-07-28 20:01:01,770 - ERROR - Error parsing JSON response: 444, message='Attempt to decode JSON with unexpected mimetype: text/html', url='https://api.amemv.com/aweme/v1/aweme/post/?device_platform=android&aid=2955&channel=carplay_xiaoai_2955&sec_user_id=MS4wLjABAAAAEZTdb_ch9hn5zvTClJ8QRwwFHOIK7uSZsMtk2WU1kUAGs5e7FETZv8pHcNUG7_RP&count=10&ts=1753758061&app_type=lite&os_api=25&device_type=PCRT00&ssmix=a&manifest_version_code=9901504&dpi=240&version_code=9901504&app_name=aweme&version_name=9.9.15&device_id=5827988420182290&is_autoplay=true&resolution=720*1208&os_version=7.1.2&language=zh&device_brand=OPPO&ac=wifi&update_version_code=9901504&minor_status=0&_rticket=1753758061000'
2025-07-28 20:01:01,878 - INFO - HTTP Request: GET https://api.notion.com/v1/databases/23e035de0731803c9609e369fdbcc16d "HTTP/1.1 200 OK"
2025-07-28 20:01:02,425 - ERROR - Error parsing JSON response: 444, message='Attempt to decode JSON with unexpected mimetype: text/html', url='https://api.amemv.com/aweme/v1/aweme/post/?device_platform=android&aid=2955&channel=carplay_xiaoai_2955&sec_user_id=MS4wLjABAAAA7aTeMcQtWOEezBZB_4l_-PXvyRg-xFyx7O3_q-3MkNIhluauTfuxo4i7Yp690lou&count=10&ts=1753758062&app_type=lite&os_api=25&device_type=PCRT00&ssmix=a&manifest_version_code=9901504&dpi=240&version_code=9901504&app_name=aweme&version_name=9.9.15&device_id=5827988420182290&is_autoplay=true&resolution=720*1208&os_version=7.1.2&language=zh&device_brand=OPPO&ac=wifi&update_version_code=9901504&minor_status=0&_rticket=1753758062000'
2025-07-28 20:01:02,534 - INFO - HTTP Request: GET https://api.notion.com/v1/databases/23e035de0731803c9609e369fdbcc16d "HTTP/1.1 200 OK"
2025-07-28 20:01:02,949 - ERROR - Error parsing JSON response: 444, message='Attempt to decode JSON with unexpected mimetype: text/html', url='https://api.amemv.com/aweme/v1/aweme/post/?device_platform=android&aid=2955&channel=carplay_xiaoai_2955&sec_user_id=MS4wLjABAAAALspbhJp_1Zf1ZwJy2hXrpTNxear8uA-9KmdCT_HQT6k&count=10&ts=1753758062&app_type=lite&os_api=25&device_type=PCRT00&ssmix=a&manifest_version_code=9901504&dpi=240&version_code=9901504&app_name=aweme&version_name=9.9.15&device_id=5827988420182290&is_autoplay=true&resolution=720*1208&os_version=7.1.2&language=zh&device_brand=OPPO&ac=wifi&update_version_code=9901504&minor_status=0&_rticket=1753758062000'
2025-07-28 20:01:02,988 - ERROR - Error parsing JSON response: 444, message='Attempt to decode JSON with unexpected mimetype: text/html', url='https://api.amemv.com/aweme/v1/aweme/post/?device_platform=android&aid=2955&channel=carplay_xiaoai_2955&sec_user_id=MS4wLjABAAAAoPFweCuoKgGJFfJl2K9z_SZMIyLHS7C9KQftgGVupIjlgPT-ro24fIba6lSRY5Km&count=10&ts=1753758062&app_type=lite&os_api=25&device_type=PCRT00&ssmix=a&manifest_version_code=9901504&dpi=240&version_code=9901504&app_name=aweme&version_name=9.9.15&device_id=5827988420182290&is_autoplay=true&resolution=720*1208&os_version=7.1.2&language=zh&device_brand=OPPO&ac=wifi&update_version_code=9901504&minor_status=0&_rticket=1753758062000'
2025-07-28 20:01:03,025 - INFO - HTTP Request: POST https://api.notion.com/v1/pages "HTTP/1.1 200 OK"
2025-07-28 20:01:03,288 - INFO - HTTP Request: POST https://api.notion.com/v1/pages "HTTP/1.1 409 Conflict"
2025-07-28 20:01:04,259 - ERROR - Error parsing JSON response: 444, message='Attempt to decode JSON with unexpected mimetype: text/html', url='https://api.amemv.com/aweme/v1/aweme/post/?device_platform=android&aid=2955&channel=carplay_xiaoai_2955&sec_user_id=MS4wLjABAAAA5VO5xKU39y9v2gMueVkzeQKoxM1X0cShPRJjoJY0IQg&count=10&ts=1753758064&app_type=lite&os_api=25&device_type=PCRT00&ssmix=a&manifest_version_code=9901504&dpi=240&version_code=9901504&app_name=aweme&version_name=9.9.15&device_id=5827988420182290&is_autoplay=true&resolution=720*1208&os_version=7.1.2&language=zh&device_brand=OPPO&ac=wifi&update_version_code=9901504&minor_status=0&_rticket=1753758064000'
2025-07-28 20:01:04,277 - ERROR - Error parsing JSON response: 444, message='Attempt to decode JSON with unexpected mimetype: text/html', url='https://api.amemv.com/aweme/v1/aweme/post/?device_platform=android&aid=2955&channel=carplay_xiaoai_2955&sec_user_id=MS4wLjABAAAAeYjhjHwAzXXvrluzstQEnXpnZs4Vhf8KndyAyT1hEFr9csFHwCVvn5Ej7P3H0nlC&count=10&ts=1753758064&app_type=lite&os_api=25&device_type=PCRT00&ssmix=a&manifest_version_code=9901504&dpi=240&version_code=9901504&app_name=aweme&version_name=9.9.15&device_id=5827988420182290&is_autoplay=true&resolution=720*1208&os_version=7.1.2&language=zh&device_brand=OPPO&ac=wifi&update_version_code=9901504&minor_status=0&_rticket=1753758064000'
2025-07-28 20:01:04,313 - INFO - HTTP Request: POST https://api.notion.com/v1/pages "HTTP/1.1 200 OK"
2025-07-28 20:01:04,594 - INFO - HTTP Request: GET https://api.notion.com/v1/databases/23e035de0731803c9609e369fdbcc16d "HTTP/1.1 200 OK"
2025-07-28 20:01:04,632 - ERROR - Error parsing JSON response: 444, message='Attempt to decode JSON with unexpected mimetype: text/html', url='https://api.amemv.com/aweme/v1/aweme/post/?device_platform=android&aid=2955&channel=carplay_xiaoai_2955&sec_user_id=MS4wLjABAAAAZF74VLzgSfa7rPVyrW_iZGKQAk8EsofGqDSj66P-Ox-bYl-6zRzTsbN8eYS8HMS2&count=10&ts=1753758064&app_type=lite&os_api=25&device_type=PCRT00&ssmix=a&manifest_version_code=9901504&dpi=240&version_code=9901504&app_name=aweme&version_name=9.9.15&device_id=5827988420182290&is_autoplay=true&resolution=720*1208&os_version=7.1.2&language=zh&device_brand=OPPO&ac=wifi&update_version_code=9901504&minor_status=0&_rticket=1753758064000'
2025-07-28 20:01:04,634 - ERROR - Error parsing JSON response: 444, message='Attempt to decode JSON with unexpected mimetype: text/html', url='https://api.amemv.com/aweme/v1/aweme/post/?device_platform=android&aid=2955&channel=carplay_xiaoai_2955&sec_user_id=MS4wLjABAAAAZF_t36B464hNkjUjjMiFbqrEcBM7Cn9RWGid4GJKAxM&count=10&ts=1753758064&app_type=lite&os_api=25&device_type=PCRT00&ssmix=a&manifest_version_code=9901504&dpi=240&version_code=9901504&app_name=aweme&version_name=9.9.15&device_id=5827988420182290&is_autoplay=true&resolution=720*1208&os_version=7.1.2&language=zh&device_brand=OPPO&ac=wifi&update_version_code=9901504&minor_status=0&_rticket=1753758064000'
2025-07-28 20:01:04,635 - ERROR - Error parsing JSON response: 444, message='Attempt to decode JSON with unexpected mimetype: text/html', url='https://api.amemv.com/aweme/v1/aweme/post/?device_platform=android&aid=2955&channel=carplay_xiaoai_2955&sec_user_id=MS4wLjABAAAAYQg5HP8hRrjFFEFPU310CrRzagM38Wx0PaQ4CvNs4Es&count=10&ts=1753758064&app_type=lite&os_api=25&device_type=PCRT00&ssmix=a&manifest_version_code=9901504&dpi=240&version_code=9901504&app_name=aweme&version_name=9.9.15&device_id=5827988420182290&is_autoplay=true&resolution=720*1208&os_version=7.1.2&language=zh&device_brand=OPPO&ac=wifi&update_version_code=9901504&minor_status=0&_rticket=1753758064000'
2025-07-28 20:01:04,636 - ERROR - Error parsing JSON response: 444, message='Attempt to decode JSON with unexpected mimetype: text/html', url='https://api.amemv.com/aweme/v1/aweme/post/?device_platform=android&aid=2955&channel=carplay_xiaoai_2955&sec_user_id=MS4wLjABAAAAtMR2NQpnWcLBY49ivR3cLf6pPzMgDHDjQL8LwVnTwO1tAr6g-8YH4-sfAQhw7c-S&count=10&ts=1753758064&app_type=lite&os_api=25&device_type=PCRT00&ssmix=a&manifest_version_code=9901504&dpi=240&version_code=9901504&app_name=aweme&version_name=9.9.15&device_id=5827988420182290&is_autoplay=true&resolution=720*1208&os_version=7.1.2&language=zh&device_brand=OPPO&ac=wifi&update_version_code=9901504&minor_status=0&_rticket=1753758064000'
2025-07-28 20:01:04,651 - ERROR - Error parsing JSON response: 444, message='Attempt to decode JSON with unexpected mimetype: text/html', url='https://api.amemv.com/aweme/v1/aweme/post/?device_platform=android&aid=2955&channel=carplay_xiaoai_2955&sec_user_id=MS4wLjABAAAAyVlqn7v3jIfDZbOD6xXQ0pNKZ0vYl0E903CMilMPX4I&count=10&ts=1753758064&app_type=lite&os_api=25&device_type=PCRT00&ssmix=a&manifest_version_code=9901504&dpi=240&version_code=9901504&app_name=aweme&version_name=9.9.15&device_id=5827988420182290&is_autoplay=true&resolution=720*1208&os_version=7.1.2&language=zh&device_brand=OPPO&ac=wifi&update_version_code=9901504&minor_status=0&_rticket=1753758064000'
2025-07-28 20:01:04,662 - ERROR - Error parsing JSON response: 444, message='Attempt to decode JSON with unexpected mimetype: text/html', url='https://api.amemv.com/aweme/v1/aweme/post/?device_platform=android&aid=2955&channel=carplay_xiaoai_2955&sec_user_id=MS4wLjABAAAATgwzsgs6Rxm-d3ZXKy2qQ7XiOs4zM8EnP8Pq1BJEuAhyatNe-QPkPVfHwrp8q5yR&count=10&ts=1753758064&app_type=lite&os_api=25&device_type=PCRT00&ssmix=a&manifest_version_code=9901504&dpi=240&version_code=9901504&app_name=aweme&version_name=9.9.15&device_id=5827988420182290&is_autoplay=true&resolution=720*1208&os_version=7.1.2&language=zh&device_brand=OPPO&ac=wifi&update_version_code=9901504&minor_status=0&_rticket=1753758064000'
2025-07-28 20:01:04,842 - ERROR - Error parsing JSON response: 444, message='Attempt to decode JSON with unexpected mimetype: text/html', url='https://api.amemv.com/aweme/v1/aweme/post/?device_platform=android&aid=2955&channel=carplay_xiaoai_2955&sec_user_id=MS4wLjABAAAAZRKk7tK3zGOGnS4HfnDH9pkdDWx9rANVvQ_UNfxc6N0&count=10&ts=1753758064&app_type=lite&os_api=25&device_type=PCRT00&ssmix=a&manifest_version_code=9901504&dpi=240&version_code=9901504&app_name=aweme&version_name=9.9.15&device_id=5827988420182290&is_autoplay=true&resolution=720*1208&os_version=7.1.2&language=zh&device_brand=OPPO&ac=wifi&update_version_code=9901504&minor_status=0&_rticket=1753758064000'
2025-07-28 20:01:05,100 - INFO - HTTP Request: POST https://api.notion.com/v1/pages "HTTP/1.1 200 OK"
2025-07-28 20:01:05,205 - ERROR - Error parsing JSON response: 444, message='Attempt to decode JSON with unexpected mimetype: text/html', url='https://api.amemv.com/aweme/v1/aweme/post/?device_platform=android&aid=2955&channel=carplay_xiaoai_2955&sec_user_id=MS4wLjABAAAA4MuHz053NeJfCrpMBqkEVwYhTYlo6Eqb80cIbsfWSeSAoQVwqXNrcw9OdvvdmK1S&count=10&ts=1753758065&app_type=lite&os_api=25&device_type=PCRT00&ssmix=a&manifest_version_code=9901504&dpi=240&version_code=9901504&app_name=aweme&version_name=9.9.15&device_id=5827988420182290&is_autoplay=true&resolution=720*1208&os_version=7.1.2&language=zh&device_brand=OPPO&ac=wifi&update_version_code=9901504&minor_status=0&_rticket=1753758065000'
2025-07-28 20:01:05,473 - ERROR - Error parsing JSON response: 444, message='Attempt to decode JSON with unexpected mimetype: text/html', url='https://api.amemv.com/aweme/v1/aweme/post/?device_platform=android&aid=2955&channel=carplay_xiaoai_2955&sec_user_id=MS4wLjABAAAAdTh5WF6aSIvXoplbhCYrrkucPWgKRtS9crtGke1RmOo&count=10&ts=1753758065&app_type=lite&os_api=25&device_type=PCRT00&ssmix=a&manifest_version_code=9901504&dpi=240&version_code=9901504&app_name=aweme&version_name=9.9.15&device_id=5827988420182290&is_autoplay=true&resolution=720*1208&os_version=7.1.2&language=zh&device_brand=OPPO&ac=wifi&update_version_code=9901504&minor_status=0&_rticket=1753758065000'
2025-07-28 20:01:05,539 - INFO - HTTP Request: POST https://api.notion.com/v1/pages "HTTP/1.1 200 OK"
2025-07-28 20:01:05,638 - INFO - HTTP Request: GET https://api.notion.com/v1/databases/23e035de0731803c9609e369fdbcc16d "HTTP/1.1 200 OK"
2025-07-28 20:01:06,395 - INFO - HTTP Request: GET https://api.notion.com/v1/databases/23e035de0731803c9609e369fdbcc16d "HTTP/1.1 200 OK"
2025-07-28 20:01:06,681 - ERROR - Error parsing JSON response: 444, message='Attempt to decode JSON with unexpected mimetype: text/html', url='https://api.amemv.com/aweme/v1/aweme/post/?device_platform=android&aid=2955&channel=carplay_xiaoai_2955&sec_user_id=MS4wLjABAAAA4KhfTGg2GcuZL-UzoKMrQLGuMVkcbUAh0LGxYgwp_Sk&count=10&ts=1753758066&app_type=lite&os_api=25&device_type=PCRT00&ssmix=a&manifest_version_code=9901504&dpi=240&version_code=9901504&app_name=aweme&version_name=9.9.15&device_id=5827988420182290&is_autoplay=true&resolution=720*1208&os_version=7.1.2&language=zh&device_brand=OPPO&ac=wifi&update_version_code=9901504&minor_status=0&_rticket=1753758066000'
2025-07-28 20:01:06,838 - INFO - HTTP Request: GET https://api.notion.com/v1/databases/23e035de0731803c9609e369fdbcc16d "HTTP/1.1 200 OK"
2025-07-28 20:01:06,872 - INFO - HTTP Request: GET https://api.notion.com/v1/databases/23e035de0731803c9609e369fdbcc16d "HTTP/1.1 200 OK"
2025-07-28 20:01:06,906 - INFO - HTTP Request: POST https://api.notion.com/v1/pages "HTTP/1.1 200 OK"
2025-07-28 20:01:06,918 - INFO - HTTP Request: POST https://api.notion.com/v1/pages "HTTP/1.1 409 Conflict"
2025-07-28 20:01:07,046 - ERROR - Error parsing JSON response: 444, message='Attempt to decode JSON with unexpected mimetype: text/html', url='https://api.amemv.com/aweme/v1/aweme/post/?device_platform=android&aid=2955&channel=carplay_xiaoai_2955&sec_user_id=MS4wLjABAAAAdS2Dhnuhq0sED5r0_M0EXKHJ5n2KdsRkXBzdOgEyuZ9QxnobxpQIeHCDetvccuNl&count=10&ts=1753758066&app_type=lite&os_api=25&device_type=PCRT00&ssmix=a&manifest_version_code=9901504&dpi=240&version_code=9901504&app_name=aweme&version_name=9.9.15&device_id=5827988420182290&is_autoplay=true&resolution=720*1208&os_version=7.1.2&language=zh&device_brand=OPPO&ac=wifi&update_version_code=9901504&minor_status=0&_rticket=1753758066000'
2025-07-28 20:01:07,430 - INFO - HTTP Request: POST https://api.notion.com/v1/pages "HTTP/1.1 200 OK"
2025-07-28 20:01:07,664 - ERROR - Error parsing JSON response: 444, message='Attempt to decode JSON with unexpected mimetype: text/html', url='https://api.amemv.com/aweme/v1/aweme/post/?device_platform=android&aid=2955&channel=carplay_xiaoai_2955&sec_user_id=MS4wLjABAAAA2Wu4TpjbvOTZAm-s6FoxWxNf8hUik_gjfDrYVI0JMb22hRb7nvbOaPFGhLxW0gBa&count=10&ts=1753758067&app_type=lite&os_api=25&device_type=PCRT00&ssmix=a&manifest_version_code=9901504&dpi=240&version_code=9901504&app_name=aweme&version_name=9.9.15&device_id=5827988420182290&is_autoplay=true&resolution=720*1208&os_version=7.1.2&language=zh&device_brand=OPPO&ac=wifi&update_version_code=9901504&minor_status=0&_rticket=1753758067000'
2025-07-28 20:01:07,988 - ERROR - Error parsing JSON response: 444, message='Attempt to decode JSON with unexpected mimetype: text/html', url='https://api.amemv.com/aweme/v1/aweme/post/?device_platform=android&aid=2955&channel=carplay_xiaoai_2955&sec_user_id=MS4wLjABAAAADHBjvMEAguh6bZi8KKGTOTiUEvPSYsSWJJRLOdfs2g61Do-k9z6XoNWSPnvPkzu-&count=10&ts=1753758067&app_type=lite&os_api=25&device_type=PCRT00&ssmix=a&manifest_version_code=9901504&dpi=240&version_code=9901504&app_name=aweme&version_name=9.9.15&device_id=5827988420182290&is_autoplay=true&resolution=720*1208&os_version=7.1.2&language=zh&device_brand=OPPO&ac=wifi&update_version_code=9901504&minor_status=0&_rticket=1753758067000'
2025-07-28 20:01:08,088 - INFO - HTTP Request: GET https://api.notion.com/v1/databases/23e035de0731803c9609e369fdbcc16d "HTTP/1.1 200 OK"
2025-07-28 20:01:08,345 - INFO - HTTP Request: POST https://api.notion.com/v1/pages "HTTP/1.1 200 OK"
2025-07-28 20:01:08,495 - INFO - HTTP Request: GET https://api.notion.com/v1/databases/23e035de0731803c9609e369fdbcc16d "HTTP/1.1 200 OK"
2025-07-28 20:01:08,699 - INFO - HTTP Request: POST https://api.notion.com/v1/pages "HTTP/1.1 200 OK"
2025-07-28 20:01:09,217 - ERROR - Error parsing JSON response: 444, message='Attempt to decode JSON with unexpected mimetype: text/html', url='https://api.amemv.com/aweme/v1/aweme/post/?device_platform=android&aid=2955&channel=carplay_xiaoai_2955&sec_user_id=MS4wLjABAAAA2nCdyVFmLYNfeLneaG1mDoOq7aREXsFDhBldCMt-eoNPyYSYplbQWx-LX9y_CgCJ&count=10&ts=1753758069&app_type=lite&os_api=25&device_type=PCRT00&ssmix=a&manifest_version_code=9901504&dpi=240&version_code=9901504&app_name=aweme&version_name=9.9.15&device_id=5827988420182290&is_autoplay=true&resolution=720*1208&os_version=7.1.2&language=zh&device_brand=OPPO&ac=wifi&update_version_code=9901504&minor_status=0&_rticket=1753758069000'
2025-07-28 20:01:09,218 - ERROR - Error parsing JSON response: 444, message='Attempt to decode JSON with unexpected mimetype: text/html', url='https://api.amemv.com/aweme/v1/aweme/post/?device_platform=android&aid=2955&channel=carplay_xiaoai_2955&sec_user_id=MS4wLjABAAAALCcsDotQhAW-nhlgds2RuHmmq0VqqDiSL1uA5rw_Qyu-ItnpAYG-yPQxtnuDTa0x&count=10&ts=1753758069&app_type=lite&os_api=25&device_type=PCRT00&ssmix=a&manifest_version_code=9901504&dpi=240&version_code=9901504&app_name=aweme&version_name=9.9.15&device_id=5827988420182290&is_autoplay=true&resolution=720*1208&os_version=7.1.2&language=zh&device_brand=OPPO&ac=wifi&update_version_code=9901504&minor_status=0&_rticket=1753758069000'
2025-07-28 20:01:09,235 - ERROR - Error parsing JSON response: 444, message='Attempt to decode JSON with unexpected mimetype: text/html', url='https://api.amemv.com/aweme/v1/aweme/post/?device_platform=android&aid=2955&channel=carplay_xiaoai_2955&sec_user_id=MS4wLjABAAAAJDqZ40zZ078qx3fHjOpP0VeXKRTPAhBk8VCa1VM39NfTHganXRl5EFFYYog5cPZB&count=10&ts=1753758069&app_type=lite&os_api=25&device_type=PCRT00&ssmix=a&manifest_version_code=9901504&dpi=240&version_code=9901504&app_name=aweme&version_name=9.9.15&device_id=5827988420182290&is_autoplay=true&resolution=720*1208&os_version=7.1.2&language=zh&device_brand=OPPO&ac=wifi&update_version_code=9901504&minor_status=0&_rticket=1753758069000'
2025-07-28 20:01:09,241 - ERROR - Error parsing JSON response: 444, message='Attempt to decode JSON with unexpected mimetype: text/html', url='https://api.amemv.com/aweme/v1/aweme/post/?device_platform=android&aid=2955&channel=carplay_xiaoai_2955&sec_user_id=MS4wLjABAAAAyq2_7O7RW_0KNgsr3WMrXCH2gqhY_QAd9Oezb6zGfVk&count=10&ts=1753758069&app_type=lite&os_api=25&device_type=PCRT00&ssmix=a&manifest_version_code=9901504&dpi=240&version_code=9901504&app_name=aweme&version_name=9.9.15&device_id=5827988420182290&is_autoplay=true&resolution=720*1208&os_version=7.1.2&language=zh&device_brand=OPPO&ac=wifi&update_version_code=9901504&minor_status=0&_rticket=1753758069000'
2025-07-28 20:01:09,254 - ERROR - Error parsing JSON response: 444, message='Attempt to decode JSON with unexpected mimetype: text/html', url='https://api.amemv.com/aweme/v1/aweme/post/?device_platform=android&aid=2955&channel=carplay_xiaoai_2955&sec_user_id=MS4wLjABAAAAXxxbZHRGh0KLdWq-wblUbD3Dzi3tP7dYlY5MARZ-uu5ZCS5laVWHfbOplEw_Yk4z&count=10&ts=1753758069&app_type=lite&os_api=25&device_type=PCRT00&ssmix=a&manifest_version_code=9901504&dpi=240&version_code=9901504&app_name=aweme&version_name=9.9.15&device_id=5827988420182290&is_autoplay=true&resolution=720*1208&os_version=7.1.2&language=zh&device_brand=OPPO&ac=wifi&update_version_code=9901504&minor_status=0&_rticket=1753758069000'
2025-07-28 20:01:09,262 - ERROR - Error parsing JSON response: 444, message='Attempt to decode JSON with unexpected mimetype: text/html', url='https://api.amemv.com/aweme/v1/aweme/post/?device_platform=android&aid=2955&channel=carplay_xiaoai_2955&sec_user_id=MS4wLjABAAAARAA3sT5F4647X4xSaP6-05ImJA_rDfGIDDpMF28z1Zw&count=10&ts=1753758069&app_type=lite&os_api=25&device_type=PCRT00&ssmix=a&manifest_version_code=9901504&dpi=240&version_code=9901504&app_name=aweme&version_name=9.9.15&device_id=5827988420182290&is_autoplay=true&resolution=720*1208&os_version=7.1.2&language=zh&device_brand=OPPO&ac=wifi&update_version_code=9901504&minor_status=0&_rticket=1753758069000'
2025-07-28 20:01:09,296 - INFO - HTTP Request: GET https://api.notion.com/v1/databases/23e035de0731803c9609e369fdbcc16d "HTTP/1.1 200 OK"
2025-07-28 20:01:09,662 - INFO - HTTP Request: GET https://api.notion.com/v1/databases/23e035de0731803c9609e369fdbcc16d "HTTP/1.1 200 OK"
2025-07-28 20:01:10,262 - INFO - HTTP Request: POST https://api.notion.com/v1/pages "HTTP/1.1 409 Conflict"
2025-07-28 20:01:10,312 - INFO - HTTP Request: POST https://api.notion.com/v1/pages "HTTP/1.1 200 OK"
2025-07-28 20:01:10,454 - ERROR - Error parsing JSON response: 444, message='Attempt to decode JSON with unexpected mimetype: text/html', url='https://api.amemv.com/aweme/v1/aweme/post/?device_platform=android&aid=2955&channel=carplay_xiaoai_2955&sec_user_id=MS4wLjABAAAA2iXK3Iw5F7GD8VIQELfWjEJL5gaEqLWRINVpGQ8eqdJgXYM8f9gDf2TZIv3tKB9C&count=10&ts=1753758070&app_type=lite&os_api=25&device_type=PCRT00&ssmix=a&manifest_version_code=9901504&dpi=240&version_code=9901504&app_name=aweme&version_name=9.9.15&device_id=5827988420182290&is_autoplay=true&resolution=720*1208&os_version=7.1.2&language=zh&device_brand=OPPO&ac=wifi&update_version_code=9901504&minor_status=0&_rticket=1753758070000'
2025-07-28 20:01:10,534 - INFO - HTTP Request: GET https://api.notion.com/v1/databases/23e035de0731803c9609e369fdbcc16d "HTTP/1.1 200 OK"
2025-07-28 20:01:10,999 - INFO - HTTP Request: POST https://api.notion.com/v1/pages "HTTP/1.1 200 OK"
2025-07-28 20:01:11,126 - ERROR - Error parsing JSON response: 444, message='Attempt to decode JSON with unexpected mimetype: text/html', url='https://api.amemv.com/aweme/v1/aweme/post/?device_platform=android&aid=2955&channel=carplay_xiaoai_2955&sec_user_id=MS4wLjABAAAAcwgCBTlFzHJddGP_aTNi580VP1DuSw9BiebXR2huvM3W11Ae4NMIVqQ6cAVtDn7c&count=10&ts=1753758071&app_type=lite&os_api=25&device_type=PCRT00&ssmix=a&manifest_version_code=9901504&dpi=240&version_code=9901504&app_name=aweme&version_name=9.9.15&device_id=5827988420182290&is_autoplay=true&resolution=720*1208&os_version=7.1.2&language=zh&device_brand=OPPO&ac=wifi&update_version_code=9901504&minor_status=0&_rticket=1753758071000'
2025-07-28 20:01:11,344 - INFO - HTTP Request: GET https://api.notion.com/v1/databases/23e035de0731803c9609e369fdbcc16d "HTTP/1.1 200 OK"
2025-07-28 20:01:11,734 - INFO - HTTP Request: GET https://api.notion.com/v1/databases/23e035de0731803c9609e369fdbcc16d "HTTP/1.1 200 OK"
2025-07-28 20:01:11,813 - INFO - HTTP Request: POST https://api.notion.com/v1/pages "HTTP/1.1 200 OK"
2025-07-28 20:01:11,903 - ERROR - Error parsing JSON response: 444, message='Attempt to decode JSON with unexpected mimetype: text/html', url='https://api.amemv.com/aweme/v1/aweme/post/?device_platform=android&aid=2955&channel=carplay_xiaoai_2955&sec_user_id=MS4wLjABAAAAxKq_dqN2RW8emJzNJFqxpOxKoOQsSWxM3PoEZ208oeE&count=10&ts=1753758071&app_type=lite&os_api=25&device_type=PCRT00&ssmix=a&manifest_version_code=9901504&dpi=240&version_code=9901504&app_name=aweme&version_name=9.9.15&device_id=5827988420182290&is_autoplay=true&resolution=720*1208&os_version=7.1.2&language=zh&device_brand=OPPO&ac=wifi&update_version_code=9901504&minor_status=0&_rticket=1753758071000'
2025-07-28 20:01:11,904 - ERROR - Error parsing JSON response: 444, message='Attempt to decode JSON with unexpected mimetype: text/html', url='https://api.amemv.com/aweme/v1/aweme/post/?device_platform=android&aid=2955&channel=carplay_xiaoai_2955&sec_user_id=MS4wLjABAAAAwsUnL_btVC3YLT3dd_pqW0bIn-tIvp4Ca7Ob3Xj836k&count=10&ts=1753758071&app_type=lite&os_api=25&device_type=PCRT00&ssmix=a&manifest_version_code=9901504&dpi=240&version_code=9901504&app_name=aweme&version_name=9.9.15&device_id=5827988420182290&is_autoplay=true&resolution=720*1208&os_version=7.1.2&language=zh&device_brand=OPPO&ac=wifi&update_version_code=9901504&minor_status=0&_rticket=1753758071000'
2025-07-28 20:01:11,906 - ERROR - Error parsing JSON response: 444, message='Attempt to decode JSON with unexpected mimetype: text/html', url='https://api.amemv.com/aweme/v1/aweme/post/?device_platform=android&aid=2955&channel=carplay_xiaoai_2955&sec_user_id=MS4wLjABAAAAxDJT8TLetAJZTMIvPVM9AkrMJRQ7fHyPP99xusRDd4NhY0VUIno9mAA6_MKPEMzw&count=10&ts=1753758071&app_type=lite&os_api=25&device_type=PCRT00&ssmix=a&manifest_version_code=9901504&dpi=240&version_code=9901504&app_name=aweme&version_name=9.9.15&device_id=5827988420182290&is_autoplay=true&resolution=720*1208&os_version=7.1.2&language=zh&device_brand=OPPO&ac=wifi&update_version_code=9901504&minor_status=0&_rticket=1753758071000'
2025-07-28 20:01:11,944 - ERROR - Error parsing JSON response: 444, message='Attempt to decode JSON with unexpected mimetype: text/html', url='https://api.amemv.com/aweme/v1/aweme/post/?device_platform=android&aid=2955&channel=carplay_xiaoai_2955&sec_user_id=MS4wLjABAAAA1f0KmWiPEjwKNQBhZ_NxaTuxn7iFbmow7Jo_FT5my8M&count=10&ts=1753758071&app_type=lite&os_api=25&device_type=PCRT00&ssmix=a&manifest_version_code=9901504&dpi=240&version_code=9901504&app_name=aweme&version_name=9.9.15&device_id=5827988420182290&is_autoplay=true&resolution=720*1208&os_version=7.1.2&language=zh&device_brand=OPPO&ac=wifi&update_version_code=9901504&minor_status=0&_rticket=1753758071000'
2025-07-28 20:01:11,973 - ERROR - Error parsing JSON response: 444, message='Attempt to decode JSON with unexpected mimetype: text/html', url='https://api.amemv.com/aweme/v1/aweme/post/?device_platform=android&aid=2955&channel=carplay_xiaoai_2955&sec_user_id=MS4wLjABAAAAqeBdPsr99p8BsNhwBI2dmvzn32bc-0A90kOMgh0QLpoGM3tVa5d4iZ0K-NJ-s67T&count=10&ts=1753758071&app_type=lite&os_api=25&device_type=PCRT00&ssmix=a&manifest_version_code=9901504&dpi=240&version_code=9901504&app_name=aweme&version_name=9.9.15&device_id=5827988420182290&is_autoplay=true&resolution=720*1208&os_version=7.1.2&language=zh&device_brand=OPPO&ac=wifi&update_version_code=9901504&minor_status=0&_rticket=1753758071000'
2025-07-28 20:01:11,984 - INFO - HTTP Request: GET https://api.notion.com/v1/databases/23e035de0731803c9609e369fdbcc16d "HTTP/1.1 200 OK"
2025-07-28 20:01:12,178 - INFO - HTTP Request: POST https://api.notion.com/v1/pages "HTTP/1.1 200 OK"
2025-07-28 20:01:12,424 - ERROR - Error parsing JSON response: 444, message='Attempt to decode JSON with unexpected mimetype: text/html', url='https://api.amemv.com/aweme/v1/aweme/post/?device_platform=android&aid=2955&channel=carplay_xiaoai_2955&sec_user_id=MS4wLjABAAAAoZE3xJmJ1bTZFMEUhoRWvLnN6tlr467eYQoe8yfEn9yhEwwu6ynwZEKLOhmAyEzJ&count=10&ts=1753758072&app_type=lite&os_api=25&device_type=PCRT00&ssmix=a&manifest_version_code=9901504&dpi=240&version_code=9901504&app_name=aweme&version_name=9.9.15&device_id=5827988420182290&is_autoplay=true&resolution=720*1208&os_version=7.1.2&language=zh&device_brand=OPPO&ac=wifi&update_version_code=9901504&minor_status=0&_rticket=1753758072000'
2025-07-28 20:01:12,427 - ERROR - Error parsing JSON response: 444, message='Attempt to decode JSON with unexpected mimetype: text/html', url='https://api.amemv.com/aweme/v1/aweme/post/?device_platform=android&aid=2955&channel=carplay_xiaoai_2955&sec_user_id=MS4wLjABAAAAwDbCwnxisfMw7Hi8b_2SoKu1NURFyzfcJA3TqeIJ5OlMPAUSackNAslPjBsmm7W_&count=10&ts=1753758072&app_type=lite&os_api=25&device_type=PCRT00&ssmix=a&manifest_version_code=9901504&dpi=240&version_code=9901504&app_name=aweme&version_name=9.9.15&device_id=5827988420182290&is_autoplay=true&resolution=720*1208&os_version=7.1.2&language=zh&device_brand=OPPO&ac=wifi&update_version_code=9901504&minor_status=0&_rticket=1753758072000'
2025-07-28 20:01:12,431 - ERROR - Error parsing JSON response: 444, message='Attempt to decode JSON with unexpected mimetype: text/html', url='https://api.amemv.com/aweme/v1/aweme/post/?device_platform=android&aid=2955&channel=carplay_xiaoai_2955&sec_user_id=MS4wLjABAAAACnPiXPG_toBmjiPo3iwxb9aSOwwjKYNQmka-tPCMVUdYGEpqqEoihUGW35QnT7OO&count=10&ts=1753758072&app_type=lite&os_api=25&device_type=PCRT00&ssmix=a&manifest_version_code=9901504&dpi=240&version_code=9901504&app_name=aweme&version_name=9.9.15&device_id=5827988420182290&is_autoplay=true&resolution=720*1208&os_version=7.1.2&language=zh&device_brand=OPPO&ac=wifi&update_version_code=9901504&minor_status=0&_rticket=1753758072000'
2025-07-28 20:01:12,439 - ERROR - Error parsing JSON response: 444, message='Attempt to decode JSON with unexpected mimetype: text/html', url='https://api.amemv.com/aweme/v1/aweme/post/?device_platform=android&aid=2955&channel=carplay_xiaoai_2955&sec_user_id=MS4wLjABAAAAJ7D3jnulMh34WTF1lDbdqsSbN0dXH4GTUpP30hbMOZeLHp-skUqtHM6rB6DjWPS5&count=10&ts=1753758072&app_type=lite&os_api=25&device_type=PCRT00&ssmix=a&manifest_version_code=9901504&dpi=240&version_code=9901504&app_name=aweme&version_name=9.9.15&device_id=5827988420182290&is_autoplay=true&resolution=720*1208&os_version=7.1.2&language=zh&device_brand=OPPO&ac=wifi&update_version_code=9901504&minor_status=0&_rticket=1753758072000'
2025-07-28 20:01:13,217 - INFO - HTTP Request: POST https://api.notion.com/v1/pages "HTTP/1.1 200 OK"
2025-07-28 20:01:13,273 - ERROR - Error parsing JSON response: 444, message='Attempt to decode JSON with unexpected mimetype: text/html', url='https://api.amemv.com/aweme/v1/aweme/post/?device_platform=android&aid=2955&channel=carplay_xiaoai_2955&sec_user_id=MS4wLjABAAAA1dHamu8WOopdVUBNFqbFTBdIIm22k2rond04aHvQEYFim0uC9buFZBKP1K3ToyuI&count=10&ts=1753758073&app_type=lite&os_api=25&device_type=PCRT00&ssmix=a&manifest_version_code=9901504&dpi=240&version_code=9901504&app_name=aweme&version_name=9.9.15&device_id=5827988420182290&is_autoplay=true&resolution=720*1208&os_version=7.1.2&language=zh&device_brand=OPPO&ac=wifi&update_version_code=9901504&minor_status=0&_rticket=1753758073000'
2025-07-28 20:01:13,764 - INFO - HTTP Request: POST https://api.notion.com/v1/pages "HTTP/1.1 200 OK"
2025-07-28 20:01:14,268 - INFO - HTTP Request: GET https://api.notion.com/v1/databases/23e035de0731803c9609e369fdbcc16d "HTTP/1.1 200 OK"
2025-07-28 20:01:14,290 - INFO - HTTP Request: GET https://api.notion.com/v1/databases/23e035de0731803c9609e369fdbcc16d "HTTP/1.1 200 OK"
2025-07-28 20:01:14,611 - ERROR - Error parsing JSON response: 444, message='Attempt to decode JSON with unexpected mimetype: text/html', url='https://api.amemv.com/aweme/v1/aweme/post/?device_platform=android&aid=2955&channel=carplay_xiaoai_2955&sec_user_id=MS4wLjABAAAAC0j6CPvwiYo2b9AJkn3tMv4OPqlw2vYuwEEGZc0lhoYmds7Z1tAoBUuImhS5AfgX&count=10&ts=1753758074&app_type=lite&os_api=25&device_type=PCRT00&ssmix=a&manifest_version_code=9901504&dpi=240&version_code=9901504&app_name=aweme&version_name=9.9.15&device_id=5827988420182290&is_autoplay=true&resolution=720*1208&os_version=7.1.2&language=zh&device_brand=OPPO&ac=wifi&update_version_code=9901504&minor_status=0&_rticket=1753758074000'
2025-07-28 20:01:14,684 - ERROR - Error parsing JSON response: 444, message='Attempt to decode JSON with unexpected mimetype: text/html', url='https://api.amemv.com/aweme/v1/aweme/post/?device_platform=android&aid=2955&channel=carplay_xiaoai_2955&sec_user_id=MS4wLjABAAAAS8pO2Kvu5uuF7E-DPgqkiR31bDVa0TBlsM_LjjL_VDbbZ3JDDEBZ8QMnOsxh0Jdd&count=10&ts=1753758074&app_type=lite&os_api=25&device_type=PCRT00&ssmix=a&manifest_version_code=9901504&dpi=240&version_code=9901504&app_name=aweme&version_name=9.9.15&device_id=5827988420182290&is_autoplay=true&resolution=720*1208&os_version=7.1.2&language=zh&device_brand=OPPO&ac=wifi&update_version_code=9901504&minor_status=0&_rticket=1753758074000'
2025-07-28 20:01:14,691 - ERROR - Error parsing JSON response: 444, message='Attempt to decode JSON with unexpected mimetype: text/html', url='https://api.amemv.com/aweme/v1/aweme/post/?device_platform=android&aid=2955&channel=carplay_xiaoai_2955&sec_user_id=MS4wLjABAAAAguGPS61bi_za9hIt9X_mjrLgBDArH4LQguxoMORsCi4dh2Qnd5gq1yFqu5NvZew5&count=10&ts=1753758074&app_type=lite&os_api=25&device_type=PCRT00&ssmix=a&manifest_version_code=9901504&dpi=240&version_code=9901504&app_name=aweme&version_name=9.9.15&device_id=5827988420182290&is_autoplay=true&resolution=720*1208&os_version=7.1.2&language=zh&device_brand=OPPO&ac=wifi&update_version_code=9901504&minor_status=0&_rticket=1753758074000'
2025-07-28 20:01:14,749 - INFO - HTTP Request: POST https://api.notion.com/v1/pages "HTTP/1.1 200 OK"
2025-07-28 20:01:14,761 - INFO - HTTP Request: GET https://api.notion.com/v1/databases/23e035de0731803c9609e369fdbcc16d "HTTP/1.1 200 OK"
2025-07-28 20:01:14,934 - INFO - HTTP Request: GET https://api.notion.com/v1/databases/23e035de0731803c9609e369fdbcc16d "HTTP/1.1 200 OK"
2025-07-28 20:01:15,263 - INFO - HTTP Request: POST https://api.notion.com/v1/pages "HTTP/1.1 200 OK"
2025-07-28 20:01:15,318 - ERROR - Error parsing JSON response: 444, message='Attempt to decode JSON with unexpected mimetype: text/html', url='https://api.amemv.com/aweme/v1/aweme/post/?device_platform=android&aid=2955&channel=carplay_xiaoai_2955&sec_user_id=MS4wLjABAAAAOu2CUhD6dFeIzDCK4dbGjeTekFKKHhZ5MzAVE4-fLF--1T72eFxGC4h3o0P3gANJ&count=10&ts=1753758075&app_type=lite&os_api=25&device_type=PCRT00&ssmix=a&manifest_version_code=9901504&dpi=240&version_code=9901504&app_name=aweme&version_name=9.9.15&device_id=5827988420182290&is_autoplay=true&resolution=720*1208&os_version=7.1.2&language=zh&device_brand=OPPO&ac=wifi&update_version_code=9901504&minor_status=0&_rticket=1753758075000'
2025-07-28 20:01:15,330 - ERROR - Error parsing JSON response: 444, message='Attempt to decode JSON with unexpected mimetype: text/html', url='https://api.amemv.com/aweme/v1/aweme/post/?device_platform=android&aid=2955&channel=carplay_xiaoai_2955&sec_user_id=MS4wLjABAAAABPIzLh0sLqoB-IkCV5eKmTqx281zLBapUCdS56bvpRSNQbVu_MKp4sMwljK1NhqI&count=10&ts=1753758075&app_type=lite&os_api=25&device_type=PCRT00&ssmix=a&manifest_version_code=9901504&dpi=240&version_code=9901504&app_name=aweme&version_name=9.9.15&device_id=5827988420182290&is_autoplay=true&resolution=720*1208&os_version=7.1.2&language=zh&device_brand=OPPO&ac=wifi&update_version_code=9901504&minor_status=0&_rticket=1753758075000'
2025-07-28 20:01:15,341 - ERROR - Error parsing JSON response: 444, message='Attempt to decode JSON with unexpected mimetype: text/html', url='https://api.amemv.com/aweme/v1/aweme/post/?device_platform=android&aid=2955&channel=carplay_xiaoai_2955&sec_user_id=MS4wLjABAAAAvGiOG-mC4ikoDYfySCf1R4vTleUgbq29u1nkfJLKUk7N-wKLcuBltYoS9t7xnR-f&count=10&ts=1753758075&app_type=lite&os_api=25&device_type=PCRT00&ssmix=a&manifest_version_code=9901504&dpi=240&version_code=9901504&app_name=aweme&version_name=9.9.15&device_id=5827988420182290&is_autoplay=true&resolution=720*1208&os_version=7.1.2&language=zh&device_brand=OPPO&ac=wifi&update_version_code=9901504&minor_status=0&_rticket=1753758075000'
2025-07-28 20:01:15,342 - ERROR - Error parsing JSON response: 444, message='Attempt to decode JSON with unexpected mimetype: text/html', url='https://api.amemv.com/aweme/v1/aweme/post/?device_platform=android&aid=2955&channel=carplay_xiaoai_2955&sec_user_id=MS4wLjABAAAA0m-MEPGJBSY-jJgHH2wKsYPAl80H3VMFWVRZQPPHHbSH5e7aQI_35iGO1wsABES-&count=10&ts=1753758075&app_type=lite&os_api=25&device_type=PCRT00&ssmix=a&manifest_version_code=9901504&dpi=240&version_code=9901504&app_name=aweme&version_name=9.9.15&device_id=5827988420182290&is_autoplay=true&resolution=720*1208&os_version=7.1.2&language=zh&device_brand=OPPO&ac=wifi&update_version_code=9901504&minor_status=0&_rticket=1753758075000'
2025-07-28 20:01:15,355 - INFO - HTTP Request: POST https://api.notion.com/v1/pages "HTTP/1.1 200 OK"
2025-07-28 20:01:15,376 - ERROR - Error parsing JSON response: 444, message='Attempt to decode JSON with unexpected mimetype: text/html', url='https://api.amemv.com/aweme/v1/aweme/post/?device_platform=android&aid=2955&channel=carplay_xiaoai_2955&sec_user_id=MS4wLjABAAAAGk2L3WwagnIXrQUS7vA1UCIphMyC0NioOkmyR76StNJD0VJBBgUXBtSn102Mb4cc&count=10&ts=1753758075&app_type=lite&os_api=25&device_type=PCRT00&ssmix=a&manifest_version_code=9901504&dpi=240&version_code=9901504&app_name=aweme&version_name=9.9.15&device_id=5827988420182290&is_autoplay=true&resolution=720*1208&os_version=7.1.2&language=zh&device_brand=OPPO&ac=wifi&update_version_code=9901504&minor_status=0&_rticket=1753758075000'
2025-07-28 20:01:15,672 - ERROR - Error parsing JSON response: 444, message='Attempt to decode JSON with unexpected mimetype: text/html', url='https://api.amemv.com/aweme/v1/aweme/post/?device_platform=android&aid=2955&channel=carplay_xiaoai_2955&sec_user_id=MS4wLjABAAAAB9oNhA8b3GINFI-49NH0itpJLnMDGsESZE7dn0P6SoH1T5fh7abr5EfsxUgy1v2P&count=10&ts=1753758075&app_type=lite&os_api=25&device_type=PCRT00&ssmix=a&manifest_version_code=9901504&dpi=240&version_code=9901504&app_name=aweme&version_name=9.9.15&device_id=5827988420182290&is_autoplay=true&resolution=720*1208&os_version=7.1.2&language=zh&device_brand=OPPO&ac=wifi&update_version_code=9901504&minor_status=0&_rticket=1753758075000'
2025-07-28 20:01:15,676 - ERROR - Error parsing JSON response: 444, message='Attempt to decode JSON with unexpected mimetype: text/html', url='https://api.amemv.com/aweme/v1/aweme/post/?device_platform=android&aid=2955&channel=carplay_xiaoai_2955&sec_user_id=MS4wLjABAAAAukTO96aRotyXBUa8HK7EslO4TDecuYAKaD2p06iXXvqgm0h6MsiFycmZRIC5ADTd&count=10&ts=1753758075&app_type=lite&os_api=25&device_type=PCRT00&ssmix=a&manifest_version_code=9901504&dpi=240&version_code=9901504&app_name=aweme&version_name=9.9.15&device_id=5827988420182290&is_autoplay=true&resolution=720*1208&os_version=7.1.2&language=zh&device_brand=OPPO&ac=wifi&update_version_code=9901504&minor_status=0&_rticket=1753758075000'
2025-07-28 20:01:15,729 - ERROR - Error parsing JSON response: 444, message='Attempt to decode JSON with unexpected mimetype: text/html', url='https://api.amemv.com/aweme/v1/aweme/post/?device_platform=android&aid=2955&channel=carplay_xiaoai_2955&sec_user_id=MS4wLjABAAAAFovtSOQ3YoACQsVBwUzGbSW9xun6lxrdKc5valNYLd5TVp9_ATmbUW2_hUVixtv5&count=10&ts=1753758075&app_type=lite&os_api=25&device_type=PCRT00&ssmix=a&manifest_version_code=9901504&dpi=240&version_code=9901504&app_name=aweme&version_name=9.9.15&device_id=5827988420182290&is_autoplay=true&resolution=720*1208&os_version=7.1.2&language=zh&device_brand=OPPO&ac=wifi&update_version_code=9901504&minor_status=0&_rticket=1753758075000'
2025-07-28 20:01:15,741 - INFO - HTTP Request: GET https://api.notion.com/v1/databases/23e035de0731803c9609e369fdbcc16d "HTTP/1.1 200 OK"
2025-07-28 20:01:16,240 - INFO - HTTP Request: POST https://api.notion.com/v1/pages "HTTP/1.1 200 OK"
2025-07-28 20:01:16,357 - INFO - HTTP Request: GET https://api.notion.com/v1/databases/23e035de0731803c9609e369fdbcc16d "HTTP/1.1 200 OK"
2025-07-28 20:01:16,442 - INFO - HTTP Request: GET https://api.notion.com/v1/databases/23e035de0731803c9609e369fdbcc16d "HTTP/1.1 200 OK"
2025-07-28 20:01:16,450 - ERROR - Error parsing JSON response: 444, message='Attempt to decode JSON with unexpected mimetype: text/html', url='https://api.amemv.com/aweme/v1/aweme/post/?device_platform=android&aid=2955&channel=carplay_xiaoai_2955&sec_user_id=MS4wLjABAAAA_Eg9ME2xyVQvqcRx7tZWX7loeqbyC13EuQFnilCcz9rNeCpw2jkTxeOF1A7_L90d&count=10&ts=1753758076&app_type=lite&os_api=25&device_type=PCRT00&ssmix=a&manifest_version_code=9901504&dpi=240&version_code=9901504&app_name=aweme&version_name=9.9.15&device_id=5827988420182290&is_autoplay=true&resolution=720*1208&os_version=7.1.2&language=zh&device_brand=OPPO&ac=wifi&update_version_code=9901504&minor_status=0&_rticket=1753758076000'
2025-07-28 20:01:16,748 - ERROR - Error parsing JSON response: 444, message='Attempt to decode JSON with unexpected mimetype: text/html', url='https://api.amemv.com/aweme/v1/aweme/post/?device_platform=android&aid=2955&channel=carplay_xiaoai_2955&sec_user_id=MS4wLjABAAAAOk5Yq1qefFQptZWIeiuW59JB1JP-SIaOwK0O9E2A6m0&count=10&ts=1753758076&app_type=lite&os_api=25&device_type=PCRT00&ssmix=a&manifest_version_code=9901504&dpi=240&version_code=9901504&app_name=aweme&version_name=9.9.15&device_id=5827988420182290&is_autoplay=true&resolution=720*1208&os_version=7.1.2&language=zh&device_brand=OPPO&ac=wifi&update_version_code=9901504&minor_status=0&_rticket=1753758076000'
2025-07-28 20:01:16,851 - ERROR - Error parsing JSON response: 444, message='Attempt to decode JSON with unexpected mimetype: text/html', url='https://api.amemv.com/aweme/v1/aweme/post/?device_platform=android&aid=2955&channel=carplay_xiaoai_2955&sec_user_id=MS4wLjABAAAATvmQ40nLZxIombiMPuSYDHRnL3-JgdHXmEheu3QExCdQAsHrO-nbKWivcv-bUg1n&count=10&ts=1753758076&app_type=lite&os_api=25&device_type=PCRT00&ssmix=a&manifest_version_code=9901504&dpi=240&version_code=9901504&app_name=aweme&version_name=9.9.15&device_id=5827988420182290&is_autoplay=true&resolution=720*1208&os_version=7.1.2&language=zh&device_brand=OPPO&ac=wifi&update_version_code=9901504&minor_status=0&_rticket=1753758076000'
2025-07-28 20:01:16,874 - INFO - HTTP Request: POST https://api.notion.com/v1/pages "HTTP/1.1 200 OK"
2025-07-28 20:01:17,210 - INFO - HTTP Request: GET https://api.notion.com/v1/databases/23e035de0731803c9609e369fdbcc16d "HTTP/1.1 200 OK"
2025-07-28 20:01:17,833 - INFO - HTTP Request: GET https://api.notion.com/v1/databases/23e035de0731803c9609e369fdbcc16d "HTTP/1.1 200 OK"
2025-07-28 20:01:18,064 - ERROR - Error parsing JSON response: 444, message='Attempt to decode JSON with unexpected mimetype: text/html', url='https://api.amemv.com/aweme/v1/aweme/post/?device_platform=android&aid=2955&channel=carplay_xiaoai_2955&sec_user_id=MS4wLjABAAAAmbqj06M-mYhklhWhgurBH8vh2SRRz-l1rLpjN0LTpg4&count=10&ts=1753758077&app_type=lite&os_api=25&device_type=PCRT00&ssmix=a&manifest_version_code=9901504&dpi=240&version_code=9901504&app_name=aweme&version_name=9.9.15&device_id=5827988420182290&is_autoplay=true&resolution=720*1208&os_version=7.1.2&language=zh&device_brand=OPPO&ac=wifi&update_version_code=9901504&minor_status=0&_rticket=1753758077000'
2025-07-28 20:01:18,066 - ERROR - Error parsing JSON response: 444, message='Attempt to decode JSON with unexpected mimetype: text/html', url='https://api.amemv.com/aweme/v1/aweme/post/?device_platform=android&aid=2955&channel=carplay_xiaoai_2955&sec_user_id=MS4wLjABAAAAXLSgvYTGII6yMT-0PC1UGH1MMYXO6bTv8HHqJmAnNxBrbpQjrRVb7xmD6xhHX1lg&count=10&ts=1753758077&app_type=lite&os_api=25&device_type=PCRT00&ssmix=a&manifest_version_code=9901504&dpi=240&version_code=9901504&app_name=aweme&version_name=9.9.15&device_id=5827988420182290&is_autoplay=true&resolution=720*1208&os_version=7.1.2&language=zh&device_brand=OPPO&ac=wifi&update_version_code=9901504&minor_status=0&_rticket=1753758077000'
2025-07-28 20:01:18,071 - ERROR - Error parsing JSON response: 444, message='Attempt to decode JSON with unexpected mimetype: text/html', url='https://api.amemv.com/aweme/v1/aweme/post/?device_platform=android&aid=2955&channel=carplay_xiaoai_2955&sec_user_id=MS4wLjABAAAAR4jaetJhcmHTE-Xi585z9WMnsqyS4a4x4LIpuCxmrP4&count=10&ts=1753758077&app_type=lite&os_api=25&device_type=PCRT00&ssmix=a&manifest_version_code=9901504&dpi=240&version_code=9901504&app_name=aweme&version_name=9.9.15&device_id=5827988420182290&is_autoplay=true&resolution=720*1208&os_version=7.1.2&language=zh&device_brand=OPPO&ac=wifi&update_version_code=9901504&minor_status=0&_rticket=1753758077000'
2025-07-28 20:01:18,079 - ERROR - Error parsing JSON response: 444, message='Attempt to decode JSON with unexpected mimetype: text/html', url='https://api.amemv.com/aweme/v1/aweme/post/?device_platform=android&aid=2955&channel=carplay_xiaoai_2955&sec_user_id=MS4wLjABAAAArwLl9tigxT8lVYgp1Hav-eZglxlLFFdHO7zOte_uNjk&count=10&ts=1753758077&app_type=lite&os_api=25&device_type=PCRT00&ssmix=a&manifest_version_code=9901504&dpi=240&version_code=9901504&app_name=aweme&version_name=9.9.15&device_id=5827988420182290&is_autoplay=true&resolution=720*1208&os_version=7.1.2&language=zh&device_brand=OPPO&ac=wifi&update_version_code=9901504&minor_status=0&_rticket=1753758077000'
2025-07-28 20:01:18,082 - ERROR - Error parsing JSON response: 444, message='Attempt to decode JSON with unexpected mimetype: text/html', url='https://api.amemv.com/aweme/v1/aweme/post/?device_platform=android&aid=2955&channel=carplay_xiaoai_2955&sec_user_id=MS4wLjABAAAAAGTF9SFM9cOHI4Y4gvew1jSlTHgOnks5v7YuSWeaMWzS_nsfCXy_HxJjrsEcM8fZ&count=10&ts=1753758077&app_type=lite&os_api=25&device_type=PCRT00&ssmix=a&manifest_version_code=9901504&dpi=240&version_code=9901504&app_name=aweme&version_name=9.9.15&device_id=5827988420182290&is_autoplay=true&resolution=720*1208&os_version=7.1.2&language=zh&device_brand=OPPO&ac=wifi&update_version_code=9901504&minor_status=0&_rticket=1753758077000'
2025-07-28 20:01:18,110 - ERROR - Error parsing JSON response: 444, message='Attempt to decode JSON with unexpected mimetype: text/html', url='https://api.amemv.com/aweme/v1/aweme/post/?device_platform=android&aid=2955&channel=carplay_xiaoai_2955&sec_user_id=MS4wLjABAAAAaQLCKqwqAXL5No5bUzkPaxQ6Q7drAAA0PYIoqbzvsXM0VhLpUg3QGB08BK9dQLHP&count=10&ts=1753758077&app_type=lite&os_api=25&device_type=PCRT00&ssmix=a&manifest_version_code=9901504&dpi=240&version_code=9901504&app_name=aweme&version_name=9.9.15&device_id=5827988420182290&is_autoplay=true&resolution=720*1208&os_version=7.1.2&language=zh&device_brand=OPPO&ac=wifi&update_version_code=9901504&minor_status=0&_rticket=1753758077000'
2025-07-28 20:01:18,122 - ERROR - Error parsing JSON response: 444, message='Attempt to decode JSON with unexpected mimetype: text/html', url='https://api.amemv.com/aweme/v1/aweme/post/?device_platform=android&aid=2955&channel=carplay_xiaoai_2955&sec_user_id=MS4wLjABAAAAFNRVzpUN4rV6wEgRlYAtHvKF_0DrENFUX6jVKt7UX8JCD1nRlV1DnGelZCXLiaVy&count=10&ts=1753758077&app_type=lite&os_api=25&device_type=PCRT00&ssmix=a&manifest_version_code=9901504&dpi=240&version_code=9901504&app_name=aweme&version_name=9.9.15&device_id=5827988420182290&is_autoplay=true&resolution=720*1208&os_version=7.1.2&language=zh&device_brand=OPPO&ac=wifi&update_version_code=9901504&minor_status=0&_rticket=1753758077000'
2025-07-28 20:01:18,184 - INFO - HTTP Request: POST https://api.notion.com/v1/pages "HTTP/1.1 200 OK"
2025-07-28 20:01:18,226 - INFO - HTTP Request: POST https://api.notion.com/v1/pages "HTTP/1.1 200 OK"
2025-07-28 20:01:18,372 - ERROR - Error parsing JSON response: 444, message='Attempt to decode JSON with unexpected mimetype: text/html', url='https://api.amemv.com/aweme/v1/aweme/post/?device_platform=android&aid=2955&channel=carplay_xiaoai_2955&sec_user_id=MS4wLjABAAAA9qR00Pn7-23-DjJMrgy-9AdlXTw6qD9vI_xXDKXjnWJL7hOfBXDk0vtyTSZ_AEY2&count=10&ts=1753758078&app_type=lite&os_api=25&device_type=PCRT00&ssmix=a&manifest_version_code=9901504&dpi=240&version_code=9901504&app_name=aweme&version_name=9.9.15&device_id=5827988420182290&is_autoplay=true&resolution=720*1208&os_version=7.1.2&language=zh&device_brand=OPPO&ac=wifi&update_version_code=9901504&minor_status=0&_rticket=1753758078000'
2025-07-28 20:01:19,346 - INFO - HTTP Request: GET https://api.notion.com/v1/databases/23e035de0731803c9609e369fdbcc16d "HTTP/1.1 200 OK"
2025-07-28 20:01:19,434 - ERROR - Error parsing JSON response: 444, message='Attempt to decode JSON with unexpected mimetype: text/html', url='https://api.amemv.com/aweme/v1/aweme/post/?device_platform=android&aid=2955&channel=carplay_xiaoai_2955&sec_user_id=MS4wLjABAAAA8-OSZfCR_zYPPOa6tT6biKWgxGRTrLg1e76QDG3qZBU&count=10&ts=1753758079&app_type=lite&os_api=25&device_type=PCRT00&ssmix=a&manifest_version_code=9901504&dpi=240&version_code=9901504&app_name=aweme&version_name=9.9.15&device_id=5827988420182290&is_autoplay=true&resolution=720*1208&os_version=7.1.2&language=zh&device_brand=OPPO&ac=wifi&update_version_code=9901504&minor_status=0&_rticket=1753758079000'
2025-07-28 20:01:19,594 - INFO - HTTP Request: GET https://api.notion.com/v1/databases/23e035de0731803c9609e369fdbcc16d "HTTP/1.1 200 OK"
2025-07-28 20:01:19,786 - ERROR - Error parsing JSON response: 444, message='Attempt to decode JSON with unexpected mimetype: text/html', url='https://api.amemv.com/aweme/v1/aweme/post/?device_platform=android&aid=2955&channel=carplay_xiaoai_2955&sec_user_id=MS4wLjABAAAAFgEXAyd2QYLFwN13sveB1CePjF_L3ZzoF5tDpkQEYL9GMvLr8FxU3t07fFUY7_gK&count=10&ts=1753758079&app_type=lite&os_api=25&device_type=PCRT00&ssmix=a&manifest_version_code=9901504&dpi=240&version_code=9901504&app_name=aweme&version_name=9.9.15&device_id=5827988420182290&is_autoplay=true&resolution=720*1208&os_version=7.1.2&language=zh&device_brand=OPPO&ac=wifi&update_version_code=9901504&minor_status=0&_rticket=1753758079000'
2025-07-28 20:01:19,812 - ERROR - Error parsing JSON response: 444, message='Attempt to decode JSON with unexpected mimetype: text/html', url='https://api.amemv.com/aweme/v1/aweme/post/?device_platform=android&aid=2955&channel=carplay_xiaoai_2955&sec_user_id=MS4wLjABAAAATs6uR9fkkhyBQg1GHBPk_swlxtHc3-4kkEyNZ3rBCU_pdxnzfASyGtRoNuwnVQte&count=10&ts=1753758079&app_type=lite&os_api=25&device_type=PCRT00&ssmix=a&manifest_version_code=9901504&dpi=240&version_code=9901504&app_name=aweme&version_name=9.9.15&device_id=5827988420182290&is_autoplay=true&resolution=720*1208&os_version=7.1.2&language=zh&device_brand=OPPO&ac=wifi&update_version_code=9901504&minor_status=0&_rticket=1753758079000'
2025-07-28 20:01:19,818 - ERROR - Error parsing JSON response: 444, message='Attempt to decode JSON with unexpected mimetype: text/html', url='https://api.amemv.com/aweme/v1/aweme/post/?device_platform=android&aid=2955&channel=carplay_xiaoai_2955&sec_user_id=MS4wLjABAAAAlUmnKBQULDSJ32O-xFPIkHm92lqIjXExLcltsm_0YOesxpEstL6LQcANZr1eUMVh&count=10&ts=1753758079&app_type=lite&os_api=25&device_type=PCRT00&ssmix=a&manifest_version_code=9901504&dpi=240&version_code=9901504&app_name=aweme&version_name=9.9.15&device_id=5827988420182290&is_autoplay=true&resolution=720*1208&os_version=7.1.2&language=zh&device_brand=OPPO&ac=wifi&update_version_code=9901504&minor_status=0&_rticket=1753758079000'
2025-07-28 20:01:19,877 - INFO - HTTP Request: POST https://api.notion.com/v1/pages "HTTP/1.1 200 OK"
2025-07-28 20:01:19,914 - ERROR - Error parsing JSON response: 444, message='Attempt to decode JSON with unexpected mimetype: text/html', url='https://api.amemv.com/aweme/v1/aweme/post/?device_platform=android&aid=2955&channel=carplay_xiaoai_2955&sec_user_id=MS4wLjABAAAA-PutGAa_LS7EsV7ko4GrhM-DTWkhaqNcqnpb7jKKrnGcxz_CujPySzknfFlFhxqi&count=10&ts=1753758079&app_type=lite&os_api=25&device_type=PCRT00&ssmix=a&manifest_version_code=9901504&dpi=240&version_code=9901504&app_name=aweme&version_name=9.9.15&device_id=5827988420182290&is_autoplay=true&resolution=720*1208&os_version=7.1.2&language=zh&device_brand=OPPO&ac=wifi&update_version_code=9901504&minor_status=0&_rticket=1753758079000'
2025-07-28 20:01:20,130 - INFO - HTTP Request: POST https://api.notion.com/v1/pages "HTTP/1.1 200 OK"
2025-07-28 20:01:20,502 - ERROR - Error parsing JSON response: 444, message='Attempt to decode JSON with unexpected mimetype: text/html', url='https://api.amemv.com/aweme/v1/aweme/post/?device_platform=android&aid=2955&channel=carplay_xiaoai_2955&sec_user_id=MS4wLjABAAAA7tG113SLeWE0BHxc4ByOyriJOgNps1aPWaLqEETryzvH-dJaCY65Zf1OOh4g9L4a&count=10&ts=1753758080&app_type=lite&os_api=25&device_type=PCRT00&ssmix=a&manifest_version_code=9901504&dpi=240&version_code=9901504&app_name=aweme&version_name=9.9.15&device_id=5827988420182290&is_autoplay=true&resolution=720*1208&os_version=7.1.2&language=zh&device_brand=OPPO&ac=wifi&update_version_code=9901504&minor_status=0&_rticket=1753758080000'
2025-07-28 20:01:20,790 - ERROR - Error parsing JSON response: 444, message='Attempt to decode JSON with unexpected mimetype: text/html', url='https://api.amemv.com/aweme/v1/aweme/post/?device_platform=android&aid=2955&channel=carplay_xiaoai_2955&sec_user_id=MS4wLjABAAAAfFbjTXUBwTgmTikSN75aqdSVPLKdTXWM_SKLRPy85DKhfDTzFZ6Oz7LrQfOlnqI6&count=10&ts=1753758080&app_type=lite&os_api=25&device_type=PCRT00&ssmix=a&manifest_version_code=9901504&dpi=240&version_code=9901504&app_name=aweme&version_name=9.9.15&device_id=5827988420182290&is_autoplay=true&resolution=720*1208&os_version=7.1.2&language=zh&device_brand=OPPO&ac=wifi&update_version_code=9901504&minor_status=0&_rticket=1753758080000'
2025-07-28 20:01:20,872 - INFO - HTTP Request: GET https://api.notion.com/v1/databases/23e035de0731803c9609e369fdbcc16d "HTTP/1.1 200 OK"
2025-07-28 20:01:21,135 - INFO - HTTP Request: GET https://api.notion.com/v1/databases/23e035de0731803c9609e369fdbcc16d "HTTP/1.1 200 OK"
2025-07-28 20:01:21,285 - INFO - HTTP Request: POST https://api.notion.com/v1/pages "HTTP/1.1 200 OK"
2025-07-28 20:01:21,449 - ERROR - Error parsing JSON response: 444, message='Attempt to decode JSON with unexpected mimetype: text/html', url='https://api.amemv.com/aweme/v1/aweme/post/?device_platform=android&aid=2955&channel=carplay_xiaoai_2955&sec_user_id=MS4wLjABAAAA7jMhoxxzQ3WksgiMHGF0LPN9yrUL0qbmlXeIy1hM_LANhDYXnH31VVQ0V88ZiRDI&count=10&ts=1753758081&app_type=lite&os_api=25&device_type=PCRT00&ssmix=a&manifest_version_code=9901504&dpi=240&version_code=9901504&app_name=aweme&version_name=9.9.15&device_id=5827988420182290&is_autoplay=true&resolution=720*1208&os_version=7.1.2&language=zh&device_brand=OPPO&ac=wifi&update_version_code=9901504&minor_status=0&_rticket=1753758081000'
2025-07-28 20:01:21,642 - INFO - HTTP Request: POST https://api.notion.com/v1/pages "HTTP/1.1 409 Conflict"
2025-07-28 20:01:21,651 - INFO - HTTP Request: POST https://api.notion.com/v1/pages "HTTP/1.1 200 OK"
2025-07-28 20:01:21,744 - ERROR - Error parsing JSON response: 444, message='Attempt to decode JSON with unexpected mimetype: text/html', url='https://api.amemv.com/aweme/v1/aweme/post/?device_platform=android&aid=2955&channel=carplay_xiaoai_2955&sec_user_id=MS4wLjABAAAAEZTdb_ch9hn5zvTClJ8QRwwFHOIK7uSZsMtk2WU1kUAGs5e7FETZv8pHcNUG7_RP&count=10&ts=1753758081&app_type=lite&os_api=25&device_type=PCRT00&ssmix=a&manifest_version_code=9901504&dpi=240&version_code=9901504&app_name=aweme&version_name=9.9.15&device_id=5827988420182290&is_autoplay=true&resolution=720*1208&os_version=7.1.2&language=zh&device_brand=OPPO&ac=wifi&update_version_code=9901504&minor_status=0&_rticket=1753758081000'
2025-07-28 20:01:22,247 - INFO - HTTP Request: GET https://api.notion.com/v1/databases/23e035de0731803c9609e369fdbcc16d "HTTP/1.1 200 OK"
2025-07-28 20:01:22,516 - ERROR - Error parsing JSON response: 444, message='Attempt to decode JSON with unexpected mimetype: text/html', url='https://api.amemv.com/aweme/v1/aweme/post/?device_platform=android&aid=2955&channel=carplay_xiaoai_2955&sec_user_id=MS4wLjABAAAA7aTeMcQtWOEezBZB_4l_-PXvyRg-xFyx7O3_q-3MkNIhluauTfuxo4i7Yp690lou&count=10&ts=1753758082&app_type=lite&os_api=25&device_type=PCRT00&ssmix=a&manifest_version_code=9901504&dpi=240&version_code=9901504&app_name=aweme&version_name=9.9.15&device_id=5827988420182290&is_autoplay=true&resolution=720*1208&os_version=7.1.2&language=zh&device_brand=OPPO&ac=wifi&update_version_code=9901504&minor_status=0&_rticket=1753758082000'
2025-07-28 20:01:22,840 - INFO - HTTP Request: GET https://api.notion.com/v1/databases/23e035de0731803c9609e369fdbcc16d "HTTP/1.1 200 OK"
2025-07-28 20:01:22,848 - INFO - HTTP Request: GET https://api.notion.com/v1/databases/23e035de0731803c9609e369fdbcc16d "HTTP/1.1 200 OK"
2025-07-28 20:01:22,964 - ERROR - Error parsing JSON response: 444, message='Attempt to decode JSON with unexpected mimetype: text/html', url='https://api.amemv.com/aweme/v1/aweme/post/?device_platform=android&aid=2955&channel=carplay_xiaoai_2955&sec_user_id=MS4wLjABAAAALspbhJp_1Zf1ZwJy2hXrpTNxear8uA-9KmdCT_HQT6k&count=10&ts=1753758082&app_type=lite&os_api=25&device_type=PCRT00&ssmix=a&manifest_version_code=9901504&dpi=240&version_code=9901504&app_name=aweme&version_name=9.9.15&device_id=5827988420182290&is_autoplay=true&resolution=720*1208&os_version=7.1.2&language=zh&device_brand=OPPO&ac=wifi&update_version_code=9901504&minor_status=0&_rticket=1753758082000'
2025-07-28 20:01:23,025 - ERROR - Error parsing JSON response: 444, message='Attempt to decode JSON with unexpected mimetype: text/html', url='https://api.amemv.com/aweme/v1/aweme/post/?device_platform=android&aid=2955&channel=carplay_xiaoai_2955&sec_user_id=MS4wLjABAAAAoPFweCuoKgGJFfJl2K9z_SZMIyLHS7C9KQftgGVupIjlgPT-ro24fIba6lSRY5Km&count=10&ts=1753758082&app_type=lite&os_api=25&device_type=PCRT00&ssmix=a&manifest_version_code=9901504&dpi=240&version_code=9901504&app_name=aweme&version_name=9.9.15&device_id=5827988420182290&is_autoplay=true&resolution=720*1208&os_version=7.1.2&language=zh&device_brand=OPPO&ac=wifi&update_version_code=9901504&minor_status=0&_rticket=1753758082000'
2025-07-28 20:01:23,230 - INFO - HTTP Request: GET https://api.notion.com/v1/databases/23e035de0731803c9609e369fdbcc16d "HTTP/1.1 200 OK"
2025-07-28 20:01:23,380 - INFO - HTTP Request: POST https://api.notion.com/v1/pages "HTTP/1.1 200 OK"
2025-07-28 20:01:24,139 - INFO - HTTP Request: POST https://api.notion.com/v1/pages "HTTP/1.1 409 Conflict"
2025-07-28 20:01:24,193 - INFO - HTTP Request: POST https://api.notion.com/v1/pages "HTTP/1.1 200 OK"
2025-07-28 20:01:24,278 - ERROR - Error parsing JSON response: 444, message='Attempt to decode JSON with unexpected mimetype: text/html', url='https://api.amemv.com/aweme/v1/aweme/post/?device_platform=android&aid=2955&channel=carplay_xiaoai_2955&sec_user_id=MS4wLjABAAAAeYjhjHwAzXXvrluzstQEnXpnZs4Vhf8KndyAyT1hEFr9csFHwCVvn5Ej7P3H0nlC&count=10&ts=1753758084&app_type=lite&os_api=25&device_type=PCRT00&ssmix=a&manifest_version_code=9901504&dpi=240&version_code=9901504&app_name=aweme&version_name=9.9.15&device_id=5827988420182290&is_autoplay=true&resolution=720*1208&os_version=7.1.2&language=zh&device_brand=OPPO&ac=wifi&update_version_code=9901504&minor_status=0&_rticket=1753758084000'
2025-07-28 20:01:24,305 - ERROR - Error parsing JSON response: 444, message='Attempt to decode JSON with unexpected mimetype: text/html', url='https://api.amemv.com/aweme/v1/aweme/post/?device_platform=android&aid=2955&channel=carplay_xiaoai_2955&sec_user_id=MS4wLjABAAAA5VO5xKU39y9v2gMueVkzeQKoxM1X0cShPRJjoJY0IQg&count=10&ts=1753758084&app_type=lite&os_api=25&device_type=PCRT00&ssmix=a&manifest_version_code=9901504&dpi=240&version_code=9901504&app_name=aweme&version_name=9.9.15&device_id=5827988420182290&is_autoplay=true&resolution=720*1208&os_version=7.1.2&language=zh&device_brand=OPPO&ac=wifi&update_version_code=9901504&minor_status=0&_rticket=1753758084000'
2025-07-28 20:01:24,390 - INFO - HTTP Request: GET https://api.notion.com/v1/databases/23e035de0731803c9609e369fdbcc16d "HTTP/1.1 200 OK"
2025-07-28 20:01:24,807 - ERROR - Error parsing JSON response: 444, message='Attempt to decode JSON with unexpected mimetype: text/html', url='https://api.amemv.com/aweme/v1/aweme/post/?device_platform=android&aid=2955&channel=carplay_xiaoai_2955&sec_user_id=MS4wLjABAAAAyVlqn7v3jIfDZbOD6xXQ0pNKZ0vYl0E903CMilMPX4I&count=10&ts=1753758084&app_type=lite&os_api=25&device_type=PCRT00&ssmix=a&manifest_version_code=9901504&dpi=240&version_code=9901504&app_name=aweme&version_name=9.9.15&device_id=5827988420182290&is_autoplay=true&resolution=720*1208&os_version=7.1.2&language=zh&device_brand=OPPO&ac=wifi&update_version_code=9901504&minor_status=0&_rticket=1753758084000'
2025-07-28 20:01:24,816 - ERROR - Error parsing JSON response: 444, message='Attempt to decode JSON with unexpected mimetype: text/html', url='https://api.amemv.com/aweme/v1/aweme/post/?device_platform=android&aid=2955&channel=carplay_xiaoai_2955&sec_user_id=MS4wLjABAAAAYQg5HP8hRrjFFEFPU310CrRzagM38Wx0PaQ4CvNs4Es&count=10&ts=1753758084&app_type=lite&os_api=25&device_type=PCRT00&ssmix=a&manifest_version_code=9901504&dpi=240&version_code=9901504&app_name=aweme&version_name=9.9.15&device_id=5827988420182290&is_autoplay=true&resolution=720*1208&os_version=7.1.2&language=zh&device_brand=OPPO&ac=wifi&update_version_code=9901504&minor_status=0&_rticket=1753758084000'
2025-07-28 20:01:24,818 - ERROR - Error parsing JSON response: 444, message='Attempt to decode JSON with unexpected mimetype: text/html', url='https://api.amemv.com/aweme/v1/aweme/post/?device_platform=android&aid=2955&channel=carplay_xiaoai_2955&sec_user_id=MS4wLjABAAAAZF74VLzgSfa7rPVyrW_iZGKQAk8EsofGqDSj66P-Ox-bYl-6zRzTsbN8eYS8HMS2&count=10&ts=1753758084&app_type=lite&os_api=25&device_type=PCRT00&ssmix=a&manifest_version_code=9901504&dpi=240&version_code=9901504&app_name=aweme&version_name=9.9.15&device_id=5827988420182290&is_autoplay=true&resolution=720*1208&os_version=7.1.2&language=zh&device_brand=OPPO&ac=wifi&update_version_code=9901504&minor_status=0&_rticket=1753758084000'
2025-07-28 20:01:24,819 - ERROR - Error parsing JSON response: 444, message='Attempt to decode JSON with unexpected mimetype: text/html', url='https://api.amemv.com/aweme/v1/aweme/post/?device_platform=android&aid=2955&channel=carplay_xiaoai_2955&sec_user_id=MS4wLjABAAAAZF_t36B464hNkjUjjMiFbqrEcBM7Cn9RWGid4GJKAxM&count=10&ts=1753758084&app_type=lite&os_api=25&device_type=PCRT00&ssmix=a&manifest_version_code=9901504&dpi=240&version_code=9901504&app_name=aweme&version_name=9.9.15&device_id=5827988420182290&is_autoplay=true&resolution=720*1208&os_version=7.1.2&language=zh&device_brand=OPPO&ac=wifi&update_version_code=9901504&minor_status=0&_rticket=1753758084000'
2025-07-28 20:01:24,824 - ERROR - Error parsing JSON response: 444, message='Attempt to decode JSON with unexpected mimetype: text/html', url='https://api.amemv.com/aweme/v1/aweme/post/?device_platform=android&aid=2955&channel=carplay_xiaoai_2955&sec_user_id=MS4wLjABAAAAZRKk7tK3zGOGnS4HfnDH9pkdDWx9rANVvQ_UNfxc6N0&count=10&ts=1753758084&app_type=lite&os_api=25&device_type=PCRT00&ssmix=a&manifest_version_code=9901504&dpi=240&version_code=9901504&app_name=aweme&version_name=9.9.15&device_id=5827988420182290&is_autoplay=true&resolution=720*1208&os_version=7.1.2&language=zh&device_brand=OPPO&ac=wifi&update_version_code=9901504&minor_status=0&_rticket=1753758084000'
2025-07-28 20:01:24,839 - ERROR - Error parsing JSON response: 444, message='Attempt to decode JSON with unexpected mimetype: text/html', url='https://api.amemv.com/aweme/v1/aweme/post/?device_platform=android&aid=2955&channel=carplay_xiaoai_2955&sec_user_id=MS4wLjABAAAAtMR2NQpnWcLBY49ivR3cLf6pPzMgDHDjQL8LwVnTwO1tAr6g-8YH4-sfAQhw7c-S&count=10&ts=1753758084&app_type=lite&os_api=25&device_type=PCRT00&ssmix=a&manifest_version_code=9901504&dpi=240&version_code=9901504&app_name=aweme&version_name=9.9.15&device_id=5827988420182290&is_autoplay=true&resolution=720*1208&os_version=7.1.2&language=zh&device_brand=OPPO&ac=wifi&update_version_code=9901504&minor_status=0&_rticket=1753758084000'
2025-07-28 20:01:24,841 - ERROR - Error parsing JSON response: 444, message='Attempt to decode JSON with unexpected mimetype: text/html', url='https://api.amemv.com/aweme/v1/aweme/post/?device_platform=android&aid=2955&channel=carplay_xiaoai_2955&sec_user_id=MS4wLjABAAAATgwzsgs6Rxm-d3ZXKy2qQ7XiOs4zM8EnP8Pq1BJEuAhyatNe-QPkPVfHwrp8q5yR&count=10&ts=1753758084&app_type=lite&os_api=25&device_type=PCRT00&ssmix=a&manifest_version_code=9901504&dpi=240&version_code=9901504&app_name=aweme&version_name=9.9.15&device_id=5827988420182290&is_autoplay=true&resolution=720*1208&os_version=7.1.2&language=zh&device_brand=OPPO&ac=wifi&update_version_code=9901504&minor_status=0&_rticket=1753758084000'
2025-07-28 20:01:25,217 - INFO - HTTP Request: GET https://api.notion.com/v1/databases/23e035de0731803c9609e369fdbcc16d "HTTP/1.1 200 OK"
2025-07-28 20:01:25,273 - INFO - HTTP Request: POST https://api.notion.com/v1/pages "HTTP/1.1 200 OK"
2025-07-28 20:01:25,654 - ERROR - Error parsing JSON response: 444, message='Attempt to decode JSON with unexpected mimetype: text/html', url='https://api.amemv.com/aweme/v1/aweme/post/?device_platform=android&aid=2955&channel=carplay_xiaoai_2955&sec_user_id=MS4wLjABAAAAdTh5WF6aSIvXoplbhCYrrkucPWgKRtS9crtGke1RmOo&count=10&ts=1753758085&app_type=lite&os_api=25&device_type=PCRT00&ssmix=a&manifest_version_code=9901504&dpi=240&version_code=9901504&app_name=aweme&version_name=9.9.15&device_id=5827988420182290&is_autoplay=true&resolution=720*1208&os_version=7.1.2&language=zh&device_brand=OPPO&ac=wifi&update_version_code=9901504&minor_status=0&_rticket=1753758085000'
2025-07-28 20:01:25,824 - INFO - HTTP Request: POST https://api.notion.com/v1/pages "HTTP/1.1 200 OK"
2025-07-28 20:01:26,525 - INFO - HTTP Request: GET https://api.notion.com/v1/databases/23e035de0731803c9609e369fdbcc16d "HTTP/1.1 200 OK"
2025-07-28 20:01:26,862 - ERROR - Error parsing JSON response: 444, message='Attempt to decode JSON with unexpected mimetype: text/html', url='https://api.amemv.com/aweme/v1/aweme/post/?device_platform=android&aid=2955&channel=carplay_xiaoai_2955&sec_user_id=MS4wLjABAAAA4KhfTGg2GcuZL-UzoKMrQLGuMVkcbUAh0LGxYgwp_Sk&count=10&ts=1753758086&app_type=lite&os_api=25&device_type=PCRT00&ssmix=a&manifest_version_code=9901504&dpi=240&version_code=9901504&app_name=aweme&version_name=9.9.15&device_id=5827988420182290&is_autoplay=true&resolution=720*1208&os_version=7.1.2&language=zh&device_brand=OPPO&ac=wifi&update_version_code=9901504&minor_status=0&_rticket=1753758086000'
2025-07-28 20:01:27,054 - INFO - HTTP Request: POST https://api.notion.com/v1/pages "HTTP/1.1 200 OK"
2025-07-28 20:01:27,136 - ERROR - Error parsing JSON response: 444, message='Attempt to decode JSON with unexpected mimetype: text/html', url='https://api.amemv.com/aweme/v1/aweme/post/?device_platform=android&aid=2955&channel=carplay_xiaoai_2955&sec_user_id=MS4wLjABAAAAdS2Dhnuhq0sED5r0_M0EXKHJ5n2KdsRkXBzdOgEyuZ9QxnobxpQIeHCDetvccuNl&count=10&ts=1753758086&app_type=lite&os_api=25&device_type=PCRT00&ssmix=a&manifest_version_code=9901504&dpi=240&version_code=9901504&app_name=aweme&version_name=9.9.15&device_id=5827988420182290&is_autoplay=true&resolution=720*1208&os_version=7.1.2&language=zh&device_brand=OPPO&ac=wifi&update_version_code=9901504&minor_status=0&_rticket=1753758086000'
2025-07-28 20:01:27,544 - INFO - HTTP Request: POST https://api.notion.com/v1/pages "HTTP/1.1 409 Conflict"
2025-07-28 20:01:27,561 - INFO - HTTP Request: GET https://api.notion.com/v1/databases/23e035de0731803c9609e369fdbcc16d "HTTP/1.1 200 OK"
2025-07-28 20:01:27,861 - ERROR - Error parsing JSON response: 444, message='Attempt to decode JSON with unexpected mimetype: text/html', url='https://api.amemv.com/aweme/v1/aweme/post/?device_platform=android&aid=2955&channel=carplay_xiaoai_2955&sec_user_id=MS4wLjABAAAA2Wu4TpjbvOTZAm-s6FoxWxNf8hUik_gjfDrYVI0JMb22hRb7nvbOaPFGhLxW0gBa&count=10&ts=1753758087&app_type=lite&os_api=25&device_type=PCRT00&ssmix=a&manifest_version_code=9901504&dpi=240&version_code=9901504&app_name=aweme&version_name=9.9.15&device_id=5827988420182290&is_autoplay=true&resolution=720*1208&os_version=7.1.2&language=zh&device_brand=OPPO&ac=wifi&update_version_code=9901504&minor_status=0&_rticket=1753758087000'
2025-07-28 20:01:28,001 - INFO - HTTP Request: GET https://api.notion.com/v1/databases/23e035de0731803c9609e369fdbcc16d "HTTP/1.1 200 OK"
2025-07-28 20:01:28,022 - INFO - HTTP Request: POST https://api.notion.com/v1/pages "HTTP/1.1 200 OK"
2025-07-28 20:01:28,142 - ERROR - Error parsing JSON response: 444, message='Attempt to decode JSON with unexpected mimetype: text/html', url='https://api.amemv.com/aweme/v1/aweme/post/?device_platform=android&aid=2955&channel=carplay_xiaoai_2955&sec_user_id=MS4wLjABAAAADHBjvMEAguh6bZi8KKGTOTiUEvPSYsSWJJRLOdfs2g61Do-k9z6XoNWSPnvPkzu-&count=10&ts=1753758087&app_type=lite&os_api=25&device_type=PCRT00&ssmix=a&manifest_version_code=9901504&dpi=240&version_code=9901504&app_name=aweme&version_name=9.9.15&device_id=5827988420182290&is_autoplay=true&resolution=720*1208&os_version=7.1.2&language=zh&device_brand=OPPO&ac=wifi&update_version_code=9901504&minor_status=0&_rticket=1753758087000'
2025-07-28 20:01:28,411 - INFO - HTTP Request: GET https://api.notion.com/v1/databases/23e035de0731803c9609e369fdbcc16d "HTTP/1.1 200 OK"
2025-07-28 20:01:28,462 - INFO - HTTP Request: POST https://api.notion.com/v1/pages "HTTP/1.1 200 OK"
2025-07-28 20:01:28,508 - INFO - HTTP Request: GET https://api.notion.com/v1/databases/23e035de0731803c9609e369fdbcc16d "HTTP/1.1 200 OK"
2025-07-28 20:01:28,878 - INFO - HTTP Request: POST https://api.notion.com/v1/pages "HTTP/1.1 409 Conflict"
2025-07-28 20:01:28,901 - INFO - HTTP Request: POST https://api.notion.com/v1/pages "HTTP/1.1 200 OK"
2025-07-28 20:01:28,973 - INFO - HTTP Request: GET https://api.notion.com/v1/databases/23e035de0731803c9609e369fdbcc16d "HTTP/1.1 200 OK"
2025-07-28 20:01:29,108 - INFO - HTTP Request: POST https://api.notion.com/v1/pages "HTTP/1.1 409 Conflict"
2025-07-28 20:01:29,370 - ERROR - Error parsing JSON response: 444, message='Attempt to decode JSON with unexpected mimetype: text/html', url='https://api.amemv.com/aweme/v1/aweme/post/?device_platform=android&aid=2955&channel=carplay_xiaoai_2955&sec_user_id=MS4wLjABAAAA2nCdyVFmLYNfeLneaG1mDoOq7aREXsFDhBldCMt-eoNPyYSYplbQWx-LX9y_CgCJ&count=10&ts=1753758089&app_type=lite&os_api=25&device_type=PCRT00&ssmix=a&manifest_version_code=9901504&dpi=240&version_code=9901504&app_name=aweme&version_name=9.9.15&device_id=5827988420182290&is_autoplay=true&resolution=720*1208&os_version=7.1.2&language=zh&device_brand=OPPO&ac=wifi&update_version_code=9901504&minor_status=0&_rticket=1753758089000'
2025-07-28 20:01:29,384 - ERROR - Error parsing JSON response: 444, message='Attempt to decode JSON with unexpected mimetype: text/html', url='https://api.amemv.com/aweme/v1/aweme/post/?device_platform=android&aid=2955&channel=carplay_xiaoai_2955&sec_user_id=MS4wLjABAAAAJDqZ40zZ078qx3fHjOpP0VeXKRTPAhBk8VCa1VM39NfTHganXRl5EFFYYog5cPZB&count=10&ts=1753758089&app_type=lite&os_api=25&device_type=PCRT00&ssmix=a&manifest_version_code=9901504&dpi=240&version_code=9901504&app_name=aweme&version_name=9.9.15&device_id=5827988420182290&is_autoplay=true&resolution=720*1208&os_version=7.1.2&language=zh&device_brand=OPPO&ac=wifi&update_version_code=9901504&minor_status=0&_rticket=1753758089000'
2025-07-28 20:01:29,389 - ERROR - Error parsing JSON response: 444, message='Attempt to decode JSON with unexpected mimetype: text/html', url='https://api.amemv.com/aweme/v1/aweme/post/?device_platform=android&aid=2955&channel=carplay_xiaoai_2955&sec_user_id=MS4wLjABAAAALCcsDotQhAW-nhlgds2RuHmmq0VqqDiSL1uA5rw_Qyu-ItnpAYG-yPQxtnuDTa0x&count=10&ts=1753758089&app_type=lite&os_api=25&device_type=PCRT00&ssmix=a&manifest_version_code=9901504&dpi=240&version_code=9901504&app_name=aweme&version_name=9.9.15&device_id=5827988420182290&is_autoplay=true&resolution=720*1208&os_version=7.1.2&language=zh&device_brand=OPPO&ac=wifi&update_version_code=9901504&minor_status=0&_rticket=1753758089000'
2025-07-28 20:01:29,393 - ERROR - Error parsing JSON response: 444, message='Attempt to decode JSON with unexpected mimetype: text/html', url='https://api.amemv.com/aweme/v1/aweme/post/?device_platform=android&aid=2955&channel=carplay_xiaoai_2955&sec_user_id=MS4wLjABAAAARAA3sT5F4647X4xSaP6-05ImJA_rDfGIDDpMF28z1Zw&count=10&ts=1753758089&app_type=lite&os_api=25&device_type=PCRT00&ssmix=a&manifest_version_code=9901504&dpi=240&version_code=9901504&app_name=aweme&version_name=9.9.15&device_id=5827988420182290&is_autoplay=true&resolution=720*1208&os_version=7.1.2&language=zh&device_brand=OPPO&ac=wifi&update_version_code=9901504&minor_status=0&_rticket=1753758089000'
2025-07-28 20:01:29,395 - ERROR - Error parsing JSON response: 444, message='Attempt to decode JSON with unexpected mimetype: text/html', url='https://api.amemv.com/aweme/v1/aweme/post/?device_platform=android&aid=2955&channel=carplay_xiaoai_2955&sec_user_id=MS4wLjABAAAAyq2_7O7RW_0KNgsr3WMrXCH2gqhY_QAd9Oezb6zGfVk&count=10&ts=1753758089&app_type=lite&os_api=25&device_type=PCRT00&ssmix=a&manifest_version_code=9901504&dpi=240&version_code=9901504&app_name=aweme&version_name=9.9.15&device_id=5827988420182290&is_autoplay=true&resolution=720*1208&os_version=7.1.2&language=zh&device_brand=OPPO&ac=wifi&update_version_code=9901504&minor_status=0&_rticket=1753758089000'
2025-07-28 20:01:29,400 - ERROR - Error parsing JSON response: 444, message='Attempt to decode JSON with unexpected mimetype: text/html', url='https://api.amemv.com/aweme/v1/aweme/post/?device_platform=android&aid=2955&channel=carplay_xiaoai_2955&sec_user_id=MS4wLjABAAAAXxxbZHRGh0KLdWq-wblUbD3Dzi3tP7dYlY5MARZ-uu5ZCS5laVWHfbOplEw_Yk4z&count=10&ts=1753758089&app_type=lite&os_api=25&device_type=PCRT00&ssmix=a&manifest_version_code=9901504&dpi=240&version_code=9901504&app_name=aweme&version_name=9.9.15&device_id=5827988420182290&is_autoplay=true&resolution=720*1208&os_version=7.1.2&language=zh&device_brand=OPPO&ac=wifi&update_version_code=9901504&minor_status=0&_rticket=1753758089000'
2025-07-28 20:01:29,565 - INFO - HTTP Request: POST https://api.notion.com/v1/pages "HTTP/1.1 200 OK"
2025-07-28 20:01:29,894 - INFO - HTTP Request: GET https://api.notion.com/v1/databases/23e035de0731803c9609e369fdbcc16d "HTTP/1.1 200 OK"
2025-07-28 20:01:29,986 - INFO - HTTP Request: GET https://api.notion.com/v1/databases/23e035de0731803c9609e369fdbcc16d "HTTP/1.1 200 OK"
2025-07-28 20:01:30,273 - INFO - HTTP Request: GET https://api.notion.com/v1/databases/23e035de0731803c9609e369fdbcc16d "HTTP/1.1 200 OK"
2025-07-28 20:01:30,358 - INFO - HTTP Request: POST https://api.notion.com/v1/pages "HTTP/1.1 200 OK"
2025-07-28 20:01:30,384 - INFO - HTTP Request: GET https://api.notion.com/v1/databases/23e035de0731803c9609e369fdbcc16d "HTTP/1.1 200 OK"
2025-07-28 20:01:30,528 - INFO - HTTP Request: POST https://api.notion.com/v1/pages "HTTP/1.1 200 OK"
2025-07-28 20:01:30,577 - INFO - HTTP Request: GET https://api.notion.com/v1/databases/23e035de0731803c9609e369fdbcc16d "HTTP/1.1 200 OK"
2025-07-28 20:01:30,594 - ERROR - Error parsing JSON response: 444, message='Attempt to decode JSON with unexpected mimetype: text/html', url='https://api.amemv.com/aweme/v1/aweme/post/?device_platform=android&aid=2955&channel=carplay_xiaoai_2955&sec_user_id=MS4wLjABAAAA2iXK3Iw5F7GD8VIQELfWjEJL5gaEqLWRINVpGQ8eqdJgXYM8f9gDf2TZIv3tKB9C&count=10&ts=1753758090&app_type=lite&os_api=25&device_type=PCRT00&ssmix=a&manifest_version_code=9901504&dpi=240&version_code=9901504&app_name=aweme&version_name=9.9.15&device_id=5827988420182290&is_autoplay=true&resolution=720*1208&os_version=7.1.2&language=zh&device_brand=OPPO&ac=wifi&update_version_code=9901504&minor_status=0&_rticket=1753758090000'
2025-07-28 20:01:30,679 - INFO - HTTP Request: POST https://api.notion.com/v1/pages "HTTP/1.1 200 OK"
2025-07-28 20:01:30,862 - INFO - HTTP Request: POST https://api.notion.com/v1/pages "HTTP/1.1 200 OK"
2025-07-28 20:01:31,305 - ERROR - Error parsing JSON response: 444, message='Attempt to decode JSON with unexpected mimetype: text/html', url='https://api.amemv.com/aweme/v1/aweme/post/?device_platform=android&aid=2955&channel=carplay_xiaoai_2955&sec_user_id=MS4wLjABAAAAcwgCBTlFzHJddGP_aTNi580VP1DuSw9BiebXR2huvM3W11Ae4NMIVqQ6cAVtDn7c&count=10&ts=1753758091&app_type=lite&os_api=25&device_type=PCRT00&ssmix=a&manifest_version_code=9901504&dpi=240&version_code=9901504&app_name=aweme&version_name=9.9.15&device_id=5827988420182290&is_autoplay=true&resolution=720*1208&os_version=7.1.2&language=zh&device_brand=OPPO&ac=wifi&update_version_code=9901504&minor_status=0&_rticket=1753758091000'
2025-07-28 20:01:31,383 - INFO - HTTP Request: GET https://api.notion.com/v1/databases/23e035de0731803c9609e369fdbcc16d "HTTP/1.1 200 OK"
2025-07-28 20:01:31,596 - INFO - HTTP Request: POST https://api.notion.com/v1/pages "HTTP/1.1 200 OK"
2025-07-28 20:01:31,642 - INFO - HTTP Request: GET https://api.notion.com/v1/databases/23e035de0731803c9609e369fdbcc16d "HTTP/1.1 200 OK"
2025-07-28 20:01:31,792 - INFO - HTTP Request: GET https://api.notion.com/v1/databases/23e035de0731803c9609e369fdbcc16d "HTTP/1.1 200 OK"
2025-07-28 20:01:31,903 - INFO - HTTP Request: GET https://api.notion.com/v1/databases/23e035de0731803c9609e369fdbcc16d "HTTP/1.1 200 OK"
2025-07-28 20:01:32,057 - ERROR - Error parsing JSON response: 444, message='Attempt to decode JSON with unexpected mimetype: text/html', url='https://api.amemv.com/aweme/v1/aweme/post/?device_platform=android&aid=2955&channel=carplay_xiaoai_2955&sec_user_id=MS4wLjABAAAAwsUnL_btVC3YLT3dd_pqW0bIn-tIvp4Ca7Ob3Xj836k&count=10&ts=1753758091&app_type=lite&os_api=25&device_type=PCRT00&ssmix=a&manifest_version_code=9901504&dpi=240&version_code=9901504&app_name=aweme&version_name=9.9.15&device_id=5827988420182290&is_autoplay=true&resolution=720*1208&os_version=7.1.2&language=zh&device_brand=OPPO&ac=wifi&update_version_code=9901504&minor_status=0&_rticket=1753758091000'
2025-07-28 20:01:32,070 - ERROR - Error parsing JSON response: 444, message='Attempt to decode JSON with unexpected mimetype: text/html', url='https://api.amemv.com/aweme/v1/aweme/post/?device_platform=android&aid=2955&channel=carplay_xiaoai_2955&sec_user_id=MS4wLjABAAAAxDJT8TLetAJZTMIvPVM9AkrMJRQ7fHyPP99xusRDd4NhY0VUIno9mAA6_MKPEMzw&count=10&ts=1753758091&app_type=lite&os_api=25&device_type=PCRT00&ssmix=a&manifest_version_code=9901504&dpi=240&version_code=9901504&app_name=aweme&version_name=9.9.15&device_id=5827988420182290&is_autoplay=true&resolution=720*1208&os_version=7.1.2&language=zh&device_brand=OPPO&ac=wifi&update_version_code=9901504&minor_status=0&_rticket=1753758091000'
2025-07-28 20:01:32,073 - ERROR - Error parsing JSON response: 444, message='Attempt to decode JSON with unexpected mimetype: text/html', url='https://api.amemv.com/aweme/v1/aweme/post/?device_platform=android&aid=2955&channel=carplay_xiaoai_2955&sec_user_id=MS4wLjABAAAAxKq_dqN2RW8emJzNJFqxpOxKoOQsSWxM3PoEZ208oeE&count=10&ts=1753758091&app_type=lite&os_api=25&device_type=PCRT00&ssmix=a&manifest_version_code=9901504&dpi=240&version_code=9901504&app_name=aweme&version_name=9.9.15&device_id=5827988420182290&is_autoplay=true&resolution=720*1208&os_version=7.1.2&language=zh&device_brand=OPPO&ac=wifi&update_version_code=9901504&minor_status=0&_rticket=1753758091000'
2025-07-28 20:01:32,093 - ERROR - Error parsing JSON response: 444, message='Attempt to decode JSON with unexpected mimetype: text/html', url='https://api.amemv.com/aweme/v1/aweme/post/?device_platform=android&aid=2955&channel=carplay_xiaoai_2955&sec_user_id=MS4wLjABAAAA1f0KmWiPEjwKNQBhZ_NxaTuxn7iFbmow7Jo_FT5my8M&count=10&ts=1753758091&app_type=lite&os_api=25&device_type=PCRT00&ssmix=a&manifest_version_code=9901504&dpi=240&version_code=9901504&app_name=aweme&version_name=9.9.15&device_id=5827988420182290&is_autoplay=true&resolution=720*1208&os_version=7.1.2&language=zh&device_brand=OPPO&ac=wifi&update_version_code=9901504&minor_status=0&_rticket=1753758091000'
2025-07-28 20:01:32,237 - ERROR - Error parsing JSON response: 444, message='Attempt to decode JSON with unexpected mimetype: text/html', url='https://api.amemv.com/aweme/v1/aweme/post/?device_platform=android&aid=2955&channel=carplay_xiaoai_2955&sec_user_id=MS4wLjABAAAAqeBdPsr99p8BsNhwBI2dmvzn32bc-0A90kOMgh0QLpoGM3tVa5d4iZ0K-NJ-s67T&count=10&ts=1753758091&app_type=lite&os_api=25&device_type=PCRT00&ssmix=a&manifest_version_code=9901504&dpi=240&version_code=9901504&app_name=aweme&version_name=9.9.15&device_id=5827988420182290&is_autoplay=true&resolution=720*1208&os_version=7.1.2&language=zh&device_brand=OPPO&ac=wifi&update_version_code=9901504&minor_status=0&_rticket=1753758091000'
2025-07-28 20:01:32,301 - INFO - HTTP Request: POST https://api.notion.com/v1/pages "HTTP/1.1 200 OK"
2025-07-28 20:01:32,599 - ERROR - Error parsing JSON response: 444, message='Attempt to decode JSON with unexpected mimetype: text/html', url='https://api.amemv.com/aweme/v1/aweme/post/?device_platform=android&aid=2955&channel=carplay_xiaoai_2955&sec_user_id=MS4wLjABAAAACnPiXPG_toBmjiPo3iwxb9aSOwwjKYNQmka-tPCMVUdYGEpqqEoihUGW35QnT7OO&count=10&ts=1753758092&app_type=lite&os_api=25&device_type=PCRT00&ssmix=a&manifest_version_code=9901504&dpi=240&version_code=9901504&app_name=aweme&version_name=9.9.15&device_id=5827988420182290&is_autoplay=true&resolution=720*1208&os_version=7.1.2&language=zh&device_brand=OPPO&ac=wifi&update_version_code=9901504&minor_status=0&_rticket=1753758092000'
2025-07-28 20:01:32,601 - ERROR - Error parsing JSON response: 444, message='Attempt to decode JSON with unexpected mimetype: text/html', url='https://api.amemv.com/aweme/v1/aweme/post/?device_platform=android&aid=2955&channel=carplay_xiaoai_2955&sec_user_id=MS4wLjABAAAAwDbCwnxisfMw7Hi8b_2SoKu1NURFyzfcJA3TqeIJ5OlMPAUSackNAslPjBsmm7W_&count=10&ts=1753758092&app_type=lite&os_api=25&device_type=PCRT00&ssmix=a&manifest_version_code=9901504&dpi=240&version_code=9901504&app_name=aweme&version_name=9.9.15&device_id=5827988420182290&is_autoplay=true&resolution=720*1208&os_version=7.1.2&language=zh&device_brand=OPPO&ac=wifi&update_version_code=9901504&minor_status=0&_rticket=1753758092000'
2025-07-28 20:01:32,616 - ERROR - Error parsing JSON response: 444, message='Attempt to decode JSON with unexpected mimetype: text/html', url='https://api.amemv.com/aweme/v1/aweme/post/?device_platform=android&aid=2955&channel=carplay_xiaoai_2955&sec_user_id=MS4wLjABAAAAJ7D3jnulMh34WTF1lDbdqsSbN0dXH4GTUpP30hbMOZeLHp-skUqtHM6rB6DjWPS5&count=10&ts=1753758092&app_type=lite&os_api=25&device_type=PCRT00&ssmix=a&manifest_version_code=9901504&dpi=240&version_code=9901504&app_name=aweme&version_name=9.9.15&device_id=5827988420182290&is_autoplay=true&resolution=720*1208&os_version=7.1.2&language=zh&device_brand=OPPO&ac=wifi&update_version_code=9901504&minor_status=0&_rticket=1753758092000'
2025-07-28 20:01:32,626 - ERROR - Error parsing JSON response: 444, message='Attempt to decode JSON with unexpected mimetype: text/html', url='https://api.amemv.com/aweme/v1/aweme/post/?device_platform=android&aid=2955&channel=carplay_xiaoai_2955&sec_user_id=MS4wLjABAAAAoZE3xJmJ1bTZFMEUhoRWvLnN6tlr467eYQoe8yfEn9yhEwwu6ynwZEKLOhmAyEzJ&count=10&ts=1753758092&app_type=lite&os_api=25&device_type=PCRT00&ssmix=a&manifest_version_code=9901504&dpi=240&version_code=9901504&app_name=aweme&version_name=9.9.15&device_id=5827988420182290&is_autoplay=true&resolution=720*1208&os_version=7.1.2&language=zh&device_brand=OPPO&ac=wifi&update_version_code=9901504&minor_status=0&_rticket=1753758092000'
2025-07-28 20:01:33,152 - INFO - HTTP Request: POST https://api.notion.com/v1/pages "HTTP/1.1 200 OK"
2025-07-28 20:01:33,286 - INFO - HTTP Request: POST https://api.notion.com/v1/pages "HTTP/1.1 200 OK"
2025-07-28 20:01:33,299 - INFO - HTTP Request: GET https://api.notion.com/v1/databases/23e035de0731803c9609e369fdbcc16d "HTTP/1.1 200 OK"
2025-07-28 20:01:33,461 - ERROR - Error parsing JSON response: 444, message='Attempt to decode JSON with unexpected mimetype: text/html', url='https://api.amemv.com/aweme/v1/aweme/post/?device_platform=android&aid=2955&channel=carplay_xiaoai_2955&sec_user_id=MS4wLjABAAAA1dHamu8WOopdVUBNFqbFTBdIIm22k2rond04aHvQEYFim0uC9buFZBKP1K3ToyuI&count=10&ts=1753758093&app_type=lite&os_api=25&device_type=PCRT00&ssmix=a&manifest_version_code=9901504&dpi=240&version_code=9901504&app_name=aweme&version_name=9.9.15&device_id=5827988420182290&is_autoplay=true&resolution=720*1208&os_version=7.1.2&language=zh&device_brand=OPPO&ac=wifi&update_version_code=9901504&minor_status=0&_rticket=1753758093000'
2025-07-28 20:01:34,247 - INFO - HTTP Request: GET https://api.notion.com/v1/databases/23e035de0731803c9609e369fdbcc16d "HTTP/1.1 200 OK"
2025-07-28 20:01:34,297 - INFO - HTTP Request: GET https://api.notion.com/v1/databases/23e035de0731803c9609e369fdbcc16d "HTTP/1.1 200 OK"
2025-07-28 20:01:34,667 - INFO - HTTP Request: POST https://api.notion.com/v1/pages "HTTP/1.1 200 OK"
2025-07-28 20:01:34,739 - INFO - HTTP Request: GET https://api.notion.com/v1/databases/23e035de0731803c9609e369fdbcc16d "HTTP/1.1 200 OK"
2025-07-28 20:01:34,754 - ERROR - Error parsing JSON response: 444, message='Attempt to decode JSON with unexpected mimetype: text/html', url='https://api.amemv.com/aweme/v1/aweme/post/?device_platform=android&aid=2955&channel=carplay_xiaoai_2955&sec_user_id=MS4wLjABAAAAC0j6CPvwiYo2b9AJkn3tMv4OPqlw2vYuwEEGZc0lhoYmds7Z1tAoBUuImhS5AfgX&count=10&ts=1753758094&app_type=lite&os_api=25&device_type=PCRT00&ssmix=a&manifest_version_code=9901504&dpi=240&version_code=9901504&app_name=aweme&version_name=9.9.15&device_id=5827988420182290&is_autoplay=true&resolution=720*1208&os_version=7.1.2&language=zh&device_brand=OPPO&ac=wifi&update_version_code=9901504&minor_status=0&_rticket=1753758094000'
2025-07-28 20:01:34,848 - ERROR - Error parsing JSON response: 444, message='Attempt to decode JSON with unexpected mimetype: text/html', url='https://api.amemv.com/aweme/v1/aweme/post/?device_platform=android&aid=2955&channel=carplay_xiaoai_2955&sec_user_id=MS4wLjABAAAAS8pO2Kvu5uuF7E-DPgqkiR31bDVa0TBlsM_LjjL_VDbbZ3JDDEBZ8QMnOsxh0Jdd&count=10&ts=1753758094&app_type=lite&os_api=25&device_type=PCRT00&ssmix=a&manifest_version_code=9901504&dpi=240&version_code=9901504&app_name=aweme&version_name=9.9.15&device_id=5827988420182290&is_autoplay=true&resolution=720*1208&os_version=7.1.2&language=zh&device_brand=OPPO&ac=wifi&update_version_code=9901504&minor_status=0&_rticket=1753758094000'
2025-07-28 20:01:34,850 - ERROR - Error parsing JSON response: 444, message='Attempt to decode JSON with unexpected mimetype: text/html', url='https://api.amemv.com/aweme/v1/aweme/post/?device_platform=android&aid=2955&channel=carplay_xiaoai_2955&sec_user_id=MS4wLjABAAAAguGPS61bi_za9hIt9X_mjrLgBDArH4LQguxoMORsCi4dh2Qnd5gq1yFqu5NvZew5&count=10&ts=1753758094&app_type=lite&os_api=25&device_type=PCRT00&ssmix=a&manifest_version_code=9901504&dpi=240&version_code=9901504&app_name=aweme&version_name=9.9.15&device_id=5827988420182290&is_autoplay=true&resolution=720*1208&os_version=7.1.2&language=zh&device_brand=OPPO&ac=wifi&update_version_code=9901504&minor_status=0&_rticket=1753758094000'
2025-07-28 20:01:34,898 - INFO - HTTP Request: POST https://api.notion.com/v1/pages "HTTP/1.1 200 OK"
2025-07-28 20:01:35,491 - ERROR - Error parsing JSON response: 444, message='Attempt to decode JSON with unexpected mimetype: text/html', url='https://api.amemv.com/aweme/v1/aweme/post/?device_platform=android&aid=2955&channel=carplay_xiaoai_2955&sec_user_id=MS4wLjABAAAAvGiOG-mC4ikoDYfySCf1R4vTleUgbq29u1nkfJLKUk7N-wKLcuBltYoS9t7xnR-f&count=10&ts=1753758095&app_type=lite&os_api=25&device_type=PCRT00&ssmix=a&manifest_version_code=9901504&dpi=240&version_code=9901504&app_name=aweme&version_name=9.9.15&device_id=5827988420182290&is_autoplay=true&resolution=720*1208&os_version=7.1.2&language=zh&device_brand=OPPO&ac=wifi&update_version_code=9901504&minor_status=0&_rticket=1753758095000'
2025-07-28 20:01:35,503 - ERROR - Error parsing JSON response: 444, message='Attempt to decode JSON with unexpected mimetype: text/html', url='https://api.amemv.com/aweme/v1/aweme/post/?device_platform=android&aid=2955&channel=carplay_xiaoai_2955&sec_user_id=MS4wLjABAAAAOu2CUhD6dFeIzDCK4dbGjeTekFKKHhZ5MzAVE4-fLF--1T72eFxGC4h3o0P3gANJ&count=10&ts=1753758095&app_type=lite&os_api=25&device_type=PCRT00&ssmix=a&manifest_version_code=9901504&dpi=240&version_code=9901504&app_name=aweme&version_name=9.9.15&device_id=5827988420182290&is_autoplay=true&resolution=720*1208&os_version=7.1.2&language=zh&device_brand=OPPO&ac=wifi&update_version_code=9901504&minor_status=0&_rticket=1753758095000'
2025-07-28 20:01:35,509 - ERROR - Error parsing JSON response: 444, message='Attempt to decode JSON with unexpected mimetype: text/html', url='https://api.amemv.com/aweme/v1/aweme/post/?device_platform=android&aid=2955&channel=carplay_xiaoai_2955&sec_user_id=MS4wLjABAAAABPIzLh0sLqoB-IkCV5eKmTqx281zLBapUCdS56bvpRSNQbVu_MKp4sMwljK1NhqI&count=10&ts=1753758095&app_type=lite&os_api=25&device_type=PCRT00&ssmix=a&manifest_version_code=9901504&dpi=240&version_code=9901504&app_name=aweme&version_name=9.9.15&device_id=5827988420182290&is_autoplay=true&resolution=720*1208&os_version=7.1.2&language=zh&device_brand=OPPO&ac=wifi&update_version_code=9901504&minor_status=0&_rticket=1753758095000'
2025-07-28 20:01:35,525 - ERROR - Error parsing JSON response: 444, message='Attempt to decode JSON with unexpected mimetype: text/html', url='https://api.amemv.com/aweme/v1/aweme/post/?device_platform=android&aid=2955&channel=carplay_xiaoai_2955&sec_user_id=MS4wLjABAAAA0m-MEPGJBSY-jJgHH2wKsYPAl80H3VMFWVRZQPPHHbSH5e7aQI_35iGO1wsABES-&count=10&ts=1753758095&app_type=lite&os_api=25&device_type=PCRT00&ssmix=a&manifest_version_code=9901504&dpi=240&version_code=9901504&app_name=aweme&version_name=9.9.15&device_id=5827988420182290&is_autoplay=true&resolution=720*1208&os_version=7.1.2&language=zh&device_brand=OPPO&ac=wifi&update_version_code=9901504&minor_status=0&_rticket=1753758095000'
2025-07-28 20:01:35,533 - ERROR - Error parsing JSON response: 444, message='Attempt to decode JSON with unexpected mimetype: text/html', url='https://api.amemv.com/aweme/v1/aweme/post/?device_platform=android&aid=2955&channel=carplay_xiaoai_2955&sec_user_id=MS4wLjABAAAAGk2L3WwagnIXrQUS7vA1UCIphMyC0NioOkmyR76StNJD0VJBBgUXBtSn102Mb4cc&count=10&ts=1753758095&app_type=lite&os_api=25&device_type=PCRT00&ssmix=a&manifest_version_code=9901504&dpi=240&version_code=9901504&app_name=aweme&version_name=9.9.15&device_id=5827988420182290&is_autoplay=true&resolution=720*1208&os_version=7.1.2&language=zh&device_brand=OPPO&ac=wifi&update_version_code=9901504&minor_status=0&_rticket=1753758095000'
2025-07-28 20:01:35,611 - INFO - HTTP Request: GET https://api.notion.com/v1/databases/23e035de0731803c9609e369fdbcc16d "HTTP/1.1 200 OK"
2025-07-28 20:01:35,836 - ERROR - Error parsing JSON response: 444, message='Attempt to decode JSON with unexpected mimetype: text/html', url='https://api.amemv.com/aweme/v1/aweme/post/?device_platform=android&aid=2955&channel=carplay_xiaoai_2955&sec_user_id=MS4wLjABAAAAFovtSOQ3YoACQsVBwUzGbSW9xun6lxrdKc5valNYLd5TVp9_ATmbUW2_hUVixtv5&count=10&ts=1753758095&app_type=lite&os_api=25&device_type=PCRT00&ssmix=a&manifest_version_code=9901504&dpi=240&version_code=9901504&app_name=aweme&version_name=9.9.15&device_id=5827988420182290&is_autoplay=true&resolution=720*1208&os_version=7.1.2&language=zh&device_brand=OPPO&ac=wifi&update_version_code=9901504&minor_status=0&_rticket=1753758095000'
2025-07-28 20:01:35,838 - ERROR - Error parsing JSON response: 444, message='Attempt to decode JSON with unexpected mimetype: text/html', url='https://api.amemv.com/aweme/v1/aweme/post/?device_platform=android&aid=2955&channel=carplay_xiaoai_2955&sec_user_id=MS4wLjABAAAAB9oNhA8b3GINFI-49NH0itpJLnMDGsESZE7dn0P6SoH1T5fh7abr5EfsxUgy1v2P&count=10&ts=1753758095&app_type=lite&os_api=25&device_type=PCRT00&ssmix=a&manifest_version_code=9901504&dpi=240&version_code=9901504&app_name=aweme&version_name=9.9.15&device_id=5827988420182290&is_autoplay=true&resolution=720*1208&os_version=7.1.2&language=zh&device_brand=OPPO&ac=wifi&update_version_code=9901504&minor_status=0&_rticket=1753758095000'
2025-07-28 20:01:35,870 - ERROR - Error parsing JSON response: 444, message='Attempt to decode JSON with unexpected mimetype: text/html', url='https://api.amemv.com/aweme/v1/aweme/post/?device_platform=android&aid=2955&channel=carplay_xiaoai_2955&sec_user_id=MS4wLjABAAAAukTO96aRotyXBUa8HK7EslO4TDecuYAKaD2p06iXXvqgm0h6MsiFycmZRIC5ADTd&count=10&ts=1753758095&app_type=lite&os_api=25&device_type=PCRT00&ssmix=a&manifest_version_code=9901504&dpi=240&version_code=9901504&app_name=aweme&version_name=9.9.15&device_id=5827988420182290&is_autoplay=true&resolution=720*1208&os_version=7.1.2&language=zh&device_brand=OPPO&ac=wifi&update_version_code=9901504&minor_status=0&_rticket=1753758095000'
2025-07-28 20:01:36,474 - INFO - HTTP Request: GET https://api.notion.com/v1/databases/23e035de0731803c9609e369fdbcc16d "HTTP/1.1 200 OK"
2025-07-28 20:01:36,494 - INFO - HTTP Request: POST https://api.notion.com/v1/pages "HTTP/1.1 409 Conflict"
2025-07-28 20:01:36,500 - INFO - HTTP Request: POST https://api.notion.com/v1/pages "HTTP/1.1 200 OK"
2025-07-28 20:01:36,595 - ERROR - Error parsing JSON response: 444, message='Attempt to decode JSON with unexpected mimetype: text/html', url='https://api.amemv.com/aweme/v1/aweme/post/?device_platform=android&aid=2955&channel=carplay_xiaoai_2955&sec_user_id=MS4wLjABAAAA_Eg9ME2xyVQvqcRx7tZWX7loeqbyC13EuQFnilCcz9rNeCpw2jkTxeOF1A7_L90d&count=10&ts=1753758096&app_type=lite&os_api=25&device_type=PCRT00&ssmix=a&manifest_version_code=9901504&dpi=240&version_code=9901504&app_name=aweme&version_name=9.9.15&device_id=5827988420182290&is_autoplay=true&resolution=720*1208&os_version=7.1.2&language=zh&device_brand=OPPO&ac=wifi&update_version_code=9901504&minor_status=0&_rticket=1753758096000'
2025-07-28 20:01:36,922 - INFO - HTTP Request: POST https://api.notion.com/v1/pages "HTTP/1.1 409 Conflict"
2025-07-28 20:01:36,939 - ERROR - Error parsing JSON response: 444, message='Attempt to decode JSON with unexpected mimetype: text/html', url='https://api.amemv.com/aweme/v1/aweme/post/?device_platform=android&aid=2955&channel=carplay_xiaoai_2955&sec_user_id=MS4wLjABAAAAOk5Yq1qefFQptZWIeiuW59JB1JP-SIaOwK0O9E2A6m0&count=10&ts=1753758096&app_type=lite&os_api=25&device_type=PCRT00&ssmix=a&manifest_version_code=9901504&dpi=240&version_code=9901504&app_name=aweme&version_name=9.9.15&device_id=5827988420182290&is_autoplay=true&resolution=720*1208&os_version=7.1.2&language=zh&device_brand=OPPO&ac=wifi&update_version_code=9901504&minor_status=0&_rticket=1753758096000'
2025-07-28 20:01:36,959 - ERROR - Error parsing JSON response: 444, message='Attempt to decode JSON with unexpected mimetype: text/html', url='https://api.amemv.com/aweme/v1/aweme/post/?device_platform=android&aid=2955&channel=carplay_xiaoai_2955&sec_user_id=MS4wLjABAAAATvmQ40nLZxIombiMPuSYDHRnL3-JgdHXmEheu3QExCdQAsHrO-nbKWivcv-bUg1n&count=10&ts=1753758096&app_type=lite&os_api=25&device_type=PCRT00&ssmix=a&manifest_version_code=9901504&dpi=240&version_code=9901504&app_name=aweme&version_name=9.9.15&device_id=5827988420182290&is_autoplay=true&resolution=720*1208&os_version=7.1.2&language=zh&device_brand=OPPO&ac=wifi&update_version_code=9901504&minor_status=0&_rticket=1753758096000'
2025-07-28 20:01:37,634 - INFO - HTTP Request: GET https://api.notion.com/v1/databases/23e035de0731803c9609e369fdbcc16d "HTTP/1.1 200 OK"
2025-07-28 20:01:38,227 - ERROR - Error parsing JSON response: 444, message='Attempt to decode JSON with unexpected mimetype: text/html', url='https://api.amemv.com/aweme/v1/aweme/post/?device_platform=android&aid=2955&channel=carplay_xiaoai_2955&sec_user_id=MS4wLjABAAAAmbqj06M-mYhklhWhgurBH8vh2SRRz-l1rLpjN0LTpg4&count=10&ts=1753758097&app_type=lite&os_api=25&device_type=PCRT00&ssmix=a&manifest_version_code=9901504&dpi=240&version_code=9901504&app_name=aweme&version_name=9.9.15&device_id=5827988420182290&is_autoplay=true&resolution=720*1208&os_version=7.1.2&language=zh&device_brand=OPPO&ac=wifi&update_version_code=9901504&minor_status=0&_rticket=1753758097000'
2025-07-28 20:01:38,229 - ERROR - Error parsing JSON response: 444, message='Attempt to decode JSON with unexpected mimetype: text/html', url='https://api.amemv.com/aweme/v1/aweme/post/?device_platform=android&aid=2955&channel=carplay_xiaoai_2955&sec_user_id=MS4wLjABAAAAAGTF9SFM9cOHI4Y4gvew1jSlTHgOnks5v7YuSWeaMWzS_nsfCXy_HxJjrsEcM8fZ&count=10&ts=1753758097&app_type=lite&os_api=25&device_type=PCRT00&ssmix=a&manifest_version_code=9901504&dpi=240&version_code=9901504&app_name=aweme&version_name=9.9.15&device_id=5827988420182290&is_autoplay=true&resolution=720*1208&os_version=7.1.2&language=zh&device_brand=OPPO&ac=wifi&update_version_code=9901504&minor_status=0&_rticket=1753758097000'
2025-07-28 20:01:38,231 - ERROR - Error parsing JSON response: 444, message='Attempt to decode JSON with unexpected mimetype: text/html', url='https://api.amemv.com/aweme/v1/aweme/post/?device_platform=android&aid=2955&channel=carplay_xiaoai_2955&sec_user_id=MS4wLjABAAAAR4jaetJhcmHTE-Xi585z9WMnsqyS4a4x4LIpuCxmrP4&count=10&ts=1753758097&app_type=lite&os_api=25&device_type=PCRT00&ssmix=a&manifest_version_code=9901504&dpi=240&version_code=9901504&app_name=aweme&version_name=9.9.15&device_id=5827988420182290&is_autoplay=true&resolution=720*1208&os_version=7.1.2&language=zh&device_brand=OPPO&ac=wifi&update_version_code=9901504&minor_status=0&_rticket=1753758097000'
2025-07-28 20:01:38,233 - ERROR - Error parsing JSON response: 444, message='Attempt to decode JSON with unexpected mimetype: text/html', url='https://api.amemv.com/aweme/v1/aweme/post/?device_platform=android&aid=2955&channel=carplay_xiaoai_2955&sec_user_id=MS4wLjABAAAAFNRVzpUN4rV6wEgRlYAtHvKF_0DrENFUX6jVKt7UX8JCD1nRlV1DnGelZCXLiaVy&count=10&ts=1753758097&app_type=lite&os_api=25&device_type=PCRT00&ssmix=a&manifest_version_code=9901504&dpi=240&version_code=9901504&app_name=aweme&version_name=9.9.15&device_id=5827988420182290&is_autoplay=true&resolution=720*1208&os_version=7.1.2&language=zh&device_brand=OPPO&ac=wifi&update_version_code=9901504&minor_status=0&_rticket=1753758097000'
2025-07-28 20:01:38,237 - ERROR - Error parsing JSON response: 444, message='Attempt to decode JSON with unexpected mimetype: text/html', url='https://api.amemv.com/aweme/v1/aweme/post/?device_platform=android&aid=2955&channel=carplay_xiaoai_2955&sec_user_id=MS4wLjABAAAArwLl9tigxT8lVYgp1Hav-eZglxlLFFdHO7zOte_uNjk&count=10&ts=1753758097&app_type=lite&os_api=25&device_type=PCRT00&ssmix=a&manifest_version_code=9901504&dpi=240&version_code=9901504&app_name=aweme&version_name=9.9.15&device_id=5827988420182290&is_autoplay=true&resolution=720*1208&os_version=7.1.2&language=zh&device_brand=OPPO&ac=wifi&update_version_code=9901504&minor_status=0&_rticket=1753758097000'
2025-07-28 20:01:38,239 - ERROR - Error parsing JSON response: 444, message='Attempt to decode JSON with unexpected mimetype: text/html', url='https://api.amemv.com/aweme/v1/aweme/post/?device_platform=android&aid=2955&channel=carplay_xiaoai_2955&sec_user_id=MS4wLjABAAAAXLSgvYTGII6yMT-0PC1UGH1MMYXO6bTv8HHqJmAnNxBrbpQjrRVb7xmD6xhHX1lg&count=10&ts=1753758097&app_type=lite&os_api=25&device_type=PCRT00&ssmix=a&manifest_version_code=9901504&dpi=240&version_code=9901504&app_name=aweme&version_name=9.9.15&device_id=5827988420182290&is_autoplay=true&resolution=720*1208&os_version=7.1.2&language=zh&device_brand=OPPO&ac=wifi&update_version_code=9901504&minor_status=0&_rticket=1753758097000'
2025-07-28 20:01:38,242 - ERROR - Error parsing JSON response: 444, message='Attempt to decode JSON with unexpected mimetype: text/html', url='https://api.amemv.com/aweme/v1/aweme/post/?device_platform=android&aid=2955&channel=carplay_xiaoai_2955&sec_user_id=MS4wLjABAAAAaQLCKqwqAXL5No5bUzkPaxQ6Q7drAAA0PYIoqbzvsXM0VhLpUg3QGB08BK9dQLHP&count=10&ts=1753758097&app_type=lite&os_api=25&device_type=PCRT00&ssmix=a&manifest_version_code=9901504&dpi=240&version_code=9901504&app_name=aweme&version_name=9.9.15&device_id=5827988420182290&is_autoplay=true&resolution=720*1208&os_version=7.1.2&language=zh&device_brand=OPPO&ac=wifi&update_version_code=9901504&minor_status=0&_rticket=1753758097000'
2025-07-28 20:01:38,486 - INFO - HTTP Request: GET https://api.notion.com/v1/databases/23e035de0731803c9609e369fdbcc16d "HTTP/1.1 200 OK"
2025-07-28 20:01:38,574 - ERROR - Error parsing JSON response: 444, message='Attempt to decode JSON with unexpected mimetype: text/html', url='https://api.amemv.com/aweme/v1/aweme/post/?device_platform=android&aid=2955&channel=carplay_xiaoai_2955&sec_user_id=MS4wLjABAAAA9qR00Pn7-23-DjJMrgy-9AdlXTw6qD9vI_xXDKXjnWJL7hOfBXDk0vtyTSZ_AEY2&count=10&ts=1753758098&app_type=lite&os_api=25&device_type=PCRT00&ssmix=a&manifest_version_code=9901504&dpi=240&version_code=9901504&app_name=aweme&version_name=9.9.15&device_id=5827988420182290&is_autoplay=true&resolution=720*1208&os_version=7.1.2&language=zh&device_brand=OPPO&ac=wifi&update_version_code=9901504&minor_status=0&_rticket=1753758098000'
2025-07-28 20:01:38,664 - INFO - HTTP Request: GET https://api.notion.com/v1/databases/23e035de0731803c9609e369fdbcc16d "HTTP/1.1 200 OK"
2025-07-28 20:01:38,990 - INFO - HTTP Request: POST https://api.notion.com/v1/pages "HTTP/1.1 200 OK"
2025-07-28 20:01:39,020 - INFO - HTTP Request: POST https://api.notion.com/v1/pages "HTTP/1.1 200 OK"
2025-07-28 20:01:39,076 - INFO - HTTP Request: POST https://api.notion.com/v1/pages "HTTP/1.1 200 OK"
2025-07-28 20:01:39,214 - INFO - HTTP Request: POST https://api.notion.com/v1/pages "HTTP/1.1 409 Conflict"
2025-07-28 20:01:39,627 - ERROR - Error parsing JSON response: 444, message='Attempt to decode JSON with unexpected mimetype: text/html', url='https://api.amemv.com/aweme/v1/aweme/post/?device_platform=android&aid=2955&channel=carplay_xiaoai_2955&sec_user_id=MS4wLjABAAAA8-OSZfCR_zYPPOa6tT6biKWgxGRTrLg1e76QDG3qZBU&count=10&ts=1753758099&app_type=lite&os_api=25&device_type=PCRT00&ssmix=a&manifest_version_code=9901504&dpi=240&version_code=9901504&app_name=aweme&version_name=9.9.15&device_id=5827988420182290&is_autoplay=true&resolution=720*1208&os_version=7.1.2&language=zh&device_brand=OPPO&ac=wifi&update_version_code=9901504&minor_status=0&_rticket=1753758099000'
2025-07-28 20:01:39,949 - ERROR - Error parsing JSON response: 444, message='Attempt to decode JSON with unexpected mimetype: text/html', url='https://api.amemv.com/aweme/v1/aweme/post/?device_platform=android&aid=2955&channel=carplay_xiaoai_2955&sec_user_id=MS4wLjABAAAA-PutGAa_LS7EsV7ko4GrhM-DTWkhaqNcqnpb7jKKrnGcxz_CujPySzknfFlFhxqi&count=10&ts=1753758099&app_type=lite&os_api=25&device_type=PCRT00&ssmix=a&manifest_version_code=9901504&dpi=240&version_code=9901504&app_name=aweme&version_name=9.9.15&device_id=5827988420182290&is_autoplay=true&resolution=720*1208&os_version=7.1.2&language=zh&device_brand=OPPO&ac=wifi&update_version_code=9901504&minor_status=0&_rticket=1753758099000'
2025-07-28 20:01:39,951 - ERROR - Error parsing JSON response: 444, message='Attempt to decode JSON with unexpected mimetype: text/html', url='https://api.amemv.com/aweme/v1/aweme/post/?device_platform=android&aid=2955&channel=carplay_xiaoai_2955&sec_user_id=MS4wLjABAAAAFgEXAyd2QYLFwN13sveB1CePjF_L3ZzoF5tDpkQEYL9GMvLr8FxU3t07fFUY7_gK&count=10&ts=1753758099&app_type=lite&os_api=25&device_type=PCRT00&ssmix=a&manifest_version_code=9901504&dpi=240&version_code=9901504&app_name=aweme&version_name=9.9.15&device_id=5827988420182290&is_autoplay=true&resolution=720*1208&os_version=7.1.2&language=zh&device_brand=OPPO&ac=wifi&update_version_code=9901504&minor_status=0&_rticket=1753758099000'
2025-07-28 20:01:39,953 - ERROR - Error parsing JSON response: 444, message='Attempt to decode JSON with unexpected mimetype: text/html', url='https://api.amemv.com/aweme/v1/aweme/post/?device_platform=android&aid=2955&channel=carplay_xiaoai_2955&sec_user_id=MS4wLjABAAAATs6uR9fkkhyBQg1GHBPk_swlxtHc3-4kkEyNZ3rBCU_pdxnzfASyGtRoNuwnVQte&count=10&ts=1753758099&app_type=lite&os_api=25&device_type=PCRT00&ssmix=a&manifest_version_code=9901504&dpi=240&version_code=9901504&app_name=aweme&version_name=9.9.15&device_id=5827988420182290&is_autoplay=true&resolution=720*1208&os_version=7.1.2&language=zh&device_brand=OPPO&ac=wifi&update_version_code=9901504&minor_status=0&_rticket=1753758099000'
2025-07-28 20:01:39,962 - ERROR - Error parsing JSON response: 444, message='Attempt to decode JSON with unexpected mimetype: text/html', url='https://api.amemv.com/aweme/v1/aweme/post/?device_platform=android&aid=2955&channel=carplay_xiaoai_2955&sec_user_id=MS4wLjABAAAAlUmnKBQULDSJ32O-xFPIkHm92lqIjXExLcltsm_0YOesxpEstL6LQcANZr1eUMVh&count=10&ts=1753758099&app_type=lite&os_api=25&device_type=PCRT00&ssmix=a&manifest_version_code=9901504&dpi=240&version_code=9901504&app_name=aweme&version_name=9.9.15&device_id=5827988420182290&is_autoplay=true&resolution=720*1208&os_version=7.1.2&language=zh&device_brand=OPPO&ac=wifi&update_version_code=9901504&minor_status=0&_rticket=1753758099000'
2025-07-28 20:01:40,332 - INFO - HTTP Request: GET https://api.notion.com/v1/databases/23e035de0731803c9609e369fdbcc16d "HTTP/1.1 200 OK"
2025-07-28 20:01:40,359 - INFO - HTTP Request: GET https://api.notion.com/v1/databases/23e035de0731803c9609e369fdbcc16d "HTTP/1.1 200 OK"
2025-07-28 20:01:40,407 - INFO - HTTP Request: GET https://api.notion.com/v1/databases/23e035de0731803c9609e369fdbcc16d "HTTP/1.1 200 OK"
2025-07-28 20:01:40,660 - ERROR - Error parsing JSON response: 444, message='Attempt to decode JSON with unexpected mimetype: text/html', url='https://api.amemv.com/aweme/v1/aweme/post/?device_platform=android&aid=2955&channel=carplay_xiaoai_2955&sec_user_id=MS4wLjABAAAA7tG113SLeWE0BHxc4ByOyriJOgNps1aPWaLqEETryzvH-dJaCY65Zf1OOh4g9L4a&count=10&ts=1753758100&app_type=lite&os_api=25&device_type=PCRT00&ssmix=a&manifest_version_code=9901504&dpi=240&version_code=9901504&app_name=aweme&version_name=9.9.15&device_id=5827988420182290&is_autoplay=true&resolution=720*1208&os_version=7.1.2&language=zh&device_brand=OPPO&ac=wifi&update_version_code=9901504&minor_status=0&_rticket=1753758100000'
2025-07-28 20:01:40,814 - INFO - HTTP Request: POST https://api.notion.com/v1/pages "HTTP/1.1 200 OK"
2025-07-28 20:01:40,817 - INFO - HTTP Request: GET https://api.notion.com/v1/databases/23e035de0731803c9609e369fdbcc16d "HTTP/1.1 200 OK"
2025-07-28 20:01:40,943 - ERROR - Error parsing JSON response: 444, message='Attempt to decode JSON with unexpected mimetype: text/html', url='https://api.amemv.com/aweme/v1/aweme/post/?device_platform=android&aid=2955&channel=carplay_xiaoai_2955&sec_user_id=MS4wLjABAAAAfFbjTXUBwTgmTikSN75aqdSVPLKdTXWM_SKLRPy85DKhfDTzFZ6Oz7LrQfOlnqI6&count=10&ts=1753758100&app_type=lite&os_api=25&device_type=PCRT00&ssmix=a&manifest_version_code=9901504&dpi=240&version_code=9901504&app_name=aweme&version_name=9.9.15&device_id=5827988420182290&is_autoplay=true&resolution=720*1208&os_version=7.1.2&language=zh&device_brand=OPPO&ac=wifi&update_version_code=9901504&minor_status=0&_rticket=1753758100000'
2025-07-28 20:01:40,963 - INFO - HTTP Request: POST https://api.notion.com/v1/pages "HTTP/1.1 200 OK"
2025-07-28 20:01:41,068 - INFO - HTTP Request: POST https://api.notion.com/v1/pages "HTTP/1.1 409 Conflict"
2025-07-28 20:01:41,249 - INFO - HTTP Request: POST https://api.notion.com/v1/pages "HTTP/1.1 200 OK"
2025-07-28 20:01:41,411 - INFO - HTTP Request: POST https://api.notion.com/v1/pages "HTTP/1.1 200 OK"
2025-07-28 20:01:41,624 - ERROR - Error parsing JSON response: 444, message='Attempt to decode JSON with unexpected mimetype: text/html', url='https://api.amemv.com/aweme/v1/aweme/post/?device_platform=android&aid=2955&channel=carplay_xiaoai_2955&sec_user_id=MS4wLjABAAAA7jMhoxxzQ3WksgiMHGF0LPN9yrUL0qbmlXeIy1hM_LANhDYXnH31VVQ0V88ZiRDI&count=10&ts=1753758101&app_type=lite&os_api=25&device_type=PCRT00&ssmix=a&manifest_version_code=9901504&dpi=240&version_code=9901504&app_name=aweme&version_name=9.9.15&device_id=5827988420182290&is_autoplay=true&resolution=720*1208&os_version=7.1.2&language=zh&device_brand=OPPO&ac=wifi&update_version_code=9901504&minor_status=0&_rticket=1753758101000'
2025-07-28 20:01:41,951 - ERROR - Error parsing JSON response: 444, message='Attempt to decode JSON with unexpected mimetype: text/html', url='https://api.amemv.com/aweme/v1/aweme/post/?device_platform=android&aid=2955&channel=carplay_xiaoai_2955&sec_user_id=MS4wLjABAAAAEZTdb_ch9hn5zvTClJ8QRwwFHOIK7uSZsMtk2WU1kUAGs5e7FETZv8pHcNUG7_RP&count=10&ts=1753758101&app_type=lite&os_api=25&device_type=PCRT00&ssmix=a&manifest_version_code=9901504&dpi=240&version_code=9901504&app_name=aweme&version_name=9.9.15&device_id=5827988420182290&is_autoplay=true&resolution=720*1208&os_version=7.1.2&language=zh&device_brand=OPPO&ac=wifi&update_version_code=9901504&minor_status=0&_rticket=1753758101000'
2025-07-28 20:01:42,182 - INFO - HTTP Request: GET https://api.notion.com/v1/databases/23e035de0731803c9609e369fdbcc16d "HTTP/1.1 200 OK"
2025-07-28 20:01:42,272 - INFO - HTTP Request: GET https://api.notion.com/v1/databases/23e035de0731803c9609e369fdbcc16d "HTTP/1.1 200 OK"
2025-07-28 20:01:42,427 - INFO - HTTP Request: GET https://api.notion.com/v1/databases/23e035de0731803c9609e369fdbcc16d "HTTP/1.1 200 OK"
2025-07-28 20:01:42,475 - INFO - HTTP Request: GET https://api.notion.com/v1/databases/23e035de0731803c9609e369fdbcc16d "HTTP/1.1 200 OK"
2025-07-28 20:01:42,592 - INFO - HTTP Request: POST https://api.notion.com/v1/pages "HTTP/1.1 200 OK"
2025-07-28 20:01:42,624 - ERROR - Error parsing JSON response: 444, message='Attempt to decode JSON with unexpected mimetype: text/html', url='https://api.amemv.com/aweme/v1/aweme/post/?device_platform=android&aid=2955&channel=carplay_xiaoai_2955&sec_user_id=MS4wLjABAAAA7aTeMcQtWOEezBZB_4l_-PXvyRg-xFyx7O3_q-3MkNIhluauTfuxo4i7Yp690lou&count=10&ts=1753758102&app_type=lite&os_api=25&device_type=PCRT00&ssmix=a&manifest_version_code=9901504&dpi=240&version_code=9901504&app_name=aweme&version_name=9.9.15&device_id=5827988420182290&is_autoplay=true&resolution=720*1208&os_version=7.1.2&language=zh&device_brand=OPPO&ac=wifi&update_version_code=9901504&minor_status=0&_rticket=1753758102000'
2025-07-28 20:01:42,859 - INFO - HTTP Request: POST https://api.notion.com/v1/pages "HTTP/1.1 200 OK"
2025-07-28 20:01:42,894 - INFO - HTTP Request: POST https://api.notion.com/v1/pages "HTTP/1.1 200 OK"
2025-07-28 20:01:43,142 - ERROR - Error parsing JSON response: 444, message='Attempt to decode JSON with unexpected mimetype: text/html', url='https://api.amemv.com/aweme/v1/aweme/post/?device_platform=android&aid=2955&channel=carplay_xiaoai_2955&sec_user_id=MS4wLjABAAAALspbhJp_1Zf1ZwJy2hXrpTNxear8uA-9KmdCT_HQT6k&count=10&ts=1753758102&app_type=lite&os_api=25&device_type=PCRT00&ssmix=a&manifest_version_code=9901504&dpi=240&version_code=9901504&app_name=aweme&version_name=9.9.15&device_id=5827988420182290&is_autoplay=true&resolution=720*1208&os_version=7.1.2&language=zh&device_brand=OPPO&ac=wifi&update_version_code=9901504&minor_status=0&_rticket=1753758102000'
2025-07-28 20:01:43,200 - ERROR - Error parsing JSON response: 444, message='Attempt to decode JSON with unexpected mimetype: text/html', url='https://api.amemv.com/aweme/v1/aweme/post/?device_platform=android&aid=2955&channel=carplay_xiaoai_2955&sec_user_id=MS4wLjABAAAAoPFweCuoKgGJFfJl2K9z_SZMIyLHS7C9KQftgGVupIjlgPT-ro24fIba6lSRY5Km&count=10&ts=1753758102&app_type=lite&os_api=25&device_type=PCRT00&ssmix=a&manifest_version_code=9901504&dpi=240&version_code=9901504&app_name=aweme&version_name=9.9.15&device_id=5827988420182290&is_autoplay=true&resolution=720*1208&os_version=7.1.2&language=zh&device_brand=OPPO&ac=wifi&update_version_code=9901504&minor_status=0&_rticket=1753758102000'
2025-07-28 20:01:43,416 - INFO - HTTP Request: POST https://api.notion.com/v1/pages "HTTP/1.1 200 OK"
2025-07-28 20:01:43,940 - INFO - HTTP Request: GET https://api.notion.com/v1/databases/23e035de0731803c9609e369fdbcc16d "HTTP/1.1 200 OK"
2025-07-28 20:01:44,035 - INFO - HTTP Request: GET https://api.notion.com/v1/databases/23e035de0731803c9609e369fdbcc16d "HTTP/1.1 200 OK"
2025-07-28 20:01:44,401 - INFO - HTTP Request: POST https://api.notion.com/v1/pages "HTTP/1.1 200 OK"
2025-07-28 20:01:44,438 - ERROR - Error parsing JSON response: 444, message='Attempt to decode JSON with unexpected mimetype: text/html', url='https://api.amemv.com/aweme/v1/aweme/post/?device_platform=android&aid=2955&channel=carplay_xiaoai_2955&sec_user_id=MS4wLjABAAAAeYjhjHwAzXXvrluzstQEnXpnZs4Vhf8KndyAyT1hEFr9csFHwCVvn5Ej7P3H0nlC&count=10&ts=1753758104&app_type=lite&os_api=25&device_type=PCRT00&ssmix=a&manifest_version_code=9901504&dpi=240&version_code=9901504&app_name=aweme&version_name=9.9.15&device_id=5827988420182290&is_autoplay=true&resolution=720*1208&os_version=7.1.2&language=zh&device_brand=OPPO&ac=wifi&update_version_code=9901504&minor_status=0&_rticket=1753758104000'
2025-07-28 20:01:44,439 - ERROR - Error parsing JSON response: 444, message='Attempt to decode JSON with unexpected mimetype: text/html', url='https://api.amemv.com/aweme/v1/aweme/post/?device_platform=android&aid=2955&channel=carplay_xiaoai_2955&sec_user_id=MS4wLjABAAAA5VO5xKU39y9v2gMueVkzeQKoxM1X0cShPRJjoJY0IQg&count=10&ts=1753758104&app_type=lite&os_api=25&device_type=PCRT00&ssmix=a&manifest_version_code=9901504&dpi=240&version_code=9901504&app_name=aweme&version_name=9.9.15&device_id=5827988420182290&is_autoplay=true&resolution=720*1208&os_version=7.1.2&language=zh&device_brand=OPPO&ac=wifi&update_version_code=9901504&minor_status=0&_rticket=1753758104000'
2025-07-28 20:01:44,626 - INFO - HTTP Request: GET https://api.notion.com/v1/databases/23e035de0731803c9609e369fdbcc16d "HTTP/1.1 200 OK"
2025-07-28 20:01:44,798 - ERROR - Error parsing JSON response: 444, message='Attempt to decode JSON with unexpected mimetype: text/html', url='https://api.amemv.com/aweme/v1/aweme/post/?device_platform=android&aid=2955&channel=carplay_xiaoai_2955&sec_user_id=MS4wLjABAAAATgwzsgs6Rxm-d3ZXKy2qQ7XiOs4zM8EnP8Pq1BJEuAhyatNe-QPkPVfHwrp8q5yR&count=10&ts=1753758104&app_type=lite&os_api=25&device_type=PCRT00&ssmix=a&manifest_version_code=9901504&dpi=240&version_code=9901504&app_name=aweme&version_name=9.9.15&device_id=5827988420182290&is_autoplay=true&resolution=720*1208&os_version=7.1.2&language=zh&device_brand=OPPO&ac=wifi&update_version_code=9901504&minor_status=0&_rticket=1753758104000'
2025-07-28 20:01:44,802 - ERROR - Error parsing JSON response: 444, message='Attempt to decode JSON with unexpected mimetype: text/html', url='https://api.amemv.com/aweme/v1/aweme/post/?device_platform=android&aid=2955&channel=carplay_xiaoai_2955&sec_user_id=MS4wLjABAAAAyVlqn7v3jIfDZbOD6xXQ0pNKZ0vYl0E903CMilMPX4I&count=10&ts=1753758104&app_type=lite&os_api=25&device_type=PCRT00&ssmix=a&manifest_version_code=9901504&dpi=240&version_code=9901504&app_name=aweme&version_name=9.9.15&device_id=5827988420182290&is_autoplay=true&resolution=720*1208&os_version=7.1.2&language=zh&device_brand=OPPO&ac=wifi&update_version_code=9901504&minor_status=0&_rticket=1753758104000'
2025-07-28 20:01:44,804 - ERROR - Error parsing JSON response: 444, message='Attempt to decode JSON with unexpected mimetype: text/html', url='https://api.amemv.com/aweme/v1/aweme/post/?device_platform=android&aid=2955&channel=carplay_xiaoai_2955&sec_user_id=MS4wLjABAAAAtMR2NQpnWcLBY49ivR3cLf6pPzMgDHDjQL8LwVnTwO1tAr6g-8YH4-sfAQhw7c-S&count=10&ts=1753758104&app_type=lite&os_api=25&device_type=PCRT00&ssmix=a&manifest_version_code=9901504&dpi=240&version_code=9901504&app_name=aweme&version_name=9.9.15&device_id=5827988420182290&is_autoplay=true&resolution=720*1208&os_version=7.1.2&language=zh&device_brand=OPPO&ac=wifi&update_version_code=9901504&minor_status=0&_rticket=1753758104000'
2025-07-28 20:01:44,807 - ERROR - Error parsing JSON response: 444, message='Attempt to decode JSON with unexpected mimetype: text/html', url='https://api.amemv.com/aweme/v1/aweme/post/?device_platform=android&aid=2955&channel=carplay_xiaoai_2955&sec_user_id=MS4wLjABAAAAZF74VLzgSfa7rPVyrW_iZGKQAk8EsofGqDSj66P-Ox-bYl-6zRzTsbN8eYS8HMS2&count=10&ts=1753758104&app_type=lite&os_api=25&device_type=PCRT00&ssmix=a&manifest_version_code=9901504&dpi=240&version_code=9901504&app_name=aweme&version_name=9.9.15&device_id=5827988420182290&is_autoplay=true&resolution=720*1208&os_version=7.1.2&language=zh&device_brand=OPPO&ac=wifi&update_version_code=9901504&minor_status=0&_rticket=1753758104000'
2025-07-28 20:01:44,808 - ERROR - Error parsing JSON response: 444, message='Attempt to decode JSON with unexpected mimetype: text/html', url='https://api.amemv.com/aweme/v1/aweme/post/?device_platform=android&aid=2955&channel=carplay_xiaoai_2955&sec_user_id=MS4wLjABAAAAZRKk7tK3zGOGnS4HfnDH9pkdDWx9rANVvQ_UNfxc6N0&count=10&ts=1753758104&app_type=lite&os_api=25&device_type=PCRT00&ssmix=a&manifest_version_code=9901504&dpi=240&version_code=9901504&app_name=aweme&version_name=9.9.15&device_id=5827988420182290&is_autoplay=true&resolution=720*1208&os_version=7.1.2&language=zh&device_brand=OPPO&ac=wifi&update_version_code=9901504&minor_status=0&_rticket=1753758104000'
2025-07-28 20:01:44,811 - ERROR - Error parsing JSON response: 444, message='Attempt to decode JSON with unexpected mimetype: text/html', url='https://api.amemv.com/aweme/v1/aweme/post/?device_platform=android&aid=2955&channel=carplay_xiaoai_2955&sec_user_id=MS4wLjABAAAAZF_t36B464hNkjUjjMiFbqrEcBM7Cn9RWGid4GJKAxM&count=10&ts=1753758104&app_type=lite&os_api=25&device_type=PCRT00&ssmix=a&manifest_version_code=9901504&dpi=240&version_code=9901504&app_name=aweme&version_name=9.9.15&device_id=5827988420182290&is_autoplay=true&resolution=720*1208&os_version=7.1.2&language=zh&device_brand=OPPO&ac=wifi&update_version_code=9901504&minor_status=0&_rticket=1753758104000'
2025-07-28 20:01:44,835 - INFO - HTTP Request: GET https://api.notion.com/v1/databases/23e035de0731803c9609e369fdbcc16d "HTTP/1.1 200 OK"
2025-07-28 20:01:44,843 - ERROR - Error parsing JSON response: 444, message='Attempt to decode JSON with unexpected mimetype: text/html', url='https://api.amemv.com/aweme/v1/aweme/post/?device_platform=android&aid=2955&channel=carplay_xiaoai_2955&sec_user_id=MS4wLjABAAAAYQg5HP8hRrjFFEFPU310CrRzagM38Wx0PaQ4CvNs4Es&count=10&ts=1753758104&app_type=lite&os_api=25&device_type=PCRT00&ssmix=a&manifest_version_code=9901504&dpi=240&version_code=9901504&app_name=aweme&version_name=9.9.15&device_id=5827988420182290&is_autoplay=true&resolution=720*1208&os_version=7.1.2&language=zh&device_brand=OPPO&ac=wifi&update_version_code=9901504&minor_status=0&_rticket=1753758104000'
2025-07-28 20:01:44,894 - INFO - HTTP Request: POST https://api.notion.com/v1/pages "HTTP/1.1 200 OK"
2025-07-28 20:01:45,139 - INFO - HTTP Request: POST https://api.notion.com/v1/pages "HTTP/1.1 200 OK"
2025-07-28 20:01:45,148 - INFO - HTTP Request: GET https://api.notion.com/v1/databases/23e035de0731803c9609e369fdbcc16d "HTTP/1.1 200 OK"
2025-07-28 20:01:45,304 - INFO - HTTP Request: POST https://api.notion.com/v1/pages "HTTP/1.1 200 OK"
2025-07-28 20:01:45,377 - ERROR - Error parsing JSON response: 444, message='Attempt to decode JSON with unexpected mimetype: text/html', url='https://api.amemv.com/aweme/v1/aweme/post/?device_platform=android&aid=2955&channel=carplay_xiaoai_2955&sec_user_id=MS4wLjABAAAA4MuHz053NeJfCrpMBqkEVwYhTYlo6Eqb80cIbsfWSeSAoQVwqXNrcw9OdvvdmK1S&count=10&ts=1753758105&app_type=lite&os_api=25&device_type=PCRT00&ssmix=a&manifest_version_code=9901504&dpi=240&version_code=9901504&app_name=aweme&version_name=9.9.15&device_id=5827988420182290&is_autoplay=true&resolution=720*1208&os_version=7.1.2&language=zh&device_brand=OPPO&ac=wifi&update_version_code=9901504&minor_status=0&_rticket=1753758105000'
2025-07-28 20:01:45,669 - ERROR - Error parsing JSON response: 444, message='Attempt to decode JSON with unexpected mimetype: text/html', url='https://api.amemv.com/aweme/v1/aweme/post/?device_platform=android&aid=2955&channel=carplay_xiaoai_2955&sec_user_id=MS4wLjABAAAAdTh5WF6aSIvXoplbhCYrrkucPWgKRtS9crtGke1RmOo&count=10&ts=1753758105&app_type=lite&os_api=25&device_type=PCRT00&ssmix=a&manifest_version_code=9901504&dpi=240&version_code=9901504&app_name=aweme&version_name=9.9.15&device_id=5827988420182290&is_autoplay=true&resolution=720*1208&os_version=7.1.2&language=zh&device_brand=OPPO&ac=wifi&update_version_code=9901504&minor_status=0&_rticket=1753758105000'
2025-07-28 20:01:45,848 - INFO - HTTP Request: GET https://api.notion.com/v1/databases/23e035de0731803c9609e369fdbcc16d "HTTP/1.1 200 OK"
2025-07-28 20:01:46,139 - INFO - HTTP Request: GET https://api.notion.com/v1/databases/23e035de0731803c9609e369fdbcc16d "HTTP/1.1 200 OK"
2025-07-28 20:01:46,519 - INFO - HTTP Request: GET https://api.notion.com/v1/databases/23e035de0731803c9609e369fdbcc16d "HTTP/1.1 200 OK"
2025-07-28 20:01:46,582 - INFO - HTTP Request: POST https://api.notion.com/v1/pages "HTTP/1.1 200 OK"
2025-07-28 20:01:46,604 - INFO - HTTP Request: POST https://api.notion.com/v1/pages "HTTP/1.1 200 OK"
2025-07-28 20:01:46,638 - INFO - HTTP Request: GET https://api.notion.com/v1/databases/23e035de0731803c9609e369fdbcc16d "HTTP/1.1 200 OK"
2025-07-28 20:01:46,868 - ERROR - Error parsing JSON response: 444, message='Attempt to decode JSON with unexpected mimetype: text/html', url='https://api.amemv.com/aweme/v1/aweme/post/?device_platform=android&aid=2955&channel=carplay_xiaoai_2955&sec_user_id=MS4wLjABAAAA4KhfTGg2GcuZL-UzoKMrQLGuMVkcbUAh0LGxYgwp_Sk&count=10&ts=1753758106&app_type=lite&os_api=25&device_type=PCRT00&ssmix=a&manifest_version_code=9901504&dpi=240&version_code=9901504&app_name=aweme&version_name=9.9.15&device_id=5827988420182290&is_autoplay=true&resolution=720*1208&os_version=7.1.2&language=zh&device_brand=OPPO&ac=wifi&update_version_code=9901504&minor_status=0&_rticket=1753758106000'
2025-07-28 20:01:47,000 - INFO - HTTP Request: POST https://api.notion.com/v1/pages "HTTP/1.1 200 OK"
2025-07-28 20:01:47,061 - INFO - HTTP Request: POST https://api.notion.com/v1/pages "HTTP/1.1 200 OK"
2025-07-28 20:01:47,149 - ERROR - Error parsing JSON response: 444, message='Attempt to decode JSON with unexpected mimetype: text/html', url='https://api.amemv.com/aweme/v1/aweme/post/?device_platform=android&aid=2955&channel=carplay_xiaoai_2955&sec_user_id=MS4wLjABAAAAdS2Dhnuhq0sED5r0_M0EXKHJ5n2KdsRkXBzdOgEyuZ9QxnobxpQIeHCDetvccuNl&count=10&ts=1753758106&app_type=lite&os_api=25&device_type=PCRT00&ssmix=a&manifest_version_code=9901504&dpi=240&version_code=9901504&app_name=aweme&version_name=9.9.15&device_id=5827988420182290&is_autoplay=true&resolution=720*1208&os_version=7.1.2&language=zh&device_brand=OPPO&ac=wifi&update_version_code=9901504&minor_status=0&_rticket=1753758106000'
2025-07-28 20:01:47,841 - INFO - HTTP Request: POST https://api.notion.com/v1/pages "HTTP/1.1 200 OK"
2025-07-28 20:01:47,851 - ERROR - Error parsing JSON response: 444, message='Attempt to decode JSON with unexpected mimetype: text/html', url='https://api.amemv.com/aweme/v1/aweme/post/?device_platform=android&aid=2955&channel=carplay_xiaoai_2955&sec_user_id=MS4wLjABAAAA2Wu4TpjbvOTZAm-s6FoxWxNf8hUik_gjfDrYVI0JMb22hRb7nvbOaPFGhLxW0gBa&count=10&ts=1753758107&app_type=lite&os_api=25&device_type=PCRT00&ssmix=a&manifest_version_code=9901504&dpi=240&version_code=9901504&app_name=aweme&version_name=9.9.15&device_id=5827988420182290&is_autoplay=true&resolution=720*1208&os_version=7.1.2&language=zh&device_brand=OPPO&ac=wifi&update_version_code=9901504&minor_status=0&_rticket=1753758107000'
2025-07-28 20:01:48,089 - INFO - HTTP Request: GET https://api.notion.com/v1/databases/23e035de0731803c9609e369fdbcc16d "HTTP/1.1 200 OK"
2025-07-28 20:01:48,144 - INFO - HTTP Request: GET https://api.notion.com/v1/databases/23e035de0731803c9609e369fdbcc16d "HTTP/1.1 200 OK"
2025-07-28 20:01:48,165 - ERROR - Error parsing JSON response: 444, message='Attempt to decode JSON with unexpected mimetype: text/html', url='https://api.amemv.com/aweme/v1/aweme/post/?device_platform=android&aid=2955&channel=carplay_xiaoai_2955&sec_user_id=MS4wLjABAAAADHBjvMEAguh6bZi8KKGTOTiUEvPSYsSWJJRLOdfs2g61Do-k9z6XoNWSPnvPkzu-&count=10&ts=1753758107&app_type=lite&os_api=25&device_type=PCRT00&ssmix=a&manifest_version_code=9901504&dpi=240&version_code=9901504&app_name=aweme&version_name=9.9.15&device_id=5827988420182290&is_autoplay=true&resolution=720*1208&os_version=7.1.2&language=zh&device_brand=OPPO&ac=wifi&update_version_code=9901504&minor_status=0&_rticket=1753758107000'
2025-07-28 20:01:48,224 - INFO - HTTP Request: GET https://api.notion.com/v1/databases/23e035de0731803c9609e369fdbcc16d "HTTP/1.1 200 OK"
2025-07-28 20:01:48,552 - INFO - HTTP Request: POST https://api.notion.com/v1/pages "HTTP/1.1 200 OK"
2025-07-28 20:01:48,803 - INFO - HTTP Request: GET https://api.notion.com/v1/databases/23e035de0731803c9609e369fdbcc16d "HTTP/1.1 200 OK"
2025-07-28 20:01:49,316 - INFO - HTTP Request: POST https://api.notion.com/v1/pages "HTTP/1.1 200 OK"
2025-07-28 20:01:49,397 - ERROR - Error parsing JSON response: 444, message='Attempt to decode JSON with unexpected mimetype: text/html', url='https://api.amemv.com/aweme/v1/aweme/post/?device_platform=android&aid=2955&channel=carplay_xiaoai_2955&sec_user_id=MS4wLjABAAAARAA3sT5F4647X4xSaP6-05ImJA_rDfGIDDpMF28z1Zw&count=10&ts=1753758109&app_type=lite&os_api=25&device_type=PCRT00&ssmix=a&manifest_version_code=9901504&dpi=240&version_code=9901504&app_name=aweme&version_name=9.9.15&device_id=5827988420182290&is_autoplay=true&resolution=720*1208&os_version=7.1.2&language=zh&device_brand=OPPO&ac=wifi&update_version_code=9901504&minor_status=0&_rticket=1753758109000'
2025-07-28 20:01:49,400 - ERROR - Error parsing JSON response: 444, message='Attempt to decode JSON with unexpected mimetype: text/html', url='https://api.amemv.com/aweme/v1/aweme/post/?device_platform=android&aid=2955&channel=carplay_xiaoai_2955&sec_user_id=MS4wLjABAAAA2nCdyVFmLYNfeLneaG1mDoOq7aREXsFDhBldCMt-eoNPyYSYplbQWx-LX9y_CgCJ&count=10&ts=1753758109&app_type=lite&os_api=25&device_type=PCRT00&ssmix=a&manifest_version_code=9901504&dpi=240&version_code=9901504&app_name=aweme&version_name=9.9.15&device_id=5827988420182290&is_autoplay=true&resolution=720*1208&os_version=7.1.2&language=zh&device_brand=OPPO&ac=wifi&update_version_code=9901504&minor_status=0&_rticket=1753758109000'
2025-07-28 20:01:49,406 - ERROR - Error parsing JSON response: 444, message='Attempt to decode JSON with unexpected mimetype: text/html', url='https://api.amemv.com/aweme/v1/aweme/post/?device_platform=android&aid=2955&channel=carplay_xiaoai_2955&sec_user_id=MS4wLjABAAAAXxxbZHRGh0KLdWq-wblUbD3Dzi3tP7dYlY5MARZ-uu5ZCS5laVWHfbOplEw_Yk4z&count=10&ts=1753758109&app_type=lite&os_api=25&device_type=PCRT00&ssmix=a&manifest_version_code=9901504&dpi=240&version_code=9901504&app_name=aweme&version_name=9.9.15&device_id=5827988420182290&is_autoplay=true&resolution=720*1208&os_version=7.1.2&language=zh&device_brand=OPPO&ac=wifi&update_version_code=9901504&minor_status=0&_rticket=1753758109000'
2025-07-28 20:01:49,413 - ERROR - Error parsing JSON response: 444, message='Attempt to decode JSON with unexpected mimetype: text/html', url='https://api.amemv.com/aweme/v1/aweme/post/?device_platform=android&aid=2955&channel=carplay_xiaoai_2955&sec_user_id=MS4wLjABAAAAJDqZ40zZ078qx3fHjOpP0VeXKRTPAhBk8VCa1VM39NfTHganXRl5EFFYYog5cPZB&count=10&ts=1753758109&app_type=lite&os_api=25&device_type=PCRT00&ssmix=a&manifest_version_code=9901504&dpi=240&version_code=9901504&app_name=aweme&version_name=9.9.15&device_id=5827988420182290&is_autoplay=true&resolution=720*1208&os_version=7.1.2&language=zh&device_brand=OPPO&ac=wifi&update_version_code=9901504&minor_status=0&_rticket=1753758109000'
2025-07-28 20:01:49,416 - ERROR - Error parsing JSON response: 444, message='Attempt to decode JSON with unexpected mimetype: text/html', url='https://api.amemv.com/aweme/v1/aweme/post/?device_platform=android&aid=2955&channel=carplay_xiaoai_2955&sec_user_id=MS4wLjABAAAAyq2_7O7RW_0KNgsr3WMrXCH2gqhY_QAd9Oezb6zGfVk&count=10&ts=1753758109&app_type=lite&os_api=25&device_type=PCRT00&ssmix=a&manifest_version_code=9901504&dpi=240&version_code=9901504&app_name=aweme&version_name=9.9.15&device_id=5827988420182290&is_autoplay=true&resolution=720*1208&os_version=7.1.2&language=zh&device_brand=OPPO&ac=wifi&update_version_code=9901504&minor_status=0&_rticket=1753758109000'
2025-07-28 20:01:49,419 - ERROR - Error parsing JSON response: 444, message='Attempt to decode JSON with unexpected mimetype: text/html', url='https://api.amemv.com/aweme/v1/aweme/post/?device_platform=android&aid=2955&channel=carplay_xiaoai_2955&sec_user_id=MS4wLjABAAAALCcsDotQhAW-nhlgds2RuHmmq0VqqDiSL1uA5rw_Qyu-ItnpAYG-yPQxtnuDTa0x&count=10&ts=1753758109&app_type=lite&os_api=25&device_type=PCRT00&ssmix=a&manifest_version_code=9901504&dpi=240&version_code=9901504&app_name=aweme&version_name=9.9.15&device_id=5827988420182290&is_autoplay=true&resolution=720*1208&os_version=7.1.2&language=zh&device_brand=OPPO&ac=wifi&update_version_code=9901504&minor_status=0&_rticket=1753758109000'
2025-07-28 20:01:49,522 - INFO - HTTP Request: POST https://api.notion.com/v1/pages "HTTP/1.1 200 OK"
2025-07-28 20:01:50,001 - INFO - HTTP Request: POST https://api.notion.com/v1/pages "HTTP/1.1 200 OK"
2025-07-28 20:01:50,081 - INFO - HTTP Request: GET https://api.notion.com/v1/databases/23e035de0731803c9609e369fdbcc16d "HTTP/1.1 200 OK"
2025-07-28 20:01:50,324 - INFO - HTTP Request: GET https://api.notion.com/v1/databases/23e035de0731803c9609e369fdbcc16d "HTTP/1.1 200 OK"
2025-07-28 20:01:50,613 - ERROR - Error parsing JSON response: 444, message='Attempt to decode JSON with unexpected mimetype: text/html', url='https://api.amemv.com/aweme/v1/aweme/post/?device_platform=android&aid=2955&channel=carplay_xiaoai_2955&sec_user_id=MS4wLjABAAAA2iXK3Iw5F7GD8VIQELfWjEJL5gaEqLWRINVpGQ8eqdJgXYM8f9gDf2TZIv3tKB9C&count=10&ts=1753758110&app_type=lite&os_api=25&device_type=PCRT00&ssmix=a&manifest_version_code=9901504&dpi=240&version_code=9901504&app_name=aweme&version_name=9.9.15&device_id=5827988420182290&is_autoplay=true&resolution=720*1208&os_version=7.1.2&language=zh&device_brand=OPPO&ac=wifi&update_version_code=9901504&minor_status=0&_rticket=1753758110000'
2025-07-28 20:01:50,787 - INFO - HTTP Request: POST https://api.notion.com/v1/pages "HTTP/1.1 200 OK"
2025-07-28 20:01:50,793 - INFO - HTTP Request: GET https://api.notion.com/v1/databases/23e035de0731803c9609e369fdbcc16d "HTTP/1.1 200 OK"
2025-07-28 20:01:50,907 - INFO - HTTP Request: GET https://api.notion.com/v1/databases/23e035de0731803c9609e369fdbcc16d "HTTP/1.1 200 OK"
2025-07-28 20:01:50,999 - INFO - HTTP Request: POST https://api.notion.com/v1/pages "HTTP/1.1 200 OK"
2025-07-28 20:01:51,278 - INFO - HTTP Request: POST https://api.notion.com/v1/pages "HTTP/1.1 200 OK"
2025-07-28 20:01:51,302 - ERROR - Error parsing JSON response: 444, message='Attempt to decode JSON with unexpected mimetype: text/html', url='https://api.amemv.com/aweme/v1/aweme/post/?device_platform=android&aid=2955&channel=carplay_xiaoai_2955&sec_user_id=MS4wLjABAAAAcwgCBTlFzHJddGP_aTNi580VP1DuSw9BiebXR2huvM3W11Ae4NMIVqQ6cAVtDn7c&count=10&ts=1753758111&app_type=lite&os_api=25&device_type=PCRT00&ssmix=a&manifest_version_code=9901504&dpi=240&version_code=9901504&app_name=aweme&version_name=9.9.15&device_id=5827988420182290&is_autoplay=true&resolution=720*1208&os_version=7.1.2&language=zh&device_brand=OPPO&ac=wifi&update_version_code=9901504&minor_status=0&_rticket=1753758111000'
2025-07-28 20:01:51,344 - INFO - HTTP Request: POST https://api.notion.com/v1/pages "HTTP/1.1 200 OK"
2025-07-28 20:01:51,517 - INFO - HTTP Request: GET https://api.notion.com/v1/databases/23e035de0731803c9609e369fdbcc16d "HTTP/1.1 200 OK"
2025-07-28 20:01:51,994 - INFO - HTTP Request: POST https://api.notion.com/v1/pages "HTTP/1.1 200 OK"
2025-07-28 20:01:52,073 - ERROR - Error parsing JSON response: 444, message='Attempt to decode JSON with unexpected mimetype: text/html', url='https://api.amemv.com/aweme/v1/aweme/post/?device_platform=android&aid=2955&channel=carplay_xiaoai_2955&sec_user_id=MS4wLjABAAAAxKq_dqN2RW8emJzNJFqxpOxKoOQsSWxM3PoEZ208oeE&count=10&ts=1753758111&app_type=lite&os_api=25&device_type=PCRT00&ssmix=a&manifest_version_code=9901504&dpi=240&version_code=9901504&app_name=aweme&version_name=9.9.15&device_id=5827988420182290&is_autoplay=true&resolution=720*1208&os_version=7.1.2&language=zh&device_brand=OPPO&ac=wifi&update_version_code=9901504&minor_status=0&_rticket=1753758111000'
2025-07-28 20:01:52,075 - ERROR - Error parsing JSON response: 444, message='Attempt to decode JSON with unexpected mimetype: text/html', url='https://api.amemv.com/aweme/v1/aweme/post/?device_platform=android&aid=2955&channel=carplay_xiaoai_2955&sec_user_id=MS4wLjABAAAAxDJT8TLetAJZTMIvPVM9AkrMJRQ7fHyPP99xusRDd4NhY0VUIno9mAA6_MKPEMzw&count=10&ts=1753758111&app_type=lite&os_api=25&device_type=PCRT00&ssmix=a&manifest_version_code=9901504&dpi=240&version_code=9901504&app_name=aweme&version_name=9.9.15&device_id=5827988420182290&is_autoplay=true&resolution=720*1208&os_version=7.1.2&language=zh&device_brand=OPPO&ac=wifi&update_version_code=9901504&minor_status=0&_rticket=1753758111000'
2025-07-28 20:01:52,078 - ERROR - Error parsing JSON response: 444, message='Attempt to decode JSON with unexpected mimetype: text/html', url='https://api.amemv.com/aweme/v1/aweme/post/?device_platform=android&aid=2955&channel=carplay_xiaoai_2955&sec_user_id=MS4wLjABAAAAwsUnL_btVC3YLT3dd_pqW0bIn-tIvp4Ca7Ob3Xj836k&count=10&ts=1753758111&app_type=lite&os_api=25&device_type=PCRT00&ssmix=a&manifest_version_code=9901504&dpi=240&version_code=9901504&app_name=aweme&version_name=9.9.15&device_id=5827988420182290&is_autoplay=true&resolution=720*1208&os_version=7.1.2&language=zh&device_brand=OPPO&ac=wifi&update_version_code=9901504&minor_status=0&_rticket=1753758111000'
2025-07-28 20:01:52,083 - ERROR - Error parsing JSON response: 444, message='Attempt to decode JSON with unexpected mimetype: text/html', url='https://api.amemv.com/aweme/v1/aweme/post/?device_platform=android&aid=2955&channel=carplay_xiaoai_2955&sec_user_id=MS4wLjABAAAAqeBdPsr99p8BsNhwBI2dmvzn32bc-0A90kOMgh0QLpoGM3tVa5d4iZ0K-NJ-s67T&count=10&ts=1753758111&app_type=lite&os_api=25&device_type=PCRT00&ssmix=a&manifest_version_code=9901504&dpi=240&version_code=9901504&app_name=aweme&version_name=9.9.15&device_id=5827988420182290&is_autoplay=true&resolution=720*1208&os_version=7.1.2&language=zh&device_brand=OPPO&ac=wifi&update_version_code=9901504&minor_status=0&_rticket=1753758111000'
2025-07-28 20:01:52,128 - ERROR - Error parsing JSON response: 444, message='Attempt to decode JSON with unexpected mimetype: text/html', url='https://api.amemv.com/aweme/v1/aweme/post/?device_platform=android&aid=2955&channel=carplay_xiaoai_2955&sec_user_id=MS4wLjABAAAA1f0KmWiPEjwKNQBhZ_NxaTuxn7iFbmow7Jo_FT5my8M&count=10&ts=1753758111&app_type=lite&os_api=25&device_type=PCRT00&ssmix=a&manifest_version_code=9901504&dpi=240&version_code=9901504&app_name=aweme&version_name=9.9.15&device_id=5827988420182290&is_autoplay=true&resolution=720*1208&os_version=7.1.2&language=zh&device_brand=OPPO&ac=wifi&update_version_code=9901504&minor_status=0&_rticket=1753758111000'
2025-07-28 20:01:52,404 - INFO - HTTP Request: GET https://api.notion.com/v1/databases/23e035de0731803c9609e369fdbcc16d "HTTP/1.1 200 OK"
2025-07-28 20:01:52,422 - INFO - HTTP Request: GET https://api.notion.com/v1/databases/23e035de0731803c9609e369fdbcc16d "HTTP/1.1 200 OK"
2025-07-28 20:01:52,603 - ERROR - Error parsing JSON response: 444, message='Attempt to decode JSON with unexpected mimetype: text/html', url='https://api.amemv.com/aweme/v1/aweme/post/?device_platform=android&aid=2955&channel=carplay_xiaoai_2955&sec_user_id=MS4wLjABAAAAJ7D3jnulMh34WTF1lDbdqsSbN0dXH4GTUpP30hbMOZeLHp-skUqtHM6rB6DjWPS5&count=10&ts=1753758112&app_type=lite&os_api=25&device_type=PCRT00&ssmix=a&manifest_version_code=9901504&dpi=240&version_code=9901504&app_name=aweme&version_name=9.9.15&device_id=5827988420182290&is_autoplay=true&resolution=720*1208&os_version=7.1.2&language=zh&device_brand=OPPO&ac=wifi&update_version_code=9901504&minor_status=0&_rticket=1753758112000'
2025-07-28 20:01:52,607 - ERROR - Error parsing JSON response: 444, message='Attempt to decode JSON with unexpected mimetype: text/html', url='https://api.amemv.com/aweme/v1/aweme/post/?device_platform=android&aid=2955&channel=carplay_xiaoai_2955&sec_user_id=MS4wLjABAAAACnPiXPG_toBmjiPo3iwxb9aSOwwjKYNQmka-tPCMVUdYGEpqqEoihUGW35QnT7OO&count=10&ts=1753758112&app_type=lite&os_api=25&device_type=PCRT00&ssmix=a&manifest_version_code=9901504&dpi=240&version_code=9901504&app_name=aweme&version_name=9.9.15&device_id=5827988420182290&is_autoplay=true&resolution=720*1208&os_version=7.1.2&language=zh&device_brand=OPPO&ac=wifi&update_version_code=9901504&minor_status=0&_rticket=1753758112000'
2025-07-28 20:01:52,626 - ERROR - Error parsing JSON response: 444, message='Attempt to decode JSON with unexpected mimetype: text/html', url='https://api.amemv.com/aweme/v1/aweme/post/?device_platform=android&aid=2955&channel=carplay_xiaoai_2955&sec_user_id=MS4wLjABAAAAoZE3xJmJ1bTZFMEUhoRWvLnN6tlr467eYQoe8yfEn9yhEwwu6ynwZEKLOhmAyEzJ&count=10&ts=1753758112&app_type=lite&os_api=25&device_type=PCRT00&ssmix=a&manifest_version_code=9901504&dpi=240&version_code=9901504&app_name=aweme&version_name=9.9.15&device_id=5827988420182290&is_autoplay=true&resolution=720*1208&os_version=7.1.2&language=zh&device_brand=OPPO&ac=wifi&update_version_code=9901504&minor_status=0&_rticket=1753758112000'
2025-07-28 20:01:52,628 - ERROR - Error parsing JSON response: 444, message='Attempt to decode JSON with unexpected mimetype: text/html', url='https://api.amemv.com/aweme/v1/aweme/post/?device_platform=android&aid=2955&channel=carplay_xiaoai_2955&sec_user_id=MS4wLjABAAAAwDbCwnxisfMw7Hi8b_2SoKu1NURFyzfcJA3TqeIJ5OlMPAUSackNAslPjBsmm7W_&count=10&ts=1753758112&app_type=lite&os_api=25&device_type=PCRT00&ssmix=a&manifest_version_code=9901504&dpi=240&version_code=9901504&app_name=aweme&version_name=9.9.15&device_id=5827988420182290&is_autoplay=true&resolution=720*1208&os_version=7.1.2&language=zh&device_brand=OPPO&ac=wifi&update_version_code=9901504&minor_status=0&_rticket=1753758112000'
2025-07-28 20:01:52,634 - INFO - HTTP Request: GET https://api.notion.com/v1/databases/23e035de0731803c9609e369fdbcc16d "HTTP/1.1 200 OK"
2025-07-28 20:01:52,873 - INFO - HTTP Request: POST https://api.notion.com/v1/pages "HTTP/1.1 200 OK"
2025-07-28 20:01:52,908 - INFO - HTTP Request: GET https://api.notion.com/v1/databases/23e035de0731803c9609e369fdbcc16d "HTTP/1.1 200 OK"
2025-07-28 20:01:52,977 - INFO - HTTP Request: POST https://api.notion.com/v1/pages "HTTP/1.1 200 OK"
2025-07-28 20:01:52,995 - INFO - HTTP Request: GET https://api.notion.com/v1/databases/23e035de0731803c9609e369fdbcc16d "HTTP/1.1 200 OK"
2025-07-28 20:01:53,354 - INFO - HTTP Request: POST https://api.notion.com/v1/pages "HTTP/1.1 200 OK"
2025-07-28 20:01:53,461 - ERROR - Error parsing JSON response: 444, message='Attempt to decode JSON with unexpected mimetype: text/html', url='https://api.amemv.com/aweme/v1/aweme/post/?device_platform=android&aid=2955&channel=carplay_xiaoai_2955&sec_user_id=MS4wLjABAAAA1dHamu8WOopdVUBNFqbFTBdIIm22k2rond04aHvQEYFim0uC9buFZBKP1K3ToyuI&count=10&ts=1753758113&app_type=lite&os_api=25&device_type=PCRT00&ssmix=a&manifest_version_code=9901504&dpi=240&version_code=9901504&app_name=aweme&version_name=9.9.15&device_id=5827988420182290&is_autoplay=true&resolution=720*1208&os_version=7.1.2&language=zh&device_brand=OPPO&ac=wifi&update_version_code=9901504&minor_status=0&_rticket=1753758113000'
2025-07-28 20:01:53,571 - INFO - HTTP Request: POST https://api.notion.com/v1/pages "HTTP/1.1 200 OK"
2025-07-28 20:01:53,678 - INFO - HTTP Request: POST https://api.notion.com/v1/pages "HTTP/1.1 200 OK"
2025-07-28 20:01:53,967 - INFO - HTTP Request: GET https://api.notion.com/v1/databases/23e035de0731803c9609e369fdbcc16d "HTTP/1.1 200 OK"
2025-07-28 20:01:54,091 - INFO - HTTP Request: GET https://api.notion.com/v1/databases/23e035de0731803c9609e369fdbcc16d "HTTP/1.1 200 OK"
2025-07-28 20:01:54,427 - INFO - HTTP Request: POST https://api.notion.com/v1/pages "HTTP/1.1 200 OK"
2025-07-28 20:01:54,557 - INFO - HTTP Request: GET https://api.notion.com/v1/databases/23e035de0731803c9609e369fdbcc16d "HTTP/1.1 200 OK"
2025-07-28 20:01:54,708 - INFO - HTTP Request: GET https://api.notion.com/v1/databases/23e035de0731803c9609e369fdbcc16d "HTTP/1.1 200 OK"
2025-07-28 20:01:54,774 - INFO - HTTP Request: GET https://api.notion.com/v1/databases/23e035de0731803c9609e369fdbcc16d "HTTP/1.1 200 OK"
2025-07-28 20:01:54,781 - ERROR - Error parsing JSON response: 444, message='Attempt to decode JSON with unexpected mimetype: text/html', url='https://api.amemv.com/aweme/v1/aweme/post/?device_platform=android&aid=2955&channel=carplay_xiaoai_2955&sec_user_id=MS4wLjABAAAAC0j6CPvwiYo2b9AJkn3tMv4OPqlw2vYuwEEGZc0lhoYmds7Z1tAoBUuImhS5AfgX&count=10&ts=1753758114&app_type=lite&os_api=25&device_type=PCRT00&ssmix=a&manifest_version_code=9901504&dpi=240&version_code=9901504&app_name=aweme&version_name=9.9.15&device_id=5827988420182290&is_autoplay=true&resolution=720*1208&os_version=7.1.2&language=zh&device_brand=OPPO&ac=wifi&update_version_code=9901504&minor_status=0&_rticket=1753758114000'
2025-07-28 20:01:54,873 - ERROR - Error parsing JSON response: 444, message='Attempt to decode JSON with unexpected mimetype: text/html', url='https://api.amemv.com/aweme/v1/aweme/post/?device_platform=android&aid=2955&channel=carplay_xiaoai_2955&sec_user_id=MS4wLjABAAAAS8pO2Kvu5uuF7E-DPgqkiR31bDVa0TBlsM_LjjL_VDbbZ3JDDEBZ8QMnOsxh0Jdd&count=10&ts=1753758114&app_type=lite&os_api=25&device_type=PCRT00&ssmix=a&manifest_version_code=9901504&dpi=240&version_code=9901504&app_name=aweme&version_name=9.9.15&device_id=5827988420182290&is_autoplay=true&resolution=720*1208&os_version=7.1.2&language=zh&device_brand=OPPO&ac=wifi&update_version_code=9901504&minor_status=0&_rticket=1753758114000'
2025-07-28 20:01:54,874 - ERROR - Error parsing JSON response: 444, message='Attempt to decode JSON with unexpected mimetype: text/html', url='https://api.amemv.com/aweme/v1/aweme/post/?device_platform=android&aid=2955&channel=carplay_xiaoai_2955&sec_user_id=MS4wLjABAAAAguGPS61bi_za9hIt9X_mjrLgBDArH4LQguxoMORsCi4dh2Qnd5gq1yFqu5NvZew5&count=10&ts=1753758114&app_type=lite&os_api=25&device_type=PCRT00&ssmix=a&manifest_version_code=9901504&dpi=240&version_code=9901504&app_name=aweme&version_name=9.9.15&device_id=5827988420182290&is_autoplay=true&resolution=720*1208&os_version=7.1.2&language=zh&device_brand=OPPO&ac=wifi&update_version_code=9901504&minor_status=0&_rticket=1753758114000'
2025-07-28 20:01:55,059 - INFO - HTTP Request: POST https://api.notion.com/v1/pages "HTTP/1.1 200 OK"
2025-07-28 20:01:55,148 - INFO - HTTP Request: POST https://api.notion.com/v1/pages "HTTP/1.1 200 OK"
2025-07-28 20:01:55,422 - INFO - HTTP Request: GET https://api.notion.com/v1/databases/23e035de0731803c9609e369fdbcc16d "HTTP/1.1 200 OK"
2025-07-28 20:01:55,599 - INFO - HTTP Request: POST https://api.notion.com/v1/pages "HTTP/1.1 409 Conflict"
2025-07-28 20:01:55,629 - ERROR - Error parsing JSON response: 444, message='Attempt to decode JSON with unexpected mimetype: text/html', url='https://api.amemv.com/aweme/v1/aweme/post/?device_platform=android&aid=2955&channel=carplay_xiaoai_2955&sec_user_id=MS4wLjABAAAABPIzLh0sLqoB-IkCV5eKmTqx281zLBapUCdS56bvpRSNQbVu_MKp4sMwljK1NhqI&count=10&ts=1753758115&app_type=lite&os_api=25&device_type=PCRT00&ssmix=a&manifest_version_code=9901504&dpi=240&version_code=9901504&app_name=aweme&version_name=9.9.15&device_id=5827988420182290&is_autoplay=true&resolution=720*1208&os_version=7.1.2&language=zh&device_brand=OPPO&ac=wifi&update_version_code=9901504&minor_status=0&_rticket=1753758115000'
2025-07-28 20:01:56,166 - INFO - HTTP Request: GET https://api.notion.com/v1/databases/23e035de0731803c9609e369fdbcc16d "HTTP/1.1 200 OK"
2025-07-28 20:01:56,239 - INFO - HTTP Request: POST https://api.notion.com/v1/pages "HTTP/1.1 200 OK"
2025-07-28 20:01:56,253 - ERROR - Error parsing JSON response: 444, message='Attempt to decode JSON with unexpected mimetype: text/html', url='https://api.amemv.com/aweme/v1/aweme/post/?device_platform=android&aid=2955&channel=carplay_xiaoai_2955&sec_user_id=MS4wLjABAAAAB9oNhA8b3GINFI-49NH0itpJLnMDGsESZE7dn0P6SoH1T5fh7abr5EfsxUgy1v2P&count=10&ts=1753758115&app_type=lite&os_api=25&device_type=PCRT00&ssmix=a&manifest_version_code=9901504&dpi=240&version_code=9901504&app_name=aweme&version_name=9.9.15&device_id=5827988420182290&is_autoplay=true&resolution=720*1208&os_version=7.1.2&language=zh&device_brand=OPPO&ac=wifi&update_version_code=9901504&minor_status=0&_rticket=1753758115000'
2025-07-28 20:01:56,270 - ERROR - Error parsing JSON response: 444, message='Attempt to decode JSON with unexpected mimetype: text/html', url='https://api.amemv.com/aweme/v1/aweme/post/?device_platform=android&aid=2955&channel=carplay_xiaoai_2955&sec_user_id=MS4wLjABAAAAvGiOG-mC4ikoDYfySCf1R4vTleUgbq29u1nkfJLKUk7N-wKLcuBltYoS9t7xnR-f&count=10&ts=1753758115&app_type=lite&os_api=25&device_type=PCRT00&ssmix=a&manifest_version_code=9901504&dpi=240&version_code=9901504&app_name=aweme&version_name=9.9.15&device_id=5827988420182290&is_autoplay=true&resolution=720*1208&os_version=7.1.2&language=zh&device_brand=OPPO&ac=wifi&update_version_code=9901504&minor_status=0&_rticket=1753758115000'
2025-07-28 20:01:56,276 - INFO - HTTP Request: GET https://api.notion.com/v1/databases/23e035de0731803c9609e369fdbcc16d "HTTP/1.1 200 OK"
2025-07-28 20:01:56,284 - ERROR - Error parsing JSON response: 444, message='Attempt to decode JSON with unexpected mimetype: text/html', url='https://api.amemv.com/aweme/v1/aweme/post/?device_platform=android&aid=2955&channel=carplay_xiaoai_2955&sec_user_id=MS4wLjABAAAAGk2L3WwagnIXrQUS7vA1UCIphMyC0NioOkmyR76StNJD0VJBBgUXBtSn102Mb4cc&count=10&ts=1753758115&app_type=lite&os_api=25&device_type=PCRT00&ssmix=a&manifest_version_code=9901504&dpi=240&version_code=9901504&app_name=aweme&version_name=9.9.15&device_id=5827988420182290&is_autoplay=true&resolution=720*1208&os_version=7.1.2&language=zh&device_brand=OPPO&ac=wifi&update_version_code=9901504&minor_status=0&_rticket=1753758115000'
2025-07-28 20:01:56,383 - ERROR - Error parsing JSON response: 444, message='Attempt to decode JSON with unexpected mimetype: text/html', url='https://api.amemv.com/aweme/v1/aweme/post/?device_platform=android&aid=2955&channel=carplay_xiaoai_2955&sec_user_id=MS4wLjABAAAAOu2CUhD6dFeIzDCK4dbGjeTekFKKHhZ5MzAVE4-fLF--1T72eFxGC4h3o0P3gANJ&count=10&ts=1753758115&app_type=lite&os_api=25&device_type=PCRT00&ssmix=a&manifest_version_code=9901504&dpi=240&version_code=9901504&app_name=aweme&version_name=9.9.15&device_id=5827988420182290&is_autoplay=true&resolution=720*1208&os_version=7.1.2&language=zh&device_brand=OPPO&ac=wifi&update_version_code=9901504&minor_status=0&_rticket=1753758115000'
2025-07-28 20:01:56,450 - ERROR - Error parsing JSON response: 444, message='Attempt to decode JSON with unexpected mimetype: text/html', url='https://api.amemv.com/aweme/v1/aweme/post/?device_platform=android&aid=2955&channel=carplay_xiaoai_2955&sec_user_id=MS4wLjABAAAAukTO96aRotyXBUa8HK7EslO4TDecuYAKaD2p06iXXvqgm0h6MsiFycmZRIC5ADTd&count=10&ts=1753758115&app_type=lite&os_api=25&device_type=PCRT00&ssmix=a&manifest_version_code=9901504&dpi=240&version_code=9901504&app_name=aweme&version_name=9.9.15&device_id=5827988420182290&is_autoplay=true&resolution=720*1208&os_version=7.1.2&language=zh&device_brand=OPPO&ac=wifi&update_version_code=9901504&minor_status=0&_rticket=1753758115000'
2025-07-28 20:01:56,480 - ERROR - Error parsing JSON response: 444, message='Attempt to decode JSON with unexpected mimetype: text/html', url='https://api.amemv.com/aweme/v1/aweme/post/?device_platform=android&aid=2955&channel=carplay_xiaoai_2955&sec_user_id=MS4wLjABAAAA0m-MEPGJBSY-jJgHH2wKsYPAl80H3VMFWVRZQPPHHbSH5e7aQI_35iGO1wsABES-&count=10&ts=1753758115&app_type=lite&os_api=25&device_type=PCRT00&ssmix=a&manifest_version_code=9901504&dpi=240&version_code=9901504&app_name=aweme&version_name=9.9.15&device_id=5827988420182290&is_autoplay=true&resolution=720*1208&os_version=7.1.2&language=zh&device_brand=OPPO&ac=wifi&update_version_code=9901504&minor_status=0&_rticket=1753758115000'
2025-07-28 20:01:56,494 - ERROR - Error parsing JSON response: 444, message='Attempt to decode JSON with unexpected mimetype: text/html', url='https://api.amemv.com/aweme/v1/aweme/post/?device_platform=android&aid=2955&channel=carplay_xiaoai_2955&sec_user_id=MS4wLjABAAAAFovtSOQ3YoACQsVBwUzGbSW9xun6lxrdKc5valNYLd5TVp9_ATmbUW2_hUVixtv5&count=10&ts=1753758115&app_type=lite&os_api=25&device_type=PCRT00&ssmix=a&manifest_version_code=9901504&dpi=240&version_code=9901504&app_name=aweme&version_name=9.9.15&device_id=5827988420182290&is_autoplay=true&resolution=720*1208&os_version=7.1.2&language=zh&device_brand=OPPO&ac=wifi&update_version_code=9901504&minor_status=0&_rticket=1753758115000'
2025-07-28 20:01:56,581 - INFO - HTTP Request: GET https://api.notion.com/v1/databases/23e035de0731803c9609e369fdbcc16d "HTTP/1.1 200 OK"
2025-07-28 20:01:56,607 - ERROR - Error parsing JSON response: 444, message='Attempt to decode JSON with unexpected mimetype: text/html', url='https://api.amemv.com/aweme/v1/aweme/post/?device_platform=android&aid=2955&channel=carplay_xiaoai_2955&sec_user_id=MS4wLjABAAAA_Eg9ME2xyVQvqcRx7tZWX7loeqbyC13EuQFnilCcz9rNeCpw2jkTxeOF1A7_L90d&count=10&ts=1753758116&app_type=lite&os_api=25&device_type=PCRT00&ssmix=a&manifest_version_code=9901504&dpi=240&version_code=9901504&app_name=aweme&version_name=9.9.15&device_id=5827988420182290&is_autoplay=true&resolution=720*1208&os_version=7.1.2&language=zh&device_brand=OPPO&ac=wifi&update_version_code=9901504&minor_status=0&_rticket=1753758116000'
2025-07-28 20:01:56,650 - INFO - HTTP Request: POST https://api.notion.com/v1/pages "HTTP/1.1 200 OK"
2025-07-28 20:01:56,717 - INFO - HTTP Request: POST https://api.notion.com/v1/pages "HTTP/1.1 200 OK"
2025-07-28 20:01:56,918 - ERROR - Error parsing JSON response: 444, message='Attempt to decode JSON with unexpected mimetype: text/html', url='https://api.amemv.com/aweme/v1/aweme/post/?device_platform=android&aid=2955&channel=carplay_xiaoai_2955&sec_user_id=MS4wLjABAAAAOk5Yq1qefFQptZWIeiuW59JB1JP-SIaOwK0O9E2A6m0&count=10&ts=1753758116&app_type=lite&os_api=25&device_type=PCRT00&ssmix=a&manifest_version_code=9901504&dpi=240&version_code=9901504&app_name=aweme&version_name=9.9.15&device_id=5827988420182290&is_autoplay=true&resolution=720*1208&os_version=7.1.2&language=zh&device_brand=OPPO&ac=wifi&update_version_code=9901504&minor_status=0&_rticket=1753758116000'
2025-07-28 20:01:56,930 - ERROR - Error parsing JSON response: 444, message='Attempt to decode JSON with unexpected mimetype: text/html', url='https://api.amemv.com/aweme/v1/aweme/post/?device_platform=android&aid=2955&channel=carplay_xiaoai_2955&sec_user_id=MS4wLjABAAAATvmQ40nLZxIombiMPuSYDHRnL3-JgdHXmEheu3QExCdQAsHrO-nbKWivcv-bUg1n&count=10&ts=1753758116&app_type=lite&os_api=25&device_type=PCRT00&ssmix=a&manifest_version_code=9901504&dpi=240&version_code=9901504&app_name=aweme&version_name=9.9.15&device_id=5827988420182290&is_autoplay=true&resolution=720*1208&os_version=7.1.2&language=zh&device_brand=OPPO&ac=wifi&update_version_code=9901504&minor_status=0&_rticket=1753758116000'
2025-07-28 20:01:57,492 - INFO - HTTP Request: POST https://api.notion.com/v1/pages "HTTP/1.1 200 OK"
2025-07-28 20:01:57,578 - INFO - HTTP Request: POST https://api.notion.com/v1/pages "HTTP/1.1 200 OK"
2025-07-28 20:01:57,778 - INFO - HTTP Request: GET https://api.notion.com/v1/databases/23e035de0731803c9609e369fdbcc16d "HTTP/1.1 200 OK"
2025-07-28 20:01:58,216 - INFO - HTTP Request: POST https://api.notion.com/v1/pages "HTTP/1.1 200 OK"
2025-07-28 20:01:58,541 - INFO - HTTP Request: GET https://api.notion.com/v1/databases/23e035de0731803c9609e369fdbcc16d "HTTP/1.1 200 OK"
2025-07-28 20:01:58,674 - INFO - HTTP Request: GET https://api.notion.com/v1/databases/23e035de0731803c9609e369fdbcc16d "HTTP/1.1 200 OK"
2025-07-28 20:01:59,242 - INFO - HTTP Request: POST https://api.notion.com/v1/databases/23e035de0731804aaf4ac18652c62393/query "HTTP/1.1 200 OK"
2025-07-28 20:01:59,272 - INFO - HTTP Request: POST https://api.notion.com/v1/pages "HTTP/1.1 200 OK"
2025-07-28 20:01:59,399 - INFO - HTTP Request: GET https://api.notion.com/v1/databases/23e035de0731803c9609e369fdbcc16d "HTTP/1.1 200 OK"
2025-07-28 20:01:59,574 - INFO - HTTP Request: GET https://api.notion.com/v1/databases/23e035de0731803c9609e369fdbcc16d "HTTP/1.1 200 OK"
2025-07-28 20:01:59,580 - ERROR - Error parsing JSON response: 444, message='Attempt to decode JSON with unexpected mimetype: text/html', url='https://api.amemv.com/aweme/v1/aweme/post/?device_platform=android&aid=2955&channel=carplay_xiaoai_2955&sec_user_id=MS4wLjABAAAAaQLCKqwqAXL5No5bUzkPaxQ6Q7drAAA0PYIoqbzvsXM0VhLpUg3QGB08BK9dQLHP&count=10&ts=1753758119&app_type=lite&os_api=25&device_type=PCRT00&ssmix=a&manifest_version_code=9901504&dpi=240&version_code=9901504&app_name=aweme&version_name=9.9.15&device_id=5827988420182290&is_autoplay=true&resolution=720*1208&os_version=7.1.2&language=zh&device_brand=OPPO&ac=wifi&update_version_code=9901504&minor_status=0&_rticket=1753758119000'
2025-07-28 20:01:59,584 - ERROR - Error parsing JSON response: 444, message='Attempt to decode JSON with unexpected mimetype: text/html', url='https://api.amemv.com/aweme/v1/aweme/post/?device_platform=android&aid=2955&channel=carplay_xiaoai_2955&sec_user_id=MS4wLjABAAAAXLSgvYTGII6yMT-0PC1UGH1MMYXO6bTv8HHqJmAnNxBrbpQjrRVb7xmD6xhHX1lg&count=10&ts=1753758119&app_type=lite&os_api=25&device_type=PCRT00&ssmix=a&manifest_version_code=9901504&dpi=240&version_code=9901504&app_name=aweme&version_name=9.9.15&device_id=5827988420182290&is_autoplay=true&resolution=720*1208&os_version=7.1.2&language=zh&device_brand=OPPO&ac=wifi&update_version_code=9901504&minor_status=0&_rticket=1753758119000'
2025-07-28 20:01:59,590 - ERROR - Error parsing JSON response: 444, message='Attempt to decode JSON with unexpected mimetype: text/html', url='https://api.amemv.com/aweme/v1/aweme/post/?device_platform=android&aid=2955&channel=carplay_xiaoai_2955&sec_user_id=MS4wLjABAAAArwLl9tigxT8lVYgp1Hav-eZglxlLFFdHO7zOte_uNjk&count=10&ts=1753758119&app_type=lite&os_api=25&device_type=PCRT00&ssmix=a&manifest_version_code=9901504&dpi=240&version_code=9901504&app_name=aweme&version_name=9.9.15&device_id=5827988420182290&is_autoplay=true&resolution=720*1208&os_version=7.1.2&language=zh&device_brand=OPPO&ac=wifi&update_version_code=9901504&minor_status=0&_rticket=1753758119000'
2025-07-28 20:01:59,592 - ERROR - Error parsing JSON response: 444, message='Attempt to decode JSON with unexpected mimetype: text/html', url='https://api.amemv.com/aweme/v1/aweme/post/?device_platform=android&aid=2955&channel=carplay_xiaoai_2955&sec_user_id=MS4wLjABAAAA9qR00Pn7-23-DjJMrgy-9AdlXTw6qD9vI_xXDKXjnWJL7hOfBXDk0vtyTSZ_AEY2&count=10&ts=1753758119&app_type=lite&os_api=25&device_type=PCRT00&ssmix=a&manifest_version_code=9901504&dpi=240&version_code=9901504&app_name=aweme&version_name=9.9.15&device_id=5827988420182290&is_autoplay=true&resolution=720*1208&os_version=7.1.2&language=zh&device_brand=OPPO&ac=wifi&update_version_code=9901504&minor_status=0&_rticket=1753758119000'
2025-07-28 20:01:59,593 - ERROR - Error parsing JSON response: 444, message='Attempt to decode JSON with unexpected mimetype: text/html', url='https://api.amemv.com/aweme/v1/aweme/post/?device_platform=android&aid=2955&channel=carplay_xiaoai_2955&sec_user_id=MS4wLjABAAAAFNRVzpUN4rV6wEgRlYAtHvKF_0DrENFUX6jVKt7UX8JCD1nRlV1DnGelZCXLiaVy&count=10&ts=1753758119&app_type=lite&os_api=25&device_type=PCRT00&ssmix=a&manifest_version_code=9901504&dpi=240&version_code=9901504&app_name=aweme&version_name=9.9.15&device_id=5827988420182290&is_autoplay=true&resolution=720*1208&os_version=7.1.2&language=zh&device_brand=OPPO&ac=wifi&update_version_code=9901504&minor_status=0&_rticket=1753758119000'
2025-07-28 20:01:59,604 - ERROR - Error parsing JSON response: 444, message='Attempt to decode JSON with unexpected mimetype: text/html', url='https://api.amemv.com/aweme/v1/aweme/post/?device_platform=android&aid=2955&channel=carplay_xiaoai_2955&sec_user_id=MS4wLjABAAAAmbqj06M-mYhklhWhgurBH8vh2SRRz-l1rLpjN0LTpg4&count=10&ts=1753758119&app_type=lite&os_api=25&device_type=PCRT00&ssmix=a&manifest_version_code=9901504&dpi=240&version_code=9901504&app_name=aweme&version_name=9.9.15&device_id=5827988420182290&is_autoplay=true&resolution=720*1208&os_version=7.1.2&language=zh&device_brand=OPPO&ac=wifi&update_version_code=9901504&minor_status=0&_rticket=1753758119000'
2025-07-28 20:01:59,606 - ERROR - Error parsing JSON response: 444, message='Attempt to decode JSON with unexpected mimetype: text/html', url='https://api.amemv.com/aweme/v1/aweme/post/?device_platform=android&aid=2955&channel=carplay_xiaoai_2955&sec_user_id=MS4wLjABAAAA8-OSZfCR_zYPPOa6tT6biKWgxGRTrLg1e76QDG3qZBU&count=10&ts=1753758119&app_type=lite&os_api=25&device_type=PCRT00&ssmix=a&manifest_version_code=9901504&dpi=240&version_code=9901504&app_name=aweme&version_name=9.9.15&device_id=5827988420182290&is_autoplay=true&resolution=720*1208&os_version=7.1.2&language=zh&device_brand=OPPO&ac=wifi&update_version_code=9901504&minor_status=0&_rticket=1753758119000'
2025-07-28 20:01:59,612 - ERROR - Error parsing JSON response: 444, message='Attempt to decode JSON with unexpected mimetype: text/html', url='https://api.amemv.com/aweme/v1/aweme/post/?device_platform=android&aid=2955&channel=carplay_xiaoai_2955&sec_user_id=MS4wLjABAAAAR4jaetJhcmHTE-Xi585z9WMnsqyS4a4x4LIpuCxmrP4&count=10&ts=1753758119&app_type=lite&os_api=25&device_type=PCRT00&ssmix=a&manifest_version_code=9901504&dpi=240&version_code=9901504&app_name=aweme&version_name=9.9.15&device_id=5827988420182290&is_autoplay=true&resolution=720*1208&os_version=7.1.2&language=zh&device_brand=OPPO&ac=wifi&update_version_code=9901504&minor_status=0&_rticket=1753758119000'
2025-07-28 20:01:59,714 - ERROR - Error parsing JSON response: 444, message='Attempt to decode JSON with unexpected mimetype: text/html', url='https://api.amemv.com/aweme/v1/aweme/post/?device_platform=android&aid=2955&channel=carplay_xiaoai_2955&sec_user_id=MS4wLjABAAAAAGTF9SFM9cOHI4Y4gvew1jSlTHgOnks5v7YuSWeaMWzS_nsfCXy_HxJjrsEcM8fZ&count=10&ts=1753758119&app_type=lite&os_api=25&device_type=PCRT00&ssmix=a&manifest_version_code=9901504&dpi=240&version_code=9901504&app_name=aweme&version_name=9.9.15&device_id=5827988420182290&is_autoplay=true&resolution=720*1208&os_version=7.1.2&language=zh&device_brand=OPPO&ac=wifi&update_version_code=9901504&minor_status=0&_rticket=1753758119000'
2025-07-28 20:01:59,948 - ERROR - Error parsing JSON response: 444, message='Attempt to decode JSON with unexpected mimetype: text/html', url='https://api.amemv.com/aweme/v1/aweme/post/?device_platform=android&aid=2955&channel=carplay_xiaoai_2955&sec_user_id=MS4wLjABAAAATs6uR9fkkhyBQg1GHBPk_swlxtHc3-4kkEyNZ3rBCU_pdxnzfASyGtRoNuwnVQte&count=10&ts=1753758119&app_type=lite&os_api=25&device_type=PCRT00&ssmix=a&manifest_version_code=9901504&dpi=240&version_code=9901504&app_name=aweme&version_name=9.9.15&device_id=5827988420182290&is_autoplay=true&resolution=720*1208&os_version=7.1.2&language=zh&device_brand=OPPO&ac=wifi&update_version_code=9901504&minor_status=0&_rticket=1753758119000'
2025-07-28 20:01:59,955 - ERROR - Error parsing JSON response: 444, message='Attempt to decode JSON with unexpected mimetype: text/html', url='https://api.amemv.com/aweme/v1/aweme/post/?device_platform=android&aid=2955&channel=carplay_xiaoai_2955&sec_user_id=MS4wLjABAAAA-PutGAa_LS7EsV7ko4GrhM-DTWkhaqNcqnpb7jKKrnGcxz_CujPySzknfFlFhxqi&count=10&ts=1753758119&app_type=lite&os_api=25&device_type=PCRT00&ssmix=a&manifest_version_code=9901504&dpi=240&version_code=9901504&app_name=aweme&version_name=9.9.15&device_id=5827988420182290&is_autoplay=true&resolution=720*1208&os_version=7.1.2&language=zh&device_brand=OPPO&ac=wifi&update_version_code=9901504&minor_status=0&_rticket=1753758119000'
2025-07-28 20:01:59,967 - ERROR - Error parsing JSON response: 444, message='Attempt to decode JSON with unexpected mimetype: text/html', url='https://api.amemv.com/aweme/v1/aweme/post/?device_platform=android&aid=2955&channel=carplay_xiaoai_2955&sec_user_id=MS4wLjABAAAAlUmnKBQULDSJ32O-xFPIkHm92lqIjXExLcltsm_0YOesxpEstL6LQcANZr1eUMVh&count=10&ts=1753758119&app_type=lite&os_api=25&device_type=PCRT00&ssmix=a&manifest_version_code=9901504&dpi=240&version_code=9901504&app_name=aweme&version_name=9.9.15&device_id=5827988420182290&is_autoplay=true&resolution=720*1208&os_version=7.1.2&language=zh&device_brand=OPPO&ac=wifi&update_version_code=9901504&minor_status=0&_rticket=1753758119000'
2025-07-28 20:01:59,983 - ERROR - Error parsing JSON response: 444, message='Attempt to decode JSON with unexpected mimetype: text/html', url='https://api.amemv.com/aweme/v1/aweme/post/?device_platform=android&aid=2955&channel=carplay_xiaoai_2955&sec_user_id=MS4wLjABAAAAFgEXAyd2QYLFwN13sveB1CePjF_L3ZzoF5tDpkQEYL9GMvLr8FxU3t07fFUY7_gK&count=10&ts=1753758119&app_type=lite&os_api=25&device_type=PCRT00&ssmix=a&manifest_version_code=9901504&dpi=240&version_code=9901504&app_name=aweme&version_name=9.9.15&device_id=5827988420182290&is_autoplay=true&resolution=720*1208&os_version=7.1.2&language=zh&device_brand=OPPO&ac=wifi&update_version_code=9901504&minor_status=0&_rticket=1753758119000'
2025-07-28 20:02:00,112 - INFO - HTTP Request: POST https://api.notion.com/v1/pages "HTTP/1.1 200 OK"
2025-07-28 20:02:00,321 - INFO - HTTP Request: GET https://api.notion.com/v1/databases/23e035de0731803c9609e369fdbcc16d "HTTP/1.1 200 OK"
2025-07-28 20:02:00,666 - ERROR - Error parsing JSON response: 444, message='Attempt to decode JSON with unexpected mimetype: text/html', url='https://api.amemv.com/aweme/v1/aweme/post/?device_platform=android&aid=2955&channel=carplay_xiaoai_2955&sec_user_id=MS4wLjABAAAA7tG113SLeWE0BHxc4ByOyriJOgNps1aPWaLqEETryzvH-dJaCY65Zf1OOh4g9L4a&count=10&ts=1753758120&app_type=lite&os_api=25&device_type=PCRT00&ssmix=a&manifest_version_code=9901504&dpi=240&version_code=9901504&app_name=aweme&version_name=9.9.15&device_id=5827988420182290&is_autoplay=true&resolution=720*1208&os_version=7.1.2&language=zh&device_brand=OPPO&ac=wifi&update_version_code=9901504&minor_status=0&_rticket=1753758120000'
2025-07-28 20:02:00,670 - INFO - HTTP Request: POST https://api.notion.com/v1/pages "HTTP/1.1 409 Conflict"
2025-07-28 20:02:00,767 - INFO - HTTP Request: POST https://api.notion.com/v1/pages "HTTP/1.1 200 OK"
2025-07-28 20:02:00,808 - INFO - HTTP Request: POST https://api.notion.com/v1/pages "HTTP/1.1 200 OK"
2025-07-28 20:02:00,962 - ERROR - Error parsing JSON response: 444, message='Attempt to decode JSON with unexpected mimetype: text/html', url='https://api.amemv.com/aweme/v1/aweme/post/?device_platform=android&aid=2955&channel=carplay_xiaoai_2955&sec_user_id=MS4wLjABAAAAfFbjTXUBwTgmTikSN75aqdSVPLKdTXWM_SKLRPy85DKhfDTzFZ6Oz7LrQfOlnqI6&count=10&ts=1753758120&app_type=lite&os_api=25&device_type=PCRT00&ssmix=a&manifest_version_code=9901504&dpi=240&version_code=9901504&app_name=aweme&version_name=9.9.15&device_id=5827988420182290&is_autoplay=true&resolution=720*1208&os_version=7.1.2&language=zh&device_brand=OPPO&ac=wifi&update_version_code=9901504&minor_status=0&_rticket=1753758120000'
2025-07-28 20:02:01,085 - INFO - HTTP Request: GET https://api.notion.com/v1/databases/23e035de0731803c9609e369fdbcc16d "HTTP/1.1 200 OK"
2025-07-28 20:02:01,302 - INFO - HTTP Request: GET https://api.notion.com/v1/databases/23e035de0731803c9609e369fdbcc16d "HTTP/1.1 200 OK"
2025-07-28 20:02:01,640 - ERROR - Error parsing JSON response: 444, message='Attempt to decode JSON with unexpected mimetype: text/html', url='https://api.amemv.com/aweme/v1/aweme/post/?device_platform=android&aid=2955&channel=carplay_xiaoai_2955&sec_user_id=MS4wLjABAAAA7jMhoxxzQ3WksgiMHGF0LPN9yrUL0qbmlXeIy1hM_LANhDYXnH31VVQ0V88ZiRDI&count=10&ts=1753758121&app_type=lite&os_api=25&device_type=PCRT00&ssmix=a&manifest_version_code=9901504&dpi=240&version_code=9901504&app_name=aweme&version_name=9.9.15&device_id=5827988420182290&is_autoplay=true&resolution=720*1208&os_version=7.1.2&language=zh&device_brand=OPPO&ac=wifi&update_version_code=9901504&minor_status=0&_rticket=1753758121000'
2025-07-28 20:02:01,717 - INFO - HTTP Request: POST https://api.notion.com/v1/pages "HTTP/1.1 200 OK"
2025-07-28 20:02:01,829 - INFO - HTTP Request: GET https://api.notion.com/v1/databases/23e035de0731803c9609e369fdbcc16d "HTTP/1.1 200 OK"
2025-07-28 20:02:01,940 - ERROR - Error parsing JSON response: 444, message='Attempt to decode JSON with unexpected mimetype: text/html', url='https://api.amemv.com/aweme/v1/aweme/post/?device_platform=android&aid=2955&channel=carplay_xiaoai_2955&sec_user_id=MS4wLjABAAAAEZTdb_ch9hn5zvTClJ8QRwwFHOIK7uSZsMtk2WU1kUAGs5e7FETZv8pHcNUG7_RP&count=10&ts=1753758121&app_type=lite&os_api=25&device_type=PCRT00&ssmix=a&manifest_version_code=9901504&dpi=240&version_code=9901504&app_name=aweme&version_name=9.9.15&device_id=5827988420182290&is_autoplay=true&resolution=720*1208&os_version=7.1.2&language=zh&device_brand=OPPO&ac=wifi&update_version_code=9901504&minor_status=0&_rticket=1753758121000'
2025-07-28 20:02:02,044 - INFO - HTTP Request: GET https://api.notion.com/v1/databases/23e035de0731803c9609e369fdbcc16d "HTTP/1.1 200 OK"
2025-07-28 20:02:02,125 - INFO - HTTP Request: GET https://api.notion.com/v1/databases/23e035de0731803c9609e369fdbcc16d "HTTP/1.1 200 OK"
2025-07-28 20:02:02,377 - INFO - HTTP Request: POST https://api.notion.com/v1/pages "HTTP/1.1 200 OK"
2025-07-28 20:02:02,509 - INFO - HTTP Request: POST https://api.notion.com/v1/pages "HTTP/1.1 409 Conflict"
2025-07-28 20:02:02,575 - INFO - HTTP Request: POST https://api.notion.com/v1/pages "HTTP/1.1 200 OK"
2025-07-28 20:02:02,705 - ERROR - Error parsing JSON response: 444, message='Attempt to decode JSON with unexpected mimetype: text/html', url='https://api.amemv.com/aweme/v1/aweme/post/?device_platform=android&aid=2955&channel=carplay_xiaoai_2955&sec_user_id=MS4wLjABAAAA7aTeMcQtWOEezBZB_4l_-PXvyRg-xFyx7O3_q-3MkNIhluauTfuxo4i7Yp690lou&count=10&ts=1753758122&app_type=lite&os_api=25&device_type=PCRT00&ssmix=a&manifest_version_code=9901504&dpi=240&version_code=9901504&app_name=aweme&version_name=9.9.15&device_id=5827988420182290&is_autoplay=true&resolution=720*1208&os_version=7.1.2&language=zh&device_brand=OPPO&ac=wifi&update_version_code=9901504&minor_status=0&_rticket=1753758122000'
2025-07-28 20:02:02,750 - INFO - HTTP Request: GET https://api.notion.com/v1/databases/23e035de0731803c9609e369fdbcc16d "HTTP/1.1 200 OK"
2025-07-28 20:02:03,132 - ERROR - Error parsing JSON response: 444, message='Attempt to decode JSON with unexpected mimetype: text/html', url='https://api.amemv.com/aweme/v1/aweme/post/?device_platform=android&aid=2955&channel=carplay_xiaoai_2955&sec_user_id=MS4wLjABAAAALspbhJp_1Zf1ZwJy2hXrpTNxear8uA-9KmdCT_HQT6k&count=10&ts=1753758122&app_type=lite&os_api=25&device_type=PCRT00&ssmix=a&manifest_version_code=9901504&dpi=240&version_code=9901504&app_name=aweme&version_name=9.9.15&device_id=5827988420182290&is_autoplay=true&resolution=720*1208&os_version=7.1.2&language=zh&device_brand=OPPO&ac=wifi&update_version_code=9901504&minor_status=0&_rticket=1753758122000'
2025-07-28 20:02:03,182 - ERROR - Error parsing JSON response: 444, message='Attempt to decode JSON with unexpected mimetype: text/html', url='https://api.amemv.com/aweme/v1/aweme/post/?device_platform=android&aid=2955&channel=carplay_xiaoai_2955&sec_user_id=MS4wLjABAAAAoPFweCuoKgGJFfJl2K9z_SZMIyLHS7C9KQftgGVupIjlgPT-ro24fIba6lSRY5Km&count=10&ts=1753758122&app_type=lite&os_api=25&device_type=PCRT00&ssmix=a&manifest_version_code=9901504&dpi=240&version_code=9901504&app_name=aweme&version_name=9.9.15&device_id=5827988420182290&is_autoplay=true&resolution=720*1208&os_version=7.1.2&language=zh&device_brand=OPPO&ac=wifi&update_version_code=9901504&minor_status=0&_rticket=1753758122000'
2025-07-28 20:02:03,334 - INFO - 监控器已停止
2025-07-28 20:13:52,150 - INFO - 启动基于Notion的抖音视频监控器...
2025-07-28 20:13:52,151 - INFO - 监控功能：67个账号，自动检测新视频，创建Notion记录
2025-07-28 20:13:53,183 - INFO - HTTP Request: GET https://api.notion.com/v1/databases/23e035de0731804aaf4ac18652c62393 "HTTP/1.1 200 OK"
2025-07-28 20:13:53,186 - INFO - 正在启动监控器...
2025-07-28 20:13:55,571 - INFO - HTTP Request: POST https://api.notion.com/v1/databases/23e035de0731804aaf4ac18652c62393/query "HTTP/1.1 200 OK"
2025-07-28 20:13:56,161 - INFO - HTTP Request: GET https://api.notion.com/v1/databases/23e035de0731803c9609e369fdbcc16d "HTTP/1.1 200 OK"
2025-07-28 20:13:56,468 - INFO - HTTP Request: POST https://api.notion.com/v1/databases/23e035de0731803c9609e369fdbcc16d/query "HTTP/1.1 200 OK"
2025-07-28 20:13:57,164 - INFO - HTTP Request: GET https://api.notion.com/v1/databases/23e035de0731803c9609e369fdbcc16d "HTTP/1.1 200 OK"
2025-07-28 20:13:57,812 - INFO - HTTP Request: POST https://api.notion.com/v1/databases/23e035de0731803c9609e369fdbcc16d/query "HTTP/1.1 200 OK"
2025-07-28 20:14:02,030 - INFO - HTTP Request: GET https://api.notion.com/v1/databases/23e035de0731803c9609e369fdbcc16d "HTTP/1.1 200 OK"
2025-07-28 20:14:03,023 - INFO - HTTP Request: POST https://api.notion.com/v1/databases/23e035de0731803c9609e369fdbcc16d/query "HTTP/1.1 200 OK"
2025-07-28 20:14:04,523 - INFO - HTTP Request: GET https://api.notion.com/v1/databases/23e035de0731803c9609e369fdbcc16d "HTTP/1.1 200 OK"
2025-07-28 20:14:04,781 - INFO - HTTP Request: POST https://api.notion.com/v1/databases/23e035de0731803c9609e369fdbcc16d/query "HTTP/1.1 200 OK"
2025-07-28 20:14:05,374 - INFO - HTTP Request: GET https://api.notion.com/v1/databases/23e035de0731803c9609e369fdbcc16d "HTTP/1.1 200 OK"
2025-07-28 20:14:05,623 - INFO - HTTP Request: POST https://api.notion.com/v1/databases/23e035de0731803c9609e369fdbcc16d/query "HTTP/1.1 200 OK"
2025-07-28 20:14:06,188 - INFO - HTTP Request: GET https://api.notion.com/v1/databases/23e035de0731803c9609e369fdbcc16d "HTTP/1.1 200 OK"
2025-07-28 20:14:06,686 - INFO - HTTP Request: POST https://api.notion.com/v1/databases/23e035de0731803c9609e369fdbcc16d/query "HTTP/1.1 200 OK"
2025-07-28 20:14:09,370 - INFO - HTTP Request: GET https://api.notion.com/v1/databases/23e035de0731803c9609e369fdbcc16d "HTTP/1.1 200 OK"
2025-07-28 20:14:09,948 - INFO - HTTP Request: POST https://api.notion.com/v1/databases/23e035de0731803c9609e369fdbcc16d/query "HTTP/1.1 200 OK"
2025-07-28 20:14:10,576 - INFO - HTTP Request: GET https://api.notion.com/v1/databases/23e035de0731803c9609e369fdbcc16d "HTTP/1.1 200 OK"
2025-07-28 20:14:10,846 - INFO - HTTP Request: POST https://api.notion.com/v1/databases/23e035de0731803c9609e369fdbcc16d/query "HTTP/1.1 200 OK"
2025-07-28 20:14:11,530 - INFO - HTTP Request: GET https://api.notion.com/v1/databases/23e035de0731803c9609e369fdbcc16d "HTTP/1.1 200 OK"
2025-07-28 20:14:11,818 - INFO - HTTP Request: POST https://api.notion.com/v1/databases/23e035de0731803c9609e369fdbcc16d/query "HTTP/1.1 200 OK"
2025-07-28 20:14:12,768 - INFO - HTTP Request: GET https://api.notion.com/v1/databases/23e035de0731803c9609e369fdbcc16d "HTTP/1.1 200 OK"
2025-07-28 20:14:12,797 - INFO - HTTP Request: GET https://api.notion.com/v1/databases/23e035de0731803c9609e369fdbcc16d "HTTP/1.1 200 OK"
2025-07-28 20:14:12,807 - INFO - HTTP Request: GET https://api.notion.com/v1/databases/23e035de0731803c9609e369fdbcc16d "HTTP/1.1 200 OK"
2025-07-28 20:14:12,812 - INFO - HTTP Request: GET https://api.notion.com/v1/databases/23e035de0731803c9609e369fdbcc16d "HTTP/1.1 200 OK"
2025-07-28 20:14:12,836 - INFO - HTTP Request: GET https://api.notion.com/v1/databases/23e035de0731803c9609e369fdbcc16d "HTTP/1.1 200 OK"
2025-07-28 20:14:13,151 - INFO - HTTP Request: GET https://api.notion.com/v1/databases/23e035de0731803c9609e369fdbcc16d "HTTP/1.1 200 OK"
2025-07-28 20:14:13,421 - INFO - HTTP Request: POST https://api.notion.com/v1/pages "HTTP/1.1 409 Conflict"
2025-07-28 20:14:13,533 - INFO - HTTP Request: POST https://api.notion.com/v1/pages "HTTP/1.1 200 OK"
2025-07-28 20:14:13,656 - INFO - HTTP Request: POST https://api.notion.com/v1/pages "HTTP/1.1 200 OK"
2025-07-28 20:14:13,906 - INFO - HTTP Request: POST https://api.notion.com/v1/pages "HTTP/1.1 200 OK"
2025-07-28 20:14:14,022 - INFO - HTTP Request: POST https://api.notion.com/v1/databases/23e035de0731803c9609e369fdbcc16d/query "HTTP/1.1 200 OK"
2025-07-28 20:14:14,944 - INFO - HTTP Request: GET https://api.notion.com/v1/databases/23e035de0731803c9609e369fdbcc16d "HTTP/1.1 200 OK"
2025-07-28 20:14:15,025 - INFO - HTTP Request: GET https://api.notion.com/v1/databases/23e035de0731803c9609e369fdbcc16d "HTTP/1.1 200 OK"
2025-07-28 20:14:15,107 - INFO - HTTP Request: GET https://api.notion.com/v1/databases/23e035de0731803c9609e369fdbcc16d "HTTP/1.1 200 OK"
2025-07-28 20:14:15,134 - INFO - HTTP Request: GET https://api.notion.com/v1/databases/23e035de0731803c9609e369fdbcc16d "HTTP/1.1 200 OK"
2025-07-28 20:14:15,201 - INFO - HTTP Request: GET https://api.notion.com/v1/databases/23e035de0731803c9609e369fdbcc16d "HTTP/1.1 200 OK"
2025-07-28 20:14:15,466 - INFO - HTTP Request: POST https://api.notion.com/v1/pages "HTTP/1.1 200 OK"
2025-07-28 20:14:15,614 - INFO - HTTP Request: POST https://api.notion.com/v1/pages "HTTP/1.1 200 OK"
2025-07-28 20:14:15,879 - INFO - HTTP Request: POST https://api.notion.com/v1/pages "HTTP/1.1 409 Conflict"
2025-07-28 20:14:16,201 - INFO - HTTP Request: POST https://api.notion.com/v1/pages "HTTP/1.1 200 OK"
2025-07-28 20:14:16,639 - INFO - HTTP Request: GET https://api.notion.com/v1/databases/23e035de0731803c9609e369fdbcc16d "HTTP/1.1 200 OK"
2025-07-28 20:14:16,790 - INFO - HTTP Request: GET https://api.notion.com/v1/databases/23e035de0731803c9609e369fdbcc16d "HTTP/1.1 200 OK"
2025-07-28 20:14:16,979 - INFO - HTTP Request: GET https://api.notion.com/v1/databases/23e035de0731803c9609e369fdbcc16d "HTTP/1.1 200 OK"
2025-07-28 20:14:17,186 - INFO - HTTP Request: GET https://api.notion.com/v1/databases/23e035de0731803c9609e369fdbcc16d "HTTP/1.1 200 OK"
2025-07-28 20:14:17,230 - INFO - HTTP Request: POST https://api.notion.com/v1/pages "HTTP/1.1 200 OK"
2025-07-28 20:14:17,633 - INFO - HTTP Request: POST https://api.notion.com/v1/pages "HTTP/1.1 200 OK"
2025-07-28 20:14:17,838 - INFO - HTTP Request: POST https://api.notion.com/v1/pages "HTTP/1.1 200 OK"
2025-07-28 20:14:18,216 - INFO - HTTP Request: GET https://api.notion.com/v1/databases/23e035de0731803c9609e369fdbcc16d "HTTP/1.1 200 OK"
2025-07-28 20:14:18,349 - INFO - HTTP Request: POST https://api.notion.com/v1/databases/23e035de0731803c9609e369fdbcc16d/query "HTTP/1.1 200 OK"
2025-07-28 20:14:18,666 - INFO - HTTP Request: POST https://api.notion.com/v1/pages "HTTP/1.1 200 OK"
2025-07-28 20:14:18,702 - INFO - HTTP Request: POST https://api.notion.com/v1/pages "HTTP/1.1 200 OK"
2025-07-28 20:14:18,938 - INFO - HTTP Request: GET https://api.notion.com/v1/databases/23e035de0731803c9609e369fdbcc16d "HTTP/1.1 200 OK"
2025-07-28 20:14:18,977 - INFO - HTTP Request: GET https://api.notion.com/v1/databases/23e035de0731803c9609e369fdbcc16d "HTTP/1.1 200 OK"
2025-07-28 20:14:19,247 - INFO - HTTP Request: POST https://api.notion.com/v1/databases/23e035de0731803c9609e369fdbcc16d/query "HTTP/1.1 200 OK"
2025-07-28 20:14:19,609 - INFO - HTTP Request: GET https://api.notion.com/v1/databases/23e035de0731803c9609e369fdbcc16d "HTTP/1.1 200 OK"
2025-07-28 20:14:19,929 - INFO - HTTP Request: GET https://api.notion.com/v1/databases/23e035de0731803c9609e369fdbcc16d "HTTP/1.1 200 OK"
2025-07-28 20:14:20,144 - INFO - HTTP Request: POST https://api.notion.com/v1/pages "HTTP/1.1 200 OK"
2025-07-28 20:14:20,195 - INFO - HTTP Request: GET https://api.notion.com/v1/databases/23e035de0731803c9609e369fdbcc16d "HTTP/1.1 200 OK"
2025-07-28 20:14:20,205 - INFO - HTTP Request: POST https://api.notion.com/v1/databases/23e035de0731803c9609e369fdbcc16d/query "HTTP/1.1 200 OK"
2025-07-28 20:14:20,690 - INFO - HTTP Request: GET https://api.notion.com/v1/databases/23e035de0731803c9609e369fdbcc16d "HTTP/1.1 200 OK"
2025-07-28 20:14:20,804 - INFO - HTTP Request: GET https://api.notion.com/v1/databases/23e035de0731803c9609e369fdbcc16d "HTTP/1.1 200 OK"
2025-07-28 20:14:20,869 - INFO - HTTP Request: POST https://api.notion.com/v1/pages "HTTP/1.1 200 OK"
2025-07-28 20:14:21,012 - INFO - HTTP Request: POST https://api.notion.com/v1/pages "HTTP/1.1 409 Conflict"
2025-07-28 20:14:21,066 - INFO - HTTP Request: POST https://api.notion.com/v1/pages "HTTP/1.1 409 Conflict"
2025-07-28 20:14:21,091 - INFO - HTTP Request: POST https://api.notion.com/v1/databases/23e035de0731803c9609e369fdbcc16d/query "HTTP/1.1 200 OK"
2025-07-28 20:14:21,138 - INFO - HTTP Request: GET https://api.notion.com/v1/databases/23e035de0731803c9609e369fdbcc16d "HTTP/1.1 200 OK"
2025-07-28 20:14:21,154 - INFO - HTTP Request: POST https://api.notion.com/v1/pages "HTTP/1.1 200 OK"
2025-07-28 20:14:21,614 - INFO - HTTP Request: POST https://api.notion.com/v1/pages "HTTP/1.1 200 OK"
2025-07-28 20:14:21,970 - INFO - HTTP Request: GET https://api.notion.com/v1/databases/23e035de0731803c9609e369fdbcc16d "HTTP/1.1 200 OK"
2025-07-28 20:14:22,037 - INFO - HTTP Request: GET https://api.notion.com/v1/databases/23e035de0731803c9609e369fdbcc16d "HTTP/1.1 200 OK"
2025-07-28 20:14:22,279 - INFO - HTTP Request: POST https://api.notion.com/v1/databases/23e035de0731803c9609e369fdbcc16d/query "HTTP/1.1 200 OK"
2025-07-28 20:14:22,295 - INFO - HTTP Request: GET https://api.notion.com/v1/databases/23e035de0731803c9609e369fdbcc16d "HTTP/1.1 200 OK"
2025-07-28 20:14:22,404 - INFO - HTTP Request: GET https://api.notion.com/v1/databases/23e035de0731803c9609e369fdbcc16d "HTTP/1.1 200 OK"
2025-07-28 20:14:22,417 - INFO - HTTP Request: GET https://api.notion.com/v1/databases/23e035de0731803c9609e369fdbcc16d "HTTP/1.1 200 OK"
2025-07-28 20:14:22,611 - INFO - HTTP Request: GET https://api.notion.com/v1/databases/23e035de0731803c9609e369fdbcc16d "HTTP/1.1 200 OK"
2025-07-28 20:14:22,622 - INFO - HTTP Request: POST https://api.notion.com/v1/pages "HTTP/1.1 200 OK"
2025-07-28 20:14:22,744 - INFO - HTTP Request: POST https://api.notion.com/v1/pages "HTTP/1.1 200 OK"
2025-07-28 20:14:22,770 - INFO - HTTP Request: POST https://api.notion.com/v1/pages "HTTP/1.1 409 Conflict"
2025-07-28 20:14:22,889 - INFO - HTTP Request: POST https://api.notion.com/v1/pages "HTTP/1.1 200 OK"
2025-07-28 20:14:22,921 - INFO - HTTP Request: GET https://api.notion.com/v1/databases/23e035de0731803c9609e369fdbcc16d "HTTP/1.1 200 OK"
2025-07-28 20:14:23,725 - INFO - HTTP Request: GET https://api.notion.com/v1/databases/23e035de0731803c9609e369fdbcc16d "HTTP/1.1 200 OK"
2025-07-28 20:14:24,049 - INFO - HTTP Request: GET https://api.notion.com/v1/databases/23e035de0731803c9609e369fdbcc16d "HTTP/1.1 200 OK"
2025-07-28 20:14:24,075 - INFO - HTTP Request: GET https://api.notion.com/v1/databases/23e035de0731803c9609e369fdbcc16d "HTTP/1.1 200 OK"
2025-07-28 20:14:24,491 - INFO - HTTP Request: POST https://api.notion.com/v1/databases/23e035de0731803c9609e369fdbcc16d/query "HTTP/1.1 200 OK"
2025-07-28 20:14:25,048 - INFO - HTTP Request: POST https://api.notion.com/v1/pages "HTTP/1.1 200 OK"
2025-07-28 20:14:25,053 - INFO - HTTP Request: GET https://api.notion.com/v1/databases/23e035de0731803c9609e369fdbcc16d "HTTP/1.1 200 OK"
2025-07-28 20:14:25,199 - INFO - HTTP Request: POST https://api.notion.com/v1/pages "HTTP/1.1 200 OK"
2025-07-28 20:14:25,338 - INFO - HTTP Request: POST https://api.notion.com/v1/databases/23e035de0731803c9609e369fdbcc16d/query "HTTP/1.1 200 OK"
2025-07-28 20:14:25,828 - INFO - HTTP Request: GET https://api.notion.com/v1/databases/23e035de0731803c9609e369fdbcc16d "HTTP/1.1 200 OK"
2025-07-28 20:14:26,112 - INFO - HTTP Request: POST https://api.notion.com/v1/pages "HTTP/1.1 200 OK"
2025-07-28 20:14:26,156 - INFO - HTTP Request: GET https://api.notion.com/v1/databases/23e035de0731803c9609e369fdbcc16d "HTTP/1.1 200 OK"
2025-07-28 20:14:26,305 - INFO - HTTP Request: POST https://api.notion.com/v1/pages "HTTP/1.1 409 Conflict"
2025-07-28 20:14:26,412 - INFO - HTTP Request: POST https://api.notion.com/v1/pages "HTTP/1.1 200 OK"
2025-07-28 20:14:27,416 - INFO - HTTP Request: GET https://api.notion.com/v1/databases/23e035de0731803c9609e369fdbcc16d "HTTP/1.1 200 OK"
2025-07-28 20:14:27,590 - INFO - HTTP Request: GET https://api.notion.com/v1/databases/23e035de0731803c9609e369fdbcc16d "HTTP/1.1 200 OK"
2025-07-28 20:14:27,991 - INFO - HTTP Request: POST https://api.notion.com/v1/pages "HTTP/1.1 200 OK"
2025-07-28 20:14:28,036 - INFO - HTTP Request: GET https://api.notion.com/v1/databases/23e035de0731803c9609e369fdbcc16d "HTTP/1.1 200 OK"
2025-07-28 20:14:28,135 - INFO - HTTP Request: GET https://api.notion.com/v1/databases/23e035de0731803c9609e369fdbcc16d "HTTP/1.1 200 OK"
2025-07-28 20:14:28,342 - INFO - HTTP Request: POST https://api.notion.com/v1/databases/23e035de0731803c9609e369fdbcc16d/query "HTTP/1.1 200 OK"
2025-07-28 20:14:28,577 - INFO - HTTP Request: POST https://api.notion.com/v1/pages "HTTP/1.1 200 OK"
2025-07-28 20:14:29,057 - INFO - HTTP Request: POST https://api.notion.com/v1/pages "HTTP/1.1 200 OK"
2025-07-28 20:14:29,537 - INFO - HTTP Request: GET https://api.notion.com/v1/databases/23e035de0731803c9609e369fdbcc16d "HTTP/1.1 200 OK"
2025-07-28 20:14:29,558 - INFO - HTTP Request: GET https://api.notion.com/v1/databases/23e035de0731803c9609e369fdbcc16d "HTTP/1.1 200 OK"
2025-07-28 20:14:29,714 - INFO - HTTP Request: GET https://api.notion.com/v1/databases/23e035de0731803c9609e369fdbcc16d "HTTP/1.1 200 OK"
2025-07-28 20:14:30,024 - INFO - HTTP Request: GET https://api.notion.com/v1/databases/23e035de0731803c9609e369fdbcc16d "HTTP/1.1 200 OK"
2025-07-28 20:14:30,112 - INFO - HTTP Request: POST https://api.notion.com/v1/pages "HTTP/1.1 200 OK"
2025-07-28 20:14:30,402 - INFO - HTTP Request: POST https://api.notion.com/v1/pages "HTTP/1.1 409 Conflict"
2025-07-28 20:14:30,461 - INFO - HTTP Request: POST https://api.notion.com/v1/pages "HTTP/1.1 200 OK"
2025-07-28 20:14:30,907 - INFO - HTTP Request: GET https://api.notion.com/v1/databases/23e035de0731803c9609e369fdbcc16d "HTTP/1.1 200 OK"
2025-07-28 20:14:31,086 - INFO - HTTP Request: GET https://api.notion.com/v1/databases/23e035de0731803c9609e369fdbcc16d "HTTP/1.1 200 OK"
2025-07-28 20:14:31,219 - INFO - HTTP Request: POST https://api.notion.com/v1/databases/23e035de0731803c9609e369fdbcc16d/query "HTTP/1.1 200 OK"
2025-07-28 20:14:31,333 - INFO - HTTP Request: POST https://api.notion.com/v1/pages "HTTP/1.1 200 OK"
2025-07-28 20:14:31,553 - INFO - HTTP Request: GET https://api.notion.com/v1/databases/23e035de0731803c9609e369fdbcc16d "HTTP/1.1 200 OK"
2025-07-28 20:14:31,819 - INFO - HTTP Request: POST https://api.notion.com/v1/pages "HTTP/1.1 200 OK"
2025-07-28 20:14:31,868 - INFO - HTTP Request: GET https://api.notion.com/v1/databases/23e035de0731803c9609e369fdbcc16d "HTTP/1.1 200 OK"
2025-07-28 20:14:32,164 - INFO - HTTP Request: POST https://api.notion.com/v1/databases/23e035de0731803c9609e369fdbcc16d/query "HTTP/1.1 200 OK"
2025-07-28 20:14:32,326 - INFO - HTTP Request: GET https://api.notion.com/v1/databases/23e035de0731803c9609e369fdbcc16d "HTTP/1.1 200 OK"
2025-07-28 20:14:32,359 - INFO - HTTP Request: GET https://api.notion.com/v1/databases/23e035de0731803c9609e369fdbcc16d "HTTP/1.1 200 OK"
2025-07-28 20:14:32,813 - INFO - HTTP Request: POST https://api.notion.com/v1/pages "HTTP/1.1 200 OK"
2025-07-28 20:14:32,974 - INFO - HTTP Request: GET https://api.notion.com/v1/databases/23e035de0731803c9609e369fdbcc16d "HTTP/1.1 200 OK"
2025-07-28 20:14:32,989 - INFO - HTTP Request: GET https://api.notion.com/v1/databases/23e035de0731803c9609e369fdbcc16d "HTTP/1.1 200 OK"
2025-07-28 20:14:33,302 - INFO - HTTP Request: POST https://api.notion.com/v1/databases/23e035de0731803c9609e369fdbcc16d/query "HTTP/1.1 200 OK"
2025-07-28 20:14:33,880 - INFO - HTTP Request: GET https://api.notion.com/v1/databases/23e035de0731803c9609e369fdbcc16d "HTTP/1.1 200 OK"
2025-07-28 20:14:33,976 - INFO - HTTP Request: POST https://api.notion.com/v1/pages "HTTP/1.1 409 Conflict"
2025-07-28 20:14:33,984 - INFO - HTTP Request: POST https://api.notion.com/v1/pages "HTTP/1.1 200 OK"
2025-07-28 20:14:33,990 - INFO - HTTP Request: GET https://api.notion.com/v1/databases/23e035de0731803c9609e369fdbcc16d "HTTP/1.1 200 OK"
2025-07-28 20:14:34,032 - INFO - HTTP Request: POST https://api.notion.com/v1/pages "HTTP/1.1 409 Conflict"
2025-07-28 20:14:34,281 - INFO - HTTP Request: POST https://api.notion.com/v1/databases/23e035de0731803c9609e369fdbcc16d/query "HTTP/1.1 200 OK"
2025-07-28 20:14:34,893 - INFO - HTTP Request: POST https://api.notion.com/v1/pages "HTTP/1.1 200 OK"
2025-07-28 20:14:35,049 - INFO - HTTP Request: GET https://api.notion.com/v1/databases/23e035de0731803c9609e369fdbcc16d "HTTP/1.1 200 OK"
2025-07-28 20:14:35,317 - INFO - HTTP Request: POST https://api.notion.com/v1/databases/23e035de0731803c9609e369fdbcc16d/query "HTTP/1.1 200 OK"
2025-07-28 20:14:35,396 - INFO - HTTP Request: POST https://api.notion.com/v1/pages "HTTP/1.1 200 OK"
2025-07-28 20:14:35,488 - INFO - HTTP Request: GET https://api.notion.com/v1/databases/23e035de0731803c9609e369fdbcc16d "HTTP/1.1 200 OK"
2025-07-28 20:14:35,922 - INFO - HTTP Request: POST https://api.notion.com/v1/pages "HTTP/1.1 200 OK"
2025-07-28 20:14:36,058 - INFO - HTTP Request: GET https://api.notion.com/v1/databases/23e035de0731803c9609e369fdbcc16d "HTTP/1.1 200 OK"
2025-07-28 20:14:36,250 - INFO - HTTP Request: GET https://api.notion.com/v1/databases/23e035de0731803c9609e369fdbcc16d "HTTP/1.1 200 OK"
2025-07-28 20:14:36,321 - INFO - HTTP Request: POST https://api.notion.com/v1/databases/23e035de0731803c9609e369fdbcc16d/query "HTTP/1.1 200 OK"
2025-07-28 20:14:36,448 - INFO - HTTP Request: GET https://api.notion.com/v1/databases/23e035de0731803c9609e369fdbcc16d "HTTP/1.1 200 OK"
2025-07-28 20:14:36,594 - INFO - HTTP Request: GET https://api.notion.com/v1/databases/23e035de0731803c9609e369fdbcc16d "HTTP/1.1 200 OK"
2025-07-28 20:14:36,605 - INFO - HTTP Request: GET https://api.notion.com/v1/databases/23e035de0731803c9609e369fdbcc16d "HTTP/1.1 200 OK"
2025-07-28 20:14:36,909 - INFO - HTTP Request: POST https://api.notion.com/v1/pages "HTTP/1.1 200 OK"
2025-07-28 20:14:37,092 - INFO - HTTP Request: POST https://api.notion.com/v1/pages "HTTP/1.1 200 OK"
2025-07-28 20:14:37,124 - INFO - HTTP Request: GET https://api.notion.com/v1/databases/23e035de0731803c9609e369fdbcc16d "HTTP/1.1 200 OK"
2025-07-28 20:14:37,203 - INFO - HTTP Request: GET https://api.notion.com/v1/databases/23e035de0731803c9609e369fdbcc16d "HTTP/1.1 200 OK"
2025-07-28 20:14:37,634 - INFO - HTTP Request: POST https://api.notion.com/v1/pages "HTTP/1.1 200 OK"
2025-07-28 20:14:37,641 - INFO - HTTP Request: POST https://api.notion.com/v1/pages "HTTP/1.1 200 OK"
2025-07-28 20:14:37,948 - INFO - HTTP Request: GET https://api.notion.com/v1/databases/23e035de0731803c9609e369fdbcc16d "HTTP/1.1 200 OK"
2025-07-28 20:14:38,115 - INFO - HTTP Request: GET https://api.notion.com/v1/databases/23e035de0731803c9609e369fdbcc16d "HTTP/1.1 200 OK"
2025-07-28 20:14:38,607 - INFO - HTTP Request: POST https://api.notion.com/v1/pages "HTTP/1.1 200 OK"
2025-07-28 20:14:38,812 - INFO - HTTP Request: GET https://api.notion.com/v1/databases/23e035de0731803c9609e369fdbcc16d "HTTP/1.1 200 OK"
2025-07-28 20:14:38,981 - INFO - HTTP Request: GET https://api.notion.com/v1/databases/23e035de0731803c9609e369fdbcc16d "HTTP/1.1 200 OK"
2025-07-28 20:14:39,397 - INFO - HTTP Request: POST https://api.notion.com/v1/pages "HTTP/1.1 200 OK"
2025-07-28 20:14:39,570 - INFO - HTTP Request: GET https://api.notion.com/v1/databases/23e035de0731803c9609e369fdbcc16d "HTTP/1.1 200 OK"
2025-07-28 20:14:39,736 - INFO - HTTP Request: POST https://api.notion.com/v1/pages "HTTP/1.1 409 Conflict"
2025-07-28 20:14:39,740 - INFO - HTTP Request: POST https://api.notion.com/v1/pages "HTTP/1.1 409 Conflict"
2025-07-28 20:14:39,823 - INFO - HTTP Request: POST https://api.notion.com/v1/pages "HTTP/1.1 200 OK"
2025-07-28 20:14:39,847 - INFO - HTTP Request: POST https://api.notion.com/v1/databases/23e035de0731803c9609e369fdbcc16d/query "HTTP/1.1 200 OK"
2025-07-28 20:14:40,048 - INFO - HTTP Request: POST https://api.notion.com/v1/pages "HTTP/1.1 200 OK"
2025-07-28 20:14:40,699 - INFO - HTTP Request: GET https://api.notion.com/v1/databases/23e035de0731803c9609e369fdbcc16d "HTTP/1.1 200 OK"
2025-07-28 20:14:41,151 - INFO - HTTP Request: GET https://api.notion.com/v1/databases/23e035de0731803c9609e369fdbcc16d "HTTP/1.1 200 OK"
2025-07-28 20:14:41,217 - INFO - HTTP Request: GET https://api.notion.com/v1/databases/23e035de0731803c9609e369fdbcc16d "HTTP/1.1 200 OK"
2025-07-28 20:14:41,410 - INFO - HTTP Request: POST https://api.notion.com/v1/databases/23e035de0731803c9609e369fdbcc16d/query "HTTP/1.1 200 OK"
2025-07-28 20:14:41,477 - INFO - HTTP Request: GET https://api.notion.com/v1/databases/23e035de0731803c9609e369fdbcc16d "HTTP/1.1 200 OK"
2025-07-28 20:14:41,921 - INFO - HTTP Request: GET https://api.notion.com/v1/databases/23e035de0731803c9609e369fdbcc16d "HTTP/1.1 200 OK"
2025-07-28 20:14:41,930 - INFO - HTTP Request: POST https://api.notion.com/v1/pages "HTTP/1.1 200 OK"
2025-07-28 20:14:42,096 - INFO - HTTP Request: POST https://api.notion.com/v1/pages "HTTP/1.1 200 OK"
2025-07-28 20:14:42,228 - INFO - HTTP Request: POST https://api.notion.com/v1/pages "HTTP/1.1 409 Conflict"
2025-07-28 20:14:42,326 - INFO - HTTP Request: GET https://api.notion.com/v1/databases/23e035de0731803c9609e369fdbcc16d "HTTP/1.1 200 OK"
2025-07-28 20:14:42,578 - INFO - HTTP Request: POST https://api.notion.com/v1/databases/23e035de0731803c9609e369fdbcc16d/query "HTTP/1.1 200 OK"
2025-07-28 20:14:43,120 - INFO - HTTP Request: POST https://api.notion.com/v1/pages "HTTP/1.1 200 OK"
2025-07-28 20:14:43,238 - INFO - HTTP Request: GET https://api.notion.com/v1/databases/23e035de0731803c9609e369fdbcc16d "HTTP/1.1 200 OK"
2025-07-28 20:14:43,294 - INFO - HTTP Request: GET https://api.notion.com/v1/databases/23e035de0731803c9609e369fdbcc16d "HTTP/1.1 200 OK"
2025-07-28 20:14:43,333 - INFO - HTTP Request: GET https://api.notion.com/v1/databases/23e035de0731803c9609e369fdbcc16d "HTTP/1.1 200 OK"
2025-07-28 20:14:43,686 - INFO - HTTP Request: POST https://api.notion.com/v1/databases/23e035de0731803c9609e369fdbcc16d/query "HTTP/1.1 200 OK"
2025-07-28 20:14:43,765 - INFO - HTTP Request: POST https://api.notion.com/v1/pages "HTTP/1.1 409 Conflict"
2025-07-28 20:14:43,822 - INFO - HTTP Request: GET https://api.notion.com/v1/databases/23e035de0731803c9609e369fdbcc16d "HTTP/1.1 200 OK"
2025-07-28 20:14:43,851 - INFO - HTTP Request: POST https://api.notion.com/v1/pages "HTTP/1.1 200 OK"
2025-07-28 20:14:44,222 - INFO - HTTP Request: POST https://api.notion.com/v1/pages "HTTP/1.1 200 OK"
2025-07-28 20:14:44,316 - INFO - HTTP Request: GET https://api.notion.com/v1/databases/23e035de0731803c9609e369fdbcc16d "HTTP/1.1 200 OK"
2025-07-28 20:14:44,526 - INFO - HTTP Request: GET https://api.notion.com/v1/databases/23e035de0731803c9609e369fdbcc16d "HTTP/1.1 200 OK"
2025-07-28 20:14:44,883 - INFO - HTTP Request: GET https://api.notion.com/v1/databases/23e035de0731803c9609e369fdbcc16d "HTTP/1.1 200 OK"
2025-07-28 20:14:44,950 - INFO - HTTP Request: GET https://api.notion.com/v1/databases/23e035de0731803c9609e369fdbcc16d "HTTP/1.1 200 OK"
2025-07-28 20:14:44,991 - INFO - HTTP Request: POST https://api.notion.com/v1/pages "HTTP/1.1 200 OK"
2025-07-28 20:14:45,175 - INFO - HTTP Request: POST https://api.notion.com/v1/databases/23e035de0731803c9609e369fdbcc16d/query "HTTP/1.1 200 OK"
2025-07-28 20:14:45,237 - INFO - HTTP Request: GET https://api.notion.com/v1/databases/23e035de0731803c9609e369fdbcc16d "HTTP/1.1 200 OK"
2025-07-28 20:14:45,283 - INFO - HTTP Request: POST https://api.notion.com/v1/pages "HTTP/1.1 409 Conflict"
2025-07-28 20:14:45,333 - INFO - HTTP Request: POST https://api.notion.com/v1/pages "HTTP/1.1 200 OK"
2025-07-28 20:14:45,699 - INFO - HTTP Request: POST https://api.notion.com/v1/pages "HTTP/1.1 200 OK"
2025-07-28 20:14:45,865 - INFO - HTTP Request: GET https://api.notion.com/v1/databases/23e035de0731803c9609e369fdbcc16d "HTTP/1.1 200 OK"
2025-07-28 20:14:46,149 - INFO - HTTP Request: POST https://api.notion.com/v1/databases/23e035de0731803c9609e369fdbcc16d/query "HTTP/1.1 200 OK"
2025-07-28 20:14:46,513 - INFO - HTTP Request: GET https://api.notion.com/v1/databases/23e035de0731803c9609e369fdbcc16d "HTTP/1.1 200 OK"
2025-07-28 20:14:46,663 - INFO - HTTP Request: GET https://api.notion.com/v1/databases/23e035de0731803c9609e369fdbcc16d "HTTP/1.1 200 OK"
2025-07-28 20:14:46,691 - INFO - HTTP Request: GET https://api.notion.com/v1/databases/23e035de0731803c9609e369fdbcc16d "HTTP/1.1 200 OK"
2025-07-28 20:14:46,901 - INFO - HTTP Request: GET https://api.notion.com/v1/databases/23e035de0731803c9609e369fdbcc16d "HTTP/1.1 200 OK"
2025-07-28 20:14:46,951 - INFO - HTTP Request: GET https://api.notion.com/v1/databases/23e035de0731803c9609e369fdbcc16d "HTTP/1.1 200 OK"
2025-07-28 20:14:47,309 - INFO - HTTP Request: POST https://api.notion.com/v1/databases/23e035de0731803c9609e369fdbcc16d/query "HTTP/1.1 200 OK"
2025-07-28 20:14:47,597 - INFO - HTTP Request: POST https://api.notion.com/v1/pages "HTTP/1.1 200 OK"
2025-07-28 20:14:47,670 - INFO - HTTP Request: POST https://api.notion.com/v1/pages "HTTP/1.1 200 OK"
2025-07-28 20:14:47,782 - INFO - HTTP Request: GET https://api.notion.com/v1/databases/23e035de0731803c9609e369fdbcc16d "HTTP/1.1 200 OK"
2025-07-28 20:14:47,865 - INFO - HTTP Request: POST https://api.notion.com/v1/pages "HTTP/1.1 200 OK"
2025-07-28 20:14:47,893 - INFO - HTTP Request: GET https://api.notion.com/v1/databases/23e035de0731803c9609e369fdbcc16d "HTTP/1.1 200 OK"
2025-07-28 20:14:48,151 - INFO - HTTP Request: POST https://api.notion.com/v1/databases/23e035de0731803c9609e369fdbcc16d/query "HTTP/1.1 200 OK"
2025-07-28 20:14:48,287 - INFO - HTTP Request: POST https://api.notion.com/v1/pages "HTTP/1.1 200 OK"
2025-07-28 20:14:49,114 - INFO - HTTP Request: GET https://api.notion.com/v1/databases/23e035de0731803c9609e369fdbcc16d "HTTP/1.1 200 OK"
2025-07-28 20:14:49,358 - INFO - HTTP Request: POST https://api.notion.com/v1/pages "HTTP/1.1 200 OK"
2025-07-28 20:14:49,535 - INFO - HTTP Request: POST https://api.notion.com/v1/pages "HTTP/1.1 200 OK"
2025-07-28 20:14:49,660 - INFO - HTTP Request: GET https://api.notion.com/v1/databases/23e035de0731803c9609e369fdbcc16d "HTTP/1.1 200 OK"
2025-07-28 20:14:49,846 - INFO - HTTP Request: GET https://api.notion.com/v1/databases/23e035de0731803c9609e369fdbcc16d "HTTP/1.1 200 OK"
2025-07-28 20:14:50,238 - INFO - HTTP Request: POST https://api.notion.com/v1/pages "HTTP/1.1 200 OK"
2025-07-28 20:14:50,362 - INFO - HTTP Request: GET https://api.notion.com/v1/databases/23e035de0731803c9609e369fdbcc16d "HTTP/1.1 200 OK"
2025-07-28 20:14:50,588 - INFO - HTTP Request: GET https://api.notion.com/v1/databases/23e035de0731803c9609e369fdbcc16d "HTTP/1.1 200 OK"
2025-07-28 20:14:50,679 - INFO - HTTP Request: POST https://api.notion.com/v1/pages "HTTP/1.1 200 OK"
2025-07-28 20:14:51,015 - INFO - HTTP Request: POST https://api.notion.com/v1/pages "HTTP/1.1 200 OK"
2025-07-28 20:14:51,221 - INFO - HTTP Request: GET https://api.notion.com/v1/databases/23e035de0731803c9609e369fdbcc16d "HTTP/1.1 200 OK"
2025-07-28 20:14:51,240 - INFO - HTTP Request: GET https://api.notion.com/v1/databases/23e035de0731803c9609e369fdbcc16d "HTTP/1.1 200 OK"
2025-07-28 20:14:51,587 - INFO - HTTP Request: GET https://api.notion.com/v1/databases/23e035de0731803c9609e369fdbcc16d "HTTP/1.1 200 OK"
2025-07-28 20:14:51,675 - INFO - HTTP Request: GET https://api.notion.com/v1/databases/23e035de0731803c9609e369fdbcc16d "HTTP/1.1 200 OK"
2025-07-28 20:14:51,713 - INFO - HTTP Request: POST https://api.notion.com/v1/pages "HTTP/1.1 200 OK"
2025-07-28 20:14:51,843 - INFO - HTTP Request: POST https://api.notion.com/v1/databases/23e035de0731803c9609e369fdbcc16d/query "HTTP/1.1 200 OK"
2025-07-28 20:14:52,030 - INFO - HTTP Request: POST https://api.notion.com/v1/pages "HTTP/1.1 200 OK"
2025-07-28 20:14:52,101 - INFO - HTTP Request: POST https://api.notion.com/v1/pages "HTTP/1.1 200 OK"
2025-07-28 20:14:52,486 - INFO - HTTP Request: GET https://api.notion.com/v1/databases/23e035de0731803c9609e369fdbcc16d "HTTP/1.1 200 OK"
2025-07-28 20:14:52,751 - INFO - HTTP Request: GET https://api.notion.com/v1/databases/23e035de0731803c9609e369fdbcc16d "HTTP/1.1 200 OK"
2025-07-28 20:14:52,797 - INFO - HTTP Request: GET https://api.notion.com/v1/databases/23e035de0731803c9609e369fdbcc16d "HTTP/1.1 200 OK"
2025-07-28 20:14:52,838 - INFO - HTTP Request: POST https://api.notion.com/v1/databases/23e035de0731803c9609e369fdbcc16d/query "HTTP/1.1 200 OK"
2025-07-28 20:14:53,589 - INFO - HTTP Request: GET https://api.notion.com/v1/databases/23e035de0731803c9609e369fdbcc16d "HTTP/1.1 200 OK"
2025-07-28 20:14:53,609 - INFO - HTTP Request: POST https://api.notion.com/v1/pages "HTTP/1.1 200 OK"
2025-07-28 20:14:53,632 - INFO - HTTP Request: GET https://api.notion.com/v1/databases/23e035de0731803c9609e369fdbcc16d "HTTP/1.1 200 OK"
2025-07-28 20:14:53,821 - INFO - HTTP Request: POST https://api.notion.com/v1/pages "HTTP/1.1 200 OK"
2025-07-28 20:14:53,939 - INFO - HTTP Request: POST https://api.notion.com/v1/databases/23e035de0731803c9609e369fdbcc16d/query "HTTP/1.1 200 OK"
2025-07-28 20:14:54,183 - INFO - HTTP Request: GET https://api.notion.com/v1/databases/23e035de0731803c9609e369fdbcc16d "HTTP/1.1 200 OK"
2025-07-28 20:14:54,615 - INFO - HTTP Request: POST https://api.notion.com/v1/pages "HTTP/1.1 200 OK"
2025-07-28 20:14:54,768 - INFO - HTTP Request: GET https://api.notion.com/v1/databases/23e035de0731803c9609e369fdbcc16d "HTTP/1.1 200 OK"
2025-07-28 20:14:55,074 - INFO - HTTP Request: GET https://api.notion.com/v1/databases/23e035de0731803c9609e369fdbcc16d "HTTP/1.1 200 OK"
2025-07-28 20:14:55,218 - INFO - HTTP Request: POST https://api.notion.com/v1/pages "HTTP/1.1 200 OK"
2025-07-28 20:14:55,320 - INFO - HTTP Request: GET https://api.notion.com/v1/databases/23e035de0731803c9609e369fdbcc16d "HTTP/1.1 200 OK"
2025-07-28 20:14:55,374 - INFO - HTTP Request: POST https://api.notion.com/v1/databases/23e035de0731803c9609e369fdbcc16d/query "HTTP/1.1 200 OK"
2025-07-28 20:14:55,660 - INFO - HTTP Request: GET https://api.notion.com/v1/databases/23e035de0731803c9609e369fdbcc16d "HTTP/1.1 200 OK"
2025-07-28 20:14:55,738 - INFO - HTTP Request: POST https://api.notion.com/v1/pages "HTTP/1.1 409 Conflict"
2025-07-28 20:14:55,893 - INFO - HTTP Request: POST https://api.notion.com/v1/pages "HTTP/1.1 200 OK"
2025-07-28 20:14:56,037 - INFO - HTTP Request: POST https://api.notion.com/v1/pages "HTTP/1.1 200 OK"
2025-07-28 20:14:56,118 - INFO - HTTP Request: GET https://api.notion.com/v1/databases/23e035de0731803c9609e369fdbcc16d "HTTP/1.1 200 OK"
2025-07-28 20:14:56,394 - INFO - HTTP Request: POST https://api.notion.com/v1/databases/23e035de0731803c9609e369fdbcc16d/query "HTTP/1.1 200 OK"
2025-07-28 20:14:56,736 - INFO - HTTP Request: GET https://api.notion.com/v1/databases/23e035de0731803c9609e369fdbcc16d "HTTP/1.1 200 OK"
2025-07-28 20:14:56,759 - INFO - HTTP Request: GET https://api.notion.com/v1/databases/23e035de0731803c9609e369fdbcc16d "HTTP/1.1 200 OK"
2025-07-28 20:14:57,035 - INFO - HTTP Request: POST https://api.notion.com/v1/pages "HTTP/1.1 409 Conflict"
2025-07-28 20:14:57,137 - INFO - HTTP Request: POST https://api.notion.com/v1/pages "HTTP/1.1 409 Conflict"
2025-07-28 20:14:57,179 - INFO - HTTP Request: POST https://api.notion.com/v1/pages "HTTP/1.1 200 OK"
2025-07-28 20:14:57,324 - INFO - HTTP Request: GET https://api.notion.com/v1/databases/23e035de0731803c9609e369fdbcc16d "HTTP/1.1 200 OK"
2025-07-28 20:14:57,359 - INFO - HTTP Request: GET https://api.notion.com/v1/databases/23e035de0731803c9609e369fdbcc16d "HTTP/1.1 200 OK"
2025-07-28 20:14:57,713 - INFO - HTTP Request: POST https://api.notion.com/v1/pages "HTTP/1.1 409 Conflict"
2025-07-28 20:14:57,768 - INFO - HTTP Request: POST https://api.notion.com/v1/pages "HTTP/1.1 200 OK"
2025-07-28 20:14:57,860 - INFO - HTTP Request: GET https://api.notion.com/v1/databases/23e035de0731803c9609e369fdbcc16d "HTTP/1.1 200 OK"
2025-07-28 20:14:58,131 - INFO - HTTP Request: GET https://api.notion.com/v1/databases/23e035de0731803c9609e369fdbcc16d "HTTP/1.1 200 OK"
2025-07-28 20:14:58,138 - INFO - HTTP Request: POST https://api.notion.com/v1/databases/23e035de0731803c9609e369fdbcc16d/query "HTTP/1.1 200 OK"
2025-07-28 20:14:58,267 - INFO - HTTP Request: GET https://api.notion.com/v1/databases/23e035de0731803c9609e369fdbcc16d "HTTP/1.1 200 OK"
2025-07-28 20:14:58,565 - INFO - HTTP Request: POST https://api.notion.com/v1/pages "HTTP/1.1 200 OK"
2025-07-28 20:14:58,611 - INFO - HTTP Request: GET https://api.notion.com/v1/databases/23e035de0731803c9609e369fdbcc16d "HTTP/1.1 200 OK"
2025-07-28 20:14:58,894 - INFO - HTTP Request: GET https://api.notion.com/v1/databases/23e035de0731803c9609e369fdbcc16d "HTTP/1.1 200 OK"
2025-07-28 20:14:59,006 - INFO - HTTP Request: GET https://api.notion.com/v1/databases/23e035de0731803c9609e369fdbcc16d "HTTP/1.1 200 OK"
2025-07-28 20:14:59,104 - INFO - HTTP Request: POST https://api.notion.com/v1/pages "HTTP/1.1 200 OK"
2025-07-28 20:14:59,228 - INFO - HTTP Request: GET https://api.notion.com/v1/databases/23e035de0731803c9609e369fdbcc16d "HTTP/1.1 200 OK"
2025-07-28 20:14:59,327 - INFO - HTTP Request: POST https://api.notion.com/v1/pages "HTTP/1.1 200 OK"
2025-07-28 20:14:59,420 - INFO - HTTP Request: POST https://api.notion.com/v1/pages "HTTP/1.1 200 OK"
2025-07-28 20:14:59,554 - INFO - HTTP Request: GET https://api.notion.com/v1/databases/23e035de0731803c9609e369fdbcc16d "HTTP/1.1 200 OK"
2025-07-28 20:14:59,562 - INFO - HTTP Request: POST https://api.notion.com/v1/databases/23e035de0731803c9609e369fdbcc16d/query "HTTP/1.1 200 OK"
2025-07-28 20:15:00,053 - INFO - HTTP Request: GET https://api.notion.com/v1/databases/23e035de0731803c9609e369fdbcc16d "HTTP/1.1 200 OK"
2025-07-28 20:15:00,132 - INFO - HTTP Request: POST https://api.notion.com/v1/pages "HTTP/1.1 200 OK"
2025-07-28 20:15:00,160 - INFO - HTTP Request: POST https://api.notion.com/v1/pages "HTTP/1.1 200 OK"
2025-07-28 20:15:00,626 - INFO - HTTP Request: GET https://api.notion.com/v1/databases/23e035de0731803c9609e369fdbcc16d "HTTP/1.1 200 OK"
2025-07-28 20:15:00,644 - INFO - HTTP Request: GET https://api.notion.com/v1/databases/23e035de0731803c9609e369fdbcc16d "HTTP/1.1 200 OK"
2025-07-28 20:15:00,672 - INFO - HTTP Request: GET https://api.notion.com/v1/databases/23e035de0731803c9609e369fdbcc16d "HTTP/1.1 200 OK"
2025-07-28 20:15:00,887 - INFO - HTTP Request: POST https://api.notion.com/v1/databases/23e035de0731803c9609e369fdbcc16d/query "HTTP/1.1 200 OK"
2025-07-28 20:15:01,287 - INFO - HTTP Request: GET https://api.notion.com/v1/databases/23e035de0731803c9609e369fdbcc16d "HTTP/1.1 200 OK"
2025-07-28 20:15:01,313 - INFO - HTTP Request: GET https://api.notion.com/v1/databases/23e035de0731803c9609e369fdbcc16d "HTTP/1.1 200 OK"
2025-07-28 20:15:01,503 - INFO - HTTP Request: GET https://api.notion.com/v1/databases/23e035de0731803c9609e369fdbcc16d "HTTP/1.1 200 OK"
2025-07-28 20:15:01,653 - INFO - HTTP Request: POST https://api.notion.com/v1/pages "HTTP/1.1 200 OK"
2025-07-28 20:15:01,724 - INFO - HTTP Request: POST https://api.notion.com/v1/pages "HTTP/1.1 200 OK"
2025-07-28 20:15:01,780 - INFO - HTTP Request: POST https://api.notion.com/v1/pages "HTTP/1.1 200 OK"
2025-07-28 20:15:02,794 - INFO - HTTP Request: GET https://api.notion.com/v1/databases/23e035de0731803c9609e369fdbcc16d "HTTP/1.1 200 OK"
2025-07-28 20:15:03,176 - INFO - HTTP Request: GET https://api.notion.com/v1/databases/23e035de0731803c9609e369fdbcc16d "HTTP/1.1 200 OK"
2025-07-28 20:15:03,371 - INFO - HTTP Request: POST https://api.notion.com/v1/pages "HTTP/1.1 409 Conflict"
2025-07-28 20:15:03,718 - INFO - HTTP Request: POST https://api.notion.com/v1/pages "HTTP/1.1 409 Conflict"
2025-07-28 20:15:03,751 - INFO - HTTP Request: POST https://api.notion.com/v1/pages "HTTP/1.1 200 OK"
2025-07-28 20:15:03,922 - INFO - HTTP Request: POST https://api.notion.com/v1/databases/23e035de0731803c9609e369fdbcc16d/query "HTTP/1.1 200 OK"
2025-07-28 20:15:03,977 - INFO - HTTP Request: POST https://api.notion.com/v1/pages "HTTP/1.1 200 OK"
2025-07-28 20:15:04,407 - INFO - HTTP Request: GET https://api.notion.com/v1/databases/23e035de0731803c9609e369fdbcc16d "HTTP/1.1 200 OK"
2025-07-28 20:15:04,841 - INFO - HTTP Request: GET https://api.notion.com/v1/databases/23e035de0731803c9609e369fdbcc16d "HTTP/1.1 200 OK"
2025-07-28 20:15:04,978 - INFO - HTTP Request: GET https://api.notion.com/v1/databases/23e035de0731803c9609e369fdbcc16d "HTTP/1.1 200 OK"
2025-07-28 20:15:05,025 - INFO - HTTP Request: GET https://api.notion.com/v1/databases/23e035de0731803c9609e369fdbcc16d "HTTP/1.1 200 OK"
2025-07-28 20:15:05,109 - INFO - HTTP Request: GET https://api.notion.com/v1/databases/23e035de0731803c9609e369fdbcc16d "HTTP/1.1 200 OK"
2025-07-28 20:15:05,120 - INFO - HTTP Request: POST https://api.notion.com/v1/databases/23e035de0731803c9609e369fdbcc16d/query "HTTP/1.1 200 OK"
2025-07-28 20:15:05,414 - INFO - HTTP Request: POST https://api.notion.com/v1/pages "HTTP/1.1 200 OK"
2025-07-28 20:15:06,157 - INFO - HTTP Request: POST https://api.notion.com/v1/pages "HTTP/1.1 200 OK"
2025-07-28 20:15:06,281 - INFO - HTTP Request: GET https://api.notion.com/v1/databases/23e035de0731803c9609e369fdbcc16d "HTTP/1.1 200 OK"
2025-07-28 20:15:06,417 - INFO - HTTP Request: GET https://api.notion.com/v1/databases/23e035de0731803c9609e369fdbcc16d "HTTP/1.1 200 OK"
2025-07-28 20:15:06,808 - INFO - HTTP Request: POST https://api.notion.com/v1/databases/23e035de0731803c9609e369fdbcc16d/query "HTTP/1.1 200 OK"
2025-07-28 20:15:06,985 - INFO - HTTP Request: GET https://api.notion.com/v1/databases/23e035de0731803c9609e369fdbcc16d "HTTP/1.1 200 OK"
2025-07-28 20:15:07,134 - INFO - HTTP Request: GET https://api.notion.com/v1/databases/23e035de0731803c9609e369fdbcc16d "HTTP/1.1 200 OK"
2025-07-28 20:15:07,295 - INFO - HTTP Request: POST https://api.notion.com/v1/pages "HTTP/1.1 409 Conflict"
2025-07-28 20:15:07,309 - INFO - HTTP Request: POST https://api.notion.com/v1/pages "HTTP/1.1 409 Conflict"
2025-07-28 20:15:07,572 - INFO - HTTP Request: POST https://api.notion.com/v1/pages "HTTP/1.1 200 OK"
2025-07-28 20:15:07,750 - INFO - HTTP Request: POST https://api.notion.com/v1/pages "HTTP/1.1 200 OK"
2025-07-28 20:15:08,275 - INFO - HTTP Request: POST https://api.notion.com/v1/pages "HTTP/1.1 200 OK"
2025-07-28 20:15:08,421 - INFO - HTTP Request: GET https://api.notion.com/v1/databases/23e035de0731803c9609e369fdbcc16d "HTTP/1.1 200 OK"
2025-07-28 20:15:08,490 - INFO - HTTP Request: GET https://api.notion.com/v1/databases/23e035de0731803c9609e369fdbcc16d "HTTP/1.1 200 OK"
2025-07-28 20:15:08,820 - INFO - HTTP Request: GET https://api.notion.com/v1/databases/23e035de0731803c9609e369fdbcc16d "HTTP/1.1 200 OK"
2025-07-28 20:15:08,875 - INFO - HTTP Request: GET https://api.notion.com/v1/databases/23e035de0731803c9609e369fdbcc16d "HTTP/1.1 200 OK"
2025-07-28 20:15:08,882 - INFO - HTTP Request: POST https://api.notion.com/v1/pages "HTTP/1.1 200 OK"
2025-07-28 20:15:09,287 - INFO - HTTP Request: POST https://api.notion.com/v1/pages "HTTP/1.1 200 OK"
2025-07-28 20:15:09,334 - INFO - HTTP Request: GET https://api.notion.com/v1/databases/23e035de0731803c9609e369fdbcc16d "HTTP/1.1 200 OK"
2025-07-28 20:15:09,399 - INFO - HTTP Request: GET https://api.notion.com/v1/databases/23e035de0731803c9609e369fdbcc16d "HTTP/1.1 200 OK"
2025-07-28 20:15:09,601 - INFO - HTTP Request: POST https://api.notion.com/v1/databases/23e035de0731803c9609e369fdbcc16d/query "HTTP/1.1 200 OK"
2025-07-28 20:15:09,926 - INFO - HTTP Request: GET https://api.notion.com/v1/databases/23e035de0731803c9609e369fdbcc16d "HTTP/1.1 200 OK"
2025-07-28 20:15:10,241 - INFO - HTTP Request: POST https://api.notion.com/v1/pages "HTTP/1.1 200 OK"
2025-07-28 20:15:10,369 - INFO - HTTP Request: GET https://api.notion.com/v1/databases/23e035de0731803c9609e369fdbcc16d "HTTP/1.1 200 OK"
2025-07-28 20:15:10,451 - INFO - HTTP Request: GET https://api.notion.com/v1/databases/23e035de0731803c9609e369fdbcc16d "HTTP/1.1 200 OK"
2025-07-28 20:15:10,472 - INFO - HTTP Request: POST https://api.notion.com/v1/pages "HTTP/1.1 200 OK"
2025-07-28 20:15:10,673 - INFO - HTTP Request: POST https://api.notion.com/v1/databases/23e035de0731803c9609e369fdbcc16d/query "HTTP/1.1 200 OK"
2025-07-28 20:15:10,879 - INFO - HTTP Request: POST https://api.notion.com/v1/pages "HTTP/1.1 200 OK"
2025-07-28 20:15:11,516 - INFO - HTTP Request: GET https://api.notion.com/v1/databases/23e035de0731803c9609e369fdbcc16d "HTTP/1.1 200 OK"
2025-07-28 20:15:11,692 - INFO - HTTP Request: POST https://api.notion.com/v1/pages "HTTP/1.1 200 OK"
2025-07-28 20:15:11,813 - INFO - HTTP Request: POST https://api.notion.com/v1/databases/23e035de0731803c9609e369fdbcc16d/query "HTTP/1.1 200 OK"
2025-07-28 20:15:12,182 - INFO - HTTP Request: GET https://api.notion.com/v1/databases/23e035de0731803c9609e369fdbcc16d "HTTP/1.1 200 OK"
2025-07-28 20:15:12,410 - INFO - HTTP Request: GET https://api.notion.com/v1/databases/23e035de0731803c9609e369fdbcc16d "HTTP/1.1 200 OK"
2025-07-28 20:15:12,633 - INFO - HTTP Request: GET https://api.notion.com/v1/databases/23e035de0731803c9609e369fdbcc16d "HTTP/1.1 200 OK"
2025-07-28 20:15:12,672 - INFO - HTTP Request: POST https://api.notion.com/v1/pages "HTTP/1.1 200 OK"
2025-07-28 20:15:12,792 - INFO - HTTP Request: GET https://api.notion.com/v1/databases/23e035de0731803c9609e369fdbcc16d "HTTP/1.1 200 OK"
2025-07-28 20:15:13,364 - INFO - HTTP Request: GET https://api.notion.com/v1/databases/23e035de0731803c9609e369fdbcc16d "HTTP/1.1 200 OK"
2025-07-28 20:15:13,404 - INFO - HTTP Request: POST https://api.notion.com/v1/pages "HTTP/1.1 200 OK"
2025-07-28 20:15:13,447 - INFO - HTTP Request: POST https://api.notion.com/v1/pages "HTTP/1.1 200 OK"
2025-07-28 20:15:13,655 - INFO - HTTP Request: GET https://api.notion.com/v1/databases/23e035de0731803c9609e369fdbcc16d "HTTP/1.1 200 OK"
2025-07-28 20:15:14,081 - INFO - HTTP Request: POST https://api.notion.com/v1/pages "HTTP/1.1 200 OK"
2025-07-28 20:15:14,382 - INFO - HTTP Request: POST https://api.notion.com/v1/pages "HTTP/1.1 200 OK"
2025-07-28 20:15:14,457 - INFO - HTTP Request: POST https://api.notion.com/v1/pages "HTTP/1.1 200 OK"
2025-07-28 20:15:14,732 - INFO - HTTP Request: GET https://api.notion.com/v1/databases/23e035de0731803c9609e369fdbcc16d "HTTP/1.1 200 OK"
2025-07-28 20:15:14,976 - INFO - HTTP Request: GET https://api.notion.com/v1/databases/23e035de0731803c9609e369fdbcc16d "HTTP/1.1 200 OK"
2025-07-28 20:15:15,073 - INFO - HTTP Request: GET https://api.notion.com/v1/databases/23e035de0731803c9609e369fdbcc16d "HTTP/1.1 200 OK"
2025-07-28 20:15:15,450 - INFO - HTTP Request: POST https://api.notion.com/v1/pages "HTTP/1.1 200 OK"
2025-07-28 20:15:15,458 - INFO - HTTP Request: GET https://api.notion.com/v1/databases/23e035de0731803c9609e369fdbcc16d "HTTP/1.1 200 OK"
2025-07-28 20:15:15,603 - INFO - HTTP Request: GET https://api.notion.com/v1/databases/23e035de0731803c9609e369fdbcc16d "HTTP/1.1 200 OK"
2025-07-28 20:15:16,035 - INFO - HTTP Request: POST https://api.notion.com/v1/databases/23e035de0731803c9609e369fdbcc16d/query "HTTP/1.1 200 OK"
2025-07-28 20:15:16,565 - INFO - HTTP Request: POST https://api.notion.com/v1/pages "HTTP/1.1 200 OK"
2025-07-28 20:15:17,653 - INFO - HTTP Request: GET https://api.notion.com/v1/databases/23e035de0731803c9609e369fdbcc16d "HTTP/1.1 200 OK"
2025-07-28 20:15:17,722 - INFO - HTTP Request: POST https://api.notion.com/v1/pages "HTTP/1.1 200 OK"
2025-07-28 20:15:17,946 - INFO - HTTP Request: POST https://api.notion.com/v1/pages "HTTP/1.1 409 Conflict"
2025-07-28 20:15:17,953 - INFO - HTTP Request: POST https://api.notion.com/v1/databases/23e035de0731803c9609e369fdbcc16d/query "HTTP/1.1 200 OK"
2025-07-28 20:15:18,237 - INFO - HTTP Request: GET https://api.notion.com/v1/databases/23e035de0731803c9609e369fdbcc16d "HTTP/1.1 200 OK"
2025-07-28 20:15:18,631 - INFO - HTTP Request: GET https://api.notion.com/v1/databases/23e035de0731803c9609e369fdbcc16d "HTTP/1.1 200 OK"
2025-07-28 20:15:18,686 - INFO - HTTP Request: POST https://api.notion.com/v1/pages "HTTP/1.1 200 OK"
2025-07-28 20:15:18,966 - INFO - HTTP Request: GET https://api.notion.com/v1/databases/23e035de0731803c9609e369fdbcc16d "HTTP/1.1 200 OK"
2025-07-28 20:15:18,996 - INFO - HTTP Request: GET https://api.notion.com/v1/databases/23e035de0731803c9609e369fdbcc16d "HTTP/1.1 200 OK"
2025-07-28 20:15:19,020 - INFO - HTTP Request: POST https://api.notion.com/v1/databases/23e035de0731803c9609e369fdbcc16d/query "HTTP/1.1 200 OK"
2025-07-28 20:15:19,078 - INFO - HTTP Request: POST https://api.notion.com/v1/pages "HTTP/1.1 200 OK"
2025-07-28 20:15:19,374 - INFO - HTTP Request: POST https://api.notion.com/v1/pages "HTTP/1.1 409 Conflict"
2025-07-28 20:15:19,462 - INFO - HTTP Request: POST https://api.notion.com/v1/pages "HTTP/1.1 200 OK"
2025-07-28 20:15:19,664 - INFO - HTTP Request: GET https://api.notion.com/v1/databases/23e035de0731803c9609e369fdbcc16d "HTTP/1.1 200 OK"
2025-07-28 20:15:19,844 - INFO - HTTP Request: GET https://api.notion.com/v1/databases/23e035de0731803c9609e369fdbcc16d "HTTP/1.1 200 OK"
2025-07-28 20:15:19,906 - INFO - HTTP Request: GET https://api.notion.com/v1/databases/23e035de0731803c9609e369fdbcc16d "HTTP/1.1 200 OK"
2025-07-28 20:15:20,147 - INFO - HTTP Request: GET https://api.notion.com/v1/databases/23e035de0731803c9609e369fdbcc16d "HTTP/1.1 200 OK"
2025-07-28 20:15:20,523 - INFO - HTTP Request: GET https://api.notion.com/v1/databases/23e035de0731803c9609e369fdbcc16d "HTTP/1.1 200 OK"
2025-07-28 20:15:20,633 - INFO - HTTP Request: POST https://api.notion.com/v1/pages "HTTP/1.1 200 OK"
2025-07-28 20:15:21,055 - INFO - HTTP Request: GET https://api.notion.com/v1/databases/23e035de0731803c9609e369fdbcc16d "HTTP/1.1 200 OK"
2025-07-28 20:15:21,134 - INFO - HTTP Request: POST https://api.notion.com/v1/pages "HTTP/1.1 200 OK"
2025-07-28 20:15:21,614 - INFO - HTTP Request: GET https://api.notion.com/v1/databases/23e035de0731803c9609e369fdbcc16d "HTTP/1.1 200 OK"
2025-07-28 20:15:22,028 - INFO - HTTP Request: POST https://api.notion.com/v1/pages "HTTP/1.1 200 OK"
2025-07-28 20:15:22,046 - INFO - HTTP Request: POST https://api.notion.com/v1/databases/23e035de0731803c9609e369fdbcc16d/query "HTTP/1.1 200 OK"
2025-07-28 20:15:22,176 - INFO - HTTP Request: GET https://api.notion.com/v1/databases/23e035de0731803c9609e369fdbcc16d "HTTP/1.1 200 OK"
2025-07-28 20:15:22,619 - INFO - HTTP Request: POST https://api.notion.com/v1/pages "HTTP/1.1 200 OK"
2025-07-28 20:15:22,697 - INFO - HTTP Request: GET https://api.notion.com/v1/databases/23e035de0731803c9609e369fdbcc16d "HTTP/1.1 200 OK"
2025-07-28 20:15:22,714 - INFO - HTTP Request: POST https://api.notion.com/v1/pages "HTTP/1.1 409 Conflict"
2025-07-28 20:15:23,264 - INFO - HTTP Request: POST https://api.notion.com/v1/pages "HTTP/1.1 409 Conflict"
2025-07-28 20:15:23,439 - INFO - HTTP Request: POST https://api.notion.com/v1/pages "HTTP/1.1 200 OK"
2025-07-28 20:15:23,555 - INFO - HTTP Request: POST https://api.notion.com/v1/databases/23e035de0731803c9609e369fdbcc16d/query "HTTP/1.1 200 OK"
2025-07-28 20:15:23,649 - INFO - HTTP Request: GET https://api.notion.com/v1/databases/23e035de0731803c9609e369fdbcc16d "HTTP/1.1 200 OK"
2025-07-28 20:15:24,092 - INFO - HTTP Request: POST https://api.notion.com/v1/pages "HTTP/1.1 200 OK"
2025-07-28 20:15:24,214 - INFO - HTTP Request: GET https://api.notion.com/v1/databases/23e035de0731803c9609e369fdbcc16d "HTTP/1.1 200 OK"
2025-07-28 20:15:24,291 - INFO - HTTP Request: GET https://api.notion.com/v1/databases/23e035de0731803c9609e369fdbcc16d "HTTP/1.1 200 OK"
2025-07-28 20:15:24,501 - INFO - HTTP Request: GET https://api.notion.com/v1/databases/23e035de0731803c9609e369fdbcc16d "HTTP/1.1 200 OK"
2025-07-28 20:15:24,515 - INFO - HTTP Request: GET https://api.notion.com/v1/databases/23e035de0731803c9609e369fdbcc16d "HTTP/1.1 200 OK"
2025-07-28 20:15:24,613 - INFO - HTTP Request: POST https://api.notion.com/v1/pages "HTTP/1.1 200 OK"
2025-07-28 20:15:25,051 - INFO - HTTP Request: POST https://api.notion.com/v1/pages "HTTP/1.1 200 OK"
2025-07-28 20:15:25,156 - INFO - HTTP Request: GET https://api.notion.com/v1/databases/23e035de0731803c9609e369fdbcc16d "HTTP/1.1 200 OK"
2025-07-28 20:15:25,615 - INFO - HTTP Request: GET https://api.notion.com/v1/databases/23e035de0731803c9609e369fdbcc16d "HTTP/1.1 200 OK"
2025-07-28 20:15:25,799 - INFO - HTTP Request: POST https://api.notion.com/v1/pages "HTTP/1.1 200 OK"
2025-07-28 20:15:25,801 - INFO - HTTP Request: POST https://api.notion.com/v1/databases/23e035de0731803c9609e369fdbcc16d/query "HTTP/1.1 200 OK"
2025-07-28 20:15:26,573 - INFO - HTTP Request: GET https://api.notion.com/v1/databases/23e035de0731803c9609e369fdbcc16d "HTTP/1.1 200 OK"
2025-07-28 20:15:26,600 - INFO - HTTP Request: POST https://api.notion.com/v1/pages "HTTP/1.1 200 OK"
2025-07-28 20:15:26,798 - INFO - HTTP Request: GET https://api.notion.com/v1/databases/23e035de0731803c9609e369fdbcc16d "HTTP/1.1 200 OK"
2025-07-28 20:15:26,867 - INFO - HTTP Request: GET https://api.notion.com/v1/databases/23e035de0731803c9609e369fdbcc16d "HTTP/1.1 200 OK"
2025-07-28 20:15:27,206 - INFO - HTTP Request: POST https://api.notion.com/v1/pages "HTTP/1.1 200 OK"
2025-07-28 20:15:27,284 - INFO - HTTP Request: POST https://api.notion.com/v1/databases/23e035de0731803c9609e369fdbcc16d/query "HTTP/1.1 200 OK"
2025-07-28 20:15:27,572 - INFO - HTTP Request: GET https://api.notion.com/v1/databases/23e035de0731803c9609e369fdbcc16d "HTTP/1.1 200 OK"
2025-07-28 20:15:27,591 - INFO - HTTP Request: GET https://api.notion.com/v1/databases/23e035de0731803c9609e369fdbcc16d "HTTP/1.1 200 OK"
2025-07-28 20:15:27,603 - INFO - HTTP Request: POST https://api.notion.com/v1/pages "HTTP/1.1 200 OK"
2025-07-28 20:15:28,177 - INFO - HTTP Request: GET https://api.notion.com/v1/databases/23e035de0731803c9609e369fdbcc16d "HTTP/1.1 200 OK"
2025-07-28 20:15:28,196 - INFO - HTTP Request: GET https://api.notion.com/v1/databases/23e035de0731803c9609e369fdbcc16d "HTTP/1.1 200 OK"
2025-07-28 20:15:28,396 - INFO - HTTP Request: POST https://api.notion.com/v1/pages "HTTP/1.1 200 OK"
2025-07-28 20:15:28,549 - INFO - HTTP Request: POST https://api.notion.com/v1/pages "HTTP/1.1 409 Conflict"
2025-07-28 20:15:28,606 - INFO - HTTP Request: POST https://api.notion.com/v1/pages "HTTP/1.1 200 OK"
2025-07-28 20:15:28,810 - INFO - HTTP Request: POST https://api.notion.com/v1/pages "HTTP/1.1 200 OK"
2025-07-28 20:15:29,520 - INFO - HTTP Request: GET https://api.notion.com/v1/databases/23e035de0731803c9609e369fdbcc16d "HTTP/1.1 200 OK"
2025-07-28 20:15:29,758 - INFO - HTTP Request: GET https://api.notion.com/v1/databases/23e035de0731803c9609e369fdbcc16d "HTTP/1.1 200 OK"
2025-07-28 20:15:29,843 - INFO - HTTP Request: GET https://api.notion.com/v1/databases/23e035de0731803c9609e369fdbcc16d "HTTP/1.1 200 OK"
2025-07-28 20:15:30,195 - INFO - HTTP Request: POST https://api.notion.com/v1/pages "HTTP/1.1 200 OK"
2025-07-28 20:15:30,295 - INFO - HTTP Request: GET https://api.notion.com/v1/databases/23e035de0731803c9609e369fdbcc16d "HTTP/1.1 200 OK"
2025-07-28 20:15:30,322 - INFO - HTTP Request: POST https://api.notion.com/v1/databases/23e035de0731803c9609e369fdbcc16d/query "HTTP/1.1 200 OK"
2025-07-28 20:15:30,467 - INFO - HTTP Request: POST https://api.notion.com/v1/pages "HTTP/1.1 200 OK"
2025-07-28 20:15:30,939 - INFO - HTTP Request: POST https://api.notion.com/v1/pages "HTTP/1.1 200 OK"
2025-07-28 20:15:30,992 - INFO - HTTP Request: GET https://api.notion.com/v1/databases/23e035de0731803c9609e369fdbcc16d "HTTP/1.1 200 OK"
2025-07-28 20:15:31,162 - INFO - HTTP Request: POST https://api.notion.com/v1/pages "HTTP/1.1 200 OK"
2025-07-28 20:15:31,263 - INFO - HTTP Request: GET https://api.notion.com/v1/databases/23e035de0731803c9609e369fdbcc16d "HTTP/1.1 200 OK"
2025-07-28 20:15:31,421 - INFO - HTTP Request: POST https://api.notion.com/v1/pages "HTTP/1.1 200 OK"
2025-07-28 20:15:31,460 - INFO - HTTP Request: GET https://api.notion.com/v1/databases/23e035de0731803c9609e369fdbcc16d "HTTP/1.1 200 OK"
2025-07-28 20:15:31,865 - INFO - HTTP Request: GET https://api.notion.com/v1/databases/23e035de0731803c9609e369fdbcc16d "HTTP/1.1 200 OK"
2025-07-28 20:15:32,101 - INFO - HTTP Request: GET https://api.notion.com/v1/databases/23e035de0731803c9609e369fdbcc16d "HTTP/1.1 200 OK"
2025-07-28 20:15:32,263 - INFO - HTTP Request: POST https://api.notion.com/v1/pages "HTTP/1.1 409 Conflict"
2025-07-28 20:15:32,292 - INFO - HTTP Request: POST https://api.notion.com/v1/pages "HTTP/1.1 200 OK"
2025-07-28 20:15:32,529 - INFO - HTTP Request: POST https://api.notion.com/v1/pages "HTTP/1.1 200 OK"
2025-07-28 20:15:32,573 - INFO - HTTP Request: GET https://api.notion.com/v1/databases/23e035de0731803c9609e369fdbcc16d "HTTP/1.1 200 OK"
2025-07-28 20:15:33,050 - INFO - HTTP Request: POST https://api.notion.com/v1/pages "HTTP/1.1 200 OK"
2025-07-28 20:15:33,167 - INFO - HTTP Request: GET https://api.notion.com/v1/databases/23e035de0731803c9609e369fdbcc16d "HTTP/1.1 200 OK"
2025-07-28 20:15:33,557 - INFO - HTTP Request: GET https://api.notion.com/v1/databases/23e035de0731803c9609e369fdbcc16d "HTTP/1.1 200 OK"
2025-07-28 20:15:33,635 - INFO - HTTP Request: POST https://api.notion.com/v1/pages "HTTP/1.1 200 OK"
2025-07-28 20:15:34,041 - INFO - HTTP Request: GET https://api.notion.com/v1/databases/23e035de0731803c9609e369fdbcc16d "HTTP/1.1 200 OK"
2025-07-28 20:15:34,380 - INFO - HTTP Request: POST https://api.notion.com/v1/pages "HTTP/1.1 200 OK"
2025-07-28 20:15:34,505 - INFO - HTTP Request: GET https://api.notion.com/v1/databases/23e035de0731803c9609e369fdbcc16d "HTTP/1.1 200 OK"
2025-07-28 20:15:34,555 - INFO - HTTP Request: POST https://api.notion.com/v1/pages "HTTP/1.1 200 OK"
2025-07-28 20:15:35,004 - INFO - HTTP Request: GET https://api.notion.com/v1/databases/23e035de0731803c9609e369fdbcc16d "HTTP/1.1 200 OK"
2025-07-28 20:15:35,082 - INFO - HTTP Request: POST https://api.notion.com/v1/pages "HTTP/1.1 200 OK"
2025-07-28 20:15:35,182 - INFO - HTTP Request: GET https://api.notion.com/v1/databases/23e035de0731803c9609e369fdbcc16d "HTTP/1.1 200 OK"
2025-07-28 20:15:35,416 - INFO - HTTP Request: GET https://api.notion.com/v1/databases/23e035de0731803c9609e369fdbcc16d "HTTP/1.1 200 OK"
2025-07-28 20:15:35,600 - INFO - HTTP Request: POST https://api.notion.com/v1/pages "HTTP/1.1 200 OK"
2025-07-28 20:15:35,620 - INFO - HTTP Request: POST https://api.notion.com/v1/pages "HTTP/1.1 200 OK"
2025-07-28 20:15:35,916 - INFO - HTTP Request: POST https://api.notion.com/v1/databases/23e035de0731803c9609e369fdbcc16d/query "HTTP/1.1 200 OK"
2025-07-28 20:15:35,938 - INFO - HTTP Request: POST https://api.notion.com/v1/pages "HTTP/1.1 200 OK"
2025-07-28 20:15:36,090 - INFO - HTTP Request: GET https://api.notion.com/v1/databases/23e035de0731803c9609e369fdbcc16d "HTTP/1.1 200 OK"
2025-07-28 20:15:36,097 - INFO - HTTP Request: GET https://api.notion.com/v1/databases/23e035de0731803c9609e369fdbcc16d "HTTP/1.1 200 OK"
2025-07-28 20:15:36,566 - INFO - HTTP Request: POST https://api.notion.com/v1/pages "HTTP/1.1 200 OK"
2025-07-28 20:15:36,809 - INFO - HTTP Request: POST https://api.notion.com/v1/pages "HTTP/1.1 200 OK"
2025-07-28 20:15:36,844 - INFO - HTTP Request: GET https://api.notion.com/v1/databases/23e035de0731803c9609e369fdbcc16d "HTTP/1.1 200 OK"
2025-07-28 20:15:36,867 - INFO - HTTP Request: GET https://api.notion.com/v1/databases/23e035de0731803c9609e369fdbcc16d "HTTP/1.1 200 OK"
2025-07-28 20:15:36,922 - INFO - HTTP Request: GET https://api.notion.com/v1/databases/23e035de0731803c9609e369fdbcc16d "HTTP/1.1 200 OK"
2025-07-28 20:15:37,113 - INFO - HTTP Request: GET https://api.notion.com/v1/databases/23e035de0731803c9609e369fdbcc16d "HTTP/1.1 200 OK"
2025-07-28 20:15:37,199 - INFO - HTTP Request: POST https://api.notion.com/v1/databases/23e035de0731803c9609e369fdbcc16d/query "HTTP/1.1 200 OK"
2025-07-28 20:15:37,391 - INFO - HTTP Request: POST https://api.notion.com/v1/pages "HTTP/1.1 200 OK"
2025-07-28 20:15:37,536 - INFO - HTTP Request: GET https://api.notion.com/v1/databases/23e035de0731803c9609e369fdbcc16d "HTTP/1.1 200 OK"
2025-07-28 20:15:37,680 - INFO - HTTP Request: POST https://api.notion.com/v1/pages "HTTP/1.1 200 OK"
2025-07-28 20:15:37,939 - INFO - HTTP Request: GET https://api.notion.com/v1/databases/23e035de0731803c9609e369fdbcc16d "HTTP/1.1 200 OK"
2025-07-28 20:15:37,959 - INFO - HTTP Request: GET https://api.notion.com/v1/databases/23e035de0731803c9609e369fdbcc16d "HTTP/1.1 200 OK"
2025-07-28 20:15:37,961 - INFO - HTTP Request: POST https://api.notion.com/v1/pages "HTTP/1.1 200 OK"
2025-07-28 20:15:38,249 - INFO - HTTP Request: POST https://api.notion.com/v1/databases/23e035de0731803c9609e369fdbcc16d/query "HTTP/1.1 200 OK"
2025-07-28 20:15:38,736 - INFO - HTTP Request: GET https://api.notion.com/v1/databases/23e035de0731803c9609e369fdbcc16d "HTTP/1.1 200 OK"
2025-07-28 20:15:38,793 - INFO - HTTP Request: GET https://api.notion.com/v1/databases/23e035de0731803c9609e369fdbcc16d "HTTP/1.1 200 OK"
2025-07-28 20:15:38,963 - INFO - HTTP Request: GET https://api.notion.com/v1/databases/23e035de0731803c9609e369fdbcc16d "HTTP/1.1 200 OK"
2025-07-28 20:15:38,995 - INFO - HTTP Request: POST https://api.notion.com/v1/pages "HTTP/1.1 200 OK"
2025-07-28 20:15:39,059 - INFO - HTTP Request: GET https://api.notion.com/v1/databases/23e035de0731803c9609e369fdbcc16d "HTTP/1.1 200 OK"
2025-07-28 20:15:39,268 - INFO - HTTP Request: POST https://api.notion.com/v1/databases/23e035de0731803c9609e369fdbcc16d/query "HTTP/1.1 200 OK"
2025-07-28 20:15:39,981 - INFO - HTTP Request: GET https://api.notion.com/v1/databases/23e035de0731803c9609e369fdbcc16d "HTTP/1.1 200 OK"
2025-07-28 20:15:40,047 - INFO - HTTP Request: GET https://api.notion.com/v1/databases/23e035de0731803c9609e369fdbcc16d "HTTP/1.1 200 OK"
2025-07-28 20:15:40,070 - INFO - HTTP Request: POST https://api.notion.com/v1/pages "HTTP/1.1 200 OK"
2025-07-28 20:15:40,280 - INFO - HTTP Request: POST https://api.notion.com/v1/databases/23e035de0731803c9609e369fdbcc16d/query "HTTP/1.1 200 OK"
2025-07-28 20:15:40,950 - INFO - HTTP Request: GET https://api.notion.com/v1/databases/23e035de0731803c9609e369fdbcc16d "HTTP/1.1 200 OK"
2025-07-28 20:15:41,670 - INFO - HTTP Request: GET https://api.notion.com/v1/databases/23e035de0731803c9609e369fdbcc16d "HTTP/1.1 200 OK"
2025-07-28 20:15:41,793 - INFO - HTTP Request: POST https://api.notion.com/v1/databases/23e035de0731803c9609e369fdbcc16d/query "HTTP/1.1 200 OK"
2025-07-28 20:15:42,139 - INFO - HTTP Request: POST https://api.notion.com/v1/pages "HTTP/1.1 200 OK"
2025-07-28 20:15:42,519 - INFO - HTTP Request: POST https://api.notion.com/v1/pages "HTTP/1.1 409 Conflict"
2025-07-28 20:15:42,645 - INFO - HTTP Request: GET https://api.notion.com/v1/databases/23e035de0731803c9609e369fdbcc16d "HTTP/1.1 200 OK"
2025-07-28 20:15:43,105 - INFO - HTTP Request: GET https://api.notion.com/v1/databases/23e035de0731803c9609e369fdbcc16d "HTTP/1.1 200 OK"
2025-07-28 20:15:43,528 - INFO - HTTP Request: GET https://api.notion.com/v1/databases/23e035de0731803c9609e369fdbcc16d "HTTP/1.1 200 OK"
2025-07-28 20:15:43,569 - INFO - HTTP Request: POST https://api.notion.com/v1/pages "HTTP/1.1 200 OK"
2025-07-28 20:15:43,874 - INFO - HTTP Request: POST https://api.notion.com/v1/databases/23e035de0731803c9609e369fdbcc16d/query "HTTP/1.1 200 OK"
2025-07-28 20:15:44,467 - INFO - HTTP Request: POST https://api.notion.com/v1/pages "HTTP/1.1 200 OK"
2025-07-28 20:15:44,850 - INFO - HTTP Request: POST https://api.notion.com/v1/pages "HTTP/1.1 409 Conflict"
2025-07-28 20:15:44,919 - INFO - HTTP Request: GET https://api.notion.com/v1/databases/23e035de0731803c9609e369fdbcc16d "HTTP/1.1 200 OK"
2025-07-28 20:15:45,337 - INFO - HTTP Request: POST https://api.notion.com/v1/pages "HTTP/1.1 200 OK"
2025-07-28 20:15:45,766 - INFO - HTTP Request: GET https://api.notion.com/v1/databases/23e035de0731803c9609e369fdbcc16d "HTTP/1.1 200 OK"
2025-07-28 20:15:45,874 - INFO - HTTP Request: GET https://api.notion.com/v1/databases/23e035de0731803c9609e369fdbcc16d "HTTP/1.1 200 OK"
2025-07-28 20:15:46,060 - INFO - HTTP Request: GET https://api.notion.com/v1/databases/23e035de0731803c9609e369fdbcc16d "HTTP/1.1 200 OK"
2025-07-28 20:15:46,066 - INFO - HTTP Request: POST https://api.notion.com/v1/databases/23e035de0731803c9609e369fdbcc16d/query "HTTP/1.1 200 OK"
2025-07-28 20:15:46,186 - INFO - HTTP Request: POST https://api.notion.com/v1/pages "HTTP/1.1 200 OK"
2025-07-28 20:15:46,311 - INFO - HTTP Request: POST https://api.notion.com/v1/pages "HTTP/1.1 200 OK"
2025-07-28 20:15:46,324 - INFO - HTTP Request: GET https://api.notion.com/v1/databases/23e035de0731803c9609e369fdbcc16d "HTTP/1.1 200 OK"
2025-07-28 20:15:46,333 - INFO - HTTP Request: POST https://api.notion.com/v1/pages "HTTP/1.1 200 OK"
2025-07-28 20:15:46,559 - INFO - HTTP Request: POST https://api.notion.com/v1/pages "HTTP/1.1 200 OK"
2025-07-28 20:15:46,712 - INFO - HTTP Request: GET https://api.notion.com/v1/databases/23e035de0731803c9609e369fdbcc16d "HTTP/1.1 200 OK"
2025-07-28 20:15:46,982 - INFO - HTTP Request: POST https://api.notion.com/v1/databases/23e035de0731803c9609e369fdbcc16d/query "HTTP/1.1 200 OK"
2025-07-28 20:15:47,488 - INFO - HTTP Request: GET https://api.notion.com/v1/databases/23e035de0731803c9609e369fdbcc16d "HTTP/1.1 200 OK"
2025-07-28 20:15:47,495 - INFO - HTTP Request: GET https://api.notion.com/v1/databases/23e035de0731803c9609e369fdbcc16d "HTTP/1.1 200 OK"
2025-07-28 20:15:47,639 - INFO - HTTP Request: POST https://api.notion.com/v1/pages "HTTP/1.1 200 OK"
2025-07-28 20:15:47,676 - INFO - HTTP Request: GET https://api.notion.com/v1/databases/23e035de0731803c9609e369fdbcc16d "HTTP/1.1 200 OK"
2025-07-28 20:15:48,279 - INFO - HTTP Request: GET https://api.notion.com/v1/databases/23e035de0731803c9609e369fdbcc16d "HTTP/1.1 200 OK"
2025-07-28 20:15:48,344 - INFO - HTTP Request: POST https://api.notion.com/v1/pages "HTTP/1.1 200 OK"
2025-07-28 20:15:48,576 - INFO - HTTP Request: POST https://api.notion.com/v1/databases/23e035de0731803c9609e369fdbcc16d/query "HTTP/1.1 200 OK"
2025-07-28 20:15:48,820 - INFO - HTTP Request: POST https://api.notion.com/v1/pages "HTTP/1.1 200 OK"
2025-07-28 20:15:49,183 - INFO - HTTP Request: GET https://api.notion.com/v1/databases/23e035de0731803c9609e369fdbcc16d "HTTP/1.1 200 OK"
2025-07-28 20:15:49,200 - INFO - HTTP Request: GET https://api.notion.com/v1/databases/23e035de0731803c9609e369fdbcc16d "HTTP/1.1 200 OK"
2025-07-28 20:15:49,339 - INFO - HTTP Request: GET https://api.notion.com/v1/databases/23e035de0731803c9609e369fdbcc16d "HTTP/1.1 200 OK"
2025-07-28 20:15:49,584 - INFO - HTTP Request: POST https://api.notion.com/v1/pages "HTTP/1.1 200 OK"
2025-07-28 20:15:49,677 - INFO - HTTP Request: POST https://api.notion.com/v1/pages "HTTP/1.1 409 Conflict"
2025-07-28 20:15:49,758 - INFO - HTTP Request: POST https://api.notion.com/v1/pages "HTTP/1.1 200 OK"
2025-07-28 20:15:50,021 - INFO - HTTP Request: POST https://api.notion.com/v1/pages "HTTP/1.1 409 Conflict"
2025-07-28 20:15:50,069 - INFO - HTTP Request: GET https://api.notion.com/v1/databases/23e035de0731803c9609e369fdbcc16d "HTTP/1.1 200 OK"
2025-07-28 20:15:50,532 - INFO - HTTP Request: GET https://api.notion.com/v1/databases/23e035de0731803c9609e369fdbcc16d "HTTP/1.1 200 OK"
2025-07-28 20:15:50,811 - INFO - HTTP Request: POST https://api.notion.com/v1/databases/23e035de0731803c9609e369fdbcc16d/query "HTTP/1.1 200 OK"
2025-07-28 20:15:50,846 - INFO - HTTP Request: GET https://api.notion.com/v1/databases/23e035de0731803c9609e369fdbcc16d "HTTP/1.1 200 OK"
2025-07-28 20:15:51,017 - INFO - HTTP Request: GET https://api.notion.com/v1/databases/23e035de0731803c9609e369fdbcc16d "HTTP/1.1 200 OK"
2025-07-28 20:15:51,379 - INFO - HTTP Request: POST https://api.notion.com/v1/pages "HTTP/1.1 200 OK"
2025-07-28 20:15:51,462 - INFO - HTTP Request: POST https://api.notion.com/v1/pages "HTTP/1.1 200 OK"
2025-07-28 20:15:52,343 - INFO - HTTP Request: GET https://api.notion.com/v1/databases/23e035de0731803c9609e369fdbcc16d "HTTP/1.1 200 OK"
2025-07-28 20:15:52,603 - INFO - HTTP Request: GET https://api.notion.com/v1/databases/23e035de0731803c9609e369fdbcc16d "HTTP/1.1 200 OK"
2025-07-28 20:15:52,794 - INFO - HTTP Request: POST https://api.notion.com/v1/pages "HTTP/1.1 200 OK"
2025-07-28 20:15:52,864 - INFO - HTTP Request: GET https://api.notion.com/v1/databases/23e035de0731803c9609e369fdbcc16d "HTTP/1.1 200 OK"
2025-07-28 20:15:53,370 - INFO - HTTP Request: POST https://api.notion.com/v1/pages "HTTP/1.1 200 OK"
2025-07-28 20:15:53,879 - INFO - HTTP Request: GET https://api.notion.com/v1/databases/23e035de0731803c9609e369fdbcc16d "HTTP/1.1 200 OK"
2025-07-28 20:15:53,883 - INFO - HTTP Request: GET https://api.notion.com/v1/databases/23e035de0731803c9609e369fdbcc16d "HTTP/1.1 200 OK"
2025-07-28 20:15:53,909 - INFO - HTTP Request: POST https://api.notion.com/v1/pages "HTTP/1.1 200 OK"
2025-07-28 20:15:54,010 - INFO - HTTP Request: POST https://api.notion.com/v1/pages "HTTP/1.1 409 Conflict"
2025-07-28 20:15:54,049 - INFO - HTTP Request: GET https://api.notion.com/v1/databases/23e035de0731803c9609e369fdbcc16d "HTTP/1.1 200 OK"
2025-07-28 20:15:54,212 - INFO - HTTP Request: POST https://api.notion.com/v1/databases/23e035de0731803c9609e369fdbcc16d/query "HTTP/1.1 200 OK"
2025-07-28 20:15:54,432 - INFO - HTTP Request: POST https://api.notion.com/v1/pages "HTTP/1.1 409 Conflict"
2025-07-28 20:15:54,466 - INFO - HTTP Request: POST https://api.notion.com/v1/pages "HTTP/1.1 200 OK"
2025-07-28 20:15:54,977 - INFO - HTTP Request: GET https://api.notion.com/v1/databases/23e035de0731803c9609e369fdbcc16d "HTTP/1.1 200 OK"
2025-07-28 20:15:55,078 - INFO - HTTP Request: GET https://api.notion.com/v1/databases/23e035de0731803c9609e369fdbcc16d "HTTP/1.1 200 OK"
2025-07-28 20:15:55,455 - INFO - HTTP Request: POST https://api.notion.com/v1/pages "HTTP/1.1 200 OK"
2025-07-28 20:15:55,486 - INFO - HTTP Request: GET https://api.notion.com/v1/databases/23e035de0731803c9609e369fdbcc16d "HTTP/1.1 200 OK"
2025-07-28 20:15:55,501 - INFO - HTTP Request: GET https://api.notion.com/v1/databases/23e035de0731803c9609e369fdbcc16d "HTTP/1.1 200 OK"
2025-07-28 20:15:55,929 - INFO - HTTP Request: POST https://api.notion.com/v1/pages "HTTP/1.1 200 OK"
2025-07-28 20:15:56,149 - INFO - HTTP Request: GET https://api.notion.com/v1/databases/23e035de0731803c9609e369fdbcc16d "HTTP/1.1 200 OK"
2025-07-28 20:15:56,155 - INFO - HTTP Request: POST https://api.notion.com/v1/pages "HTTP/1.1 200 OK"
2025-07-28 20:15:56,341 - INFO - HTTP Request: GET https://api.notion.com/v1/databases/23e035de0731803c9609e369fdbcc16d "HTTP/1.1 200 OK"
2025-07-28 20:15:56,430 - INFO - HTTP Request: GET https://api.notion.com/v1/databases/23e035de0731803c9609e369fdbcc16d "HTTP/1.1 200 OK"
2025-07-28 20:15:56,544 - INFO - HTTP Request: POST https://api.notion.com/v1/pages "HTTP/1.1 200 OK"
2025-07-28 20:15:56,685 - INFO - HTTP Request: POST https://api.notion.com/v1/pages "HTTP/1.1 409 Conflict"
2025-07-28 20:15:56,870 - INFO - HTTP Request: GET https://api.notion.com/v1/databases/23e035de0731803c9609e369fdbcc16d "HTTP/1.1 200 OK"
2025-07-28 20:15:57,142 - INFO - HTTP Request: GET https://api.notion.com/v1/databases/23e035de0731803c9609e369fdbcc16d "HTTP/1.1 200 OK"
2025-07-28 20:15:57,219 - INFO - HTTP Request: POST https://api.notion.com/v1/pages "HTTP/1.1 200 OK"
2025-07-28 20:15:57,472 - INFO - HTTP Request: POST https://api.notion.com/v1/pages "HTTP/1.1 200 OK"
2025-07-28 20:15:57,617 - INFO - HTTP Request: POST https://api.notion.com/v1/pages "HTTP/1.1 200 OK"
2025-07-28 20:15:57,629 - INFO - HTTP Request: POST https://api.notion.com/v1/databases/23e035de0731803c9609e369fdbcc16d/query "HTTP/1.1 200 OK"
2025-07-28 20:15:58,020 - INFO - HTTP Request: GET https://api.notion.com/v1/databases/23e035de0731803c9609e369fdbcc16d "HTTP/1.1 200 OK"
2025-07-28 20:15:58,211 - INFO - HTTP Request: GET https://api.notion.com/v1/databases/23e035de0731803c9609e369fdbcc16d "HTTP/1.1 200 OK"
2025-07-28 20:15:58,262 - INFO - HTTP Request: GET https://api.notion.com/v1/databases/23e035de0731803c9609e369fdbcc16d "HTTP/1.1 200 OK"
2025-07-28 20:15:58,539 - INFO - HTTP Request: GET https://api.notion.com/v1/databases/23e035de0731803c9609e369fdbcc16d "HTTP/1.1 200 OK"
2025-07-28 20:15:58,675 - INFO - HTTP Request: POST https://api.notion.com/v1/pages "HTTP/1.1 409 Conflict"
2025-07-28 20:15:58,679 - INFO - HTTP Request: POST https://api.notion.com/v1/pages "HTTP/1.1 200 OK"
2025-07-28 20:15:58,691 - INFO - HTTP Request: GET https://api.notion.com/v1/databases/23e035de0731803c9609e369fdbcc16d "HTTP/1.1 200 OK"
2025-07-28 20:15:59,098 - INFO - HTTP Request: POST https://api.notion.com/v1/pages "HTTP/1.1 200 OK"
2025-07-28 20:15:59,813 - INFO - HTTP Request: GET https://api.notion.com/v1/databases/23e035de0731803c9609e369fdbcc16d "HTTP/1.1 200 OK"
2025-07-28 20:16:00,096 - INFO - HTTP Request: GET https://api.notion.com/v1/databases/23e035de0731803c9609e369fdbcc16d "HTTP/1.1 200 OK"
2025-07-28 20:16:00,148 - INFO - HTTP Request: GET https://api.notion.com/v1/databases/23e035de0731803c9609e369fdbcc16d "HTTP/1.1 200 OK"
2025-07-28 20:16:00,252 - INFO - HTTP Request: POST https://api.notion.com/v1/pages "HTTP/1.1 409 Conflict"
2025-07-28 20:16:00,316 - INFO - HTTP Request: POST https://api.notion.com/v1/pages "HTTP/1.1 200 OK"
2025-07-28 20:16:00,595 - INFO - HTTP Request: POST https://api.notion.com/v1/pages "HTTP/1.1 200 OK"
2025-07-28 20:16:00,823 - INFO - HTTP Request: POST https://api.notion.com/v1/pages "HTTP/1.1 200 OK"
2025-07-28 20:16:01,340 - INFO - HTTP Request: GET https://api.notion.com/v1/databases/23e035de0731803c9609e369fdbcc16d "HTTP/1.1 200 OK"
2025-07-28 20:16:01,489 - INFO - HTTP Request: GET https://api.notion.com/v1/databases/23e035de0731803c9609e369fdbcc16d "HTTP/1.1 200 OK"
2025-07-28 20:16:02,025 - INFO - HTTP Request: GET https://api.notion.com/v1/databases/23e035de0731803c9609e369fdbcc16d "HTTP/1.1 200 OK"
2025-07-28 20:16:02,050 - INFO - HTTP Request: GET https://api.notion.com/v1/databases/23e035de0731803c9609e369fdbcc16d "HTTP/1.1 200 OK"
2025-07-28 20:16:02,403 - INFO - HTTP Request: POST https://api.notion.com/v1/pages "HTTP/1.1 409 Conflict"
2025-07-28 20:16:02,570 - INFO - HTTP Request: POST https://api.notion.com/v1/pages "HTTP/1.1 200 OK"
2025-07-28 20:16:03,012 - INFO - HTTP Request: POST https://api.notion.com/v1/pages "HTTP/1.1 409 Conflict"
2025-07-28 20:16:03,098 - INFO - HTTP Request: POST https://api.notion.com/v1/pages "HTTP/1.1 200 OK"
2025-07-28 20:16:04,076 - INFO - HTTP Request: GET https://api.notion.com/v1/databases/23e035de0731803c9609e369fdbcc16d "HTTP/1.1 200 OK"
2025-07-28 20:16:04,150 - INFO - HTTP Request: GET https://api.notion.com/v1/databases/23e035de0731803c9609e369fdbcc16d "HTTP/1.1 200 OK"
2025-07-28 20:16:04,611 - INFO - HTTP Request: POST https://api.notion.com/v1/pages "HTTP/1.1 200 OK"
2025-07-28 20:16:04,658 - INFO - HTTP Request: GET https://api.notion.com/v1/databases/23e035de0731803c9609e369fdbcc16d "HTTP/1.1 200 OK"
2025-07-28 20:16:04,788 - INFO - HTTP Request: POST https://api.notion.com/v1/pages "HTTP/1.1 409 Conflict"
2025-07-28 20:16:05,125 - INFO - HTTP Request: POST https://api.notion.com/v1/pages "HTTP/1.1 200 OK"
2025-07-28 20:16:05,887 - INFO - HTTP Request: GET https://api.notion.com/v1/databases/23e035de0731803c9609e369fdbcc16d "HTTP/1.1 200 OK"
2025-07-28 20:16:06,050 - INFO - HTTP Request: GET https://api.notion.com/v1/databases/23e035de0731803c9609e369fdbcc16d "HTTP/1.1 200 OK"
2025-07-28 20:16:06,375 - INFO - HTTP Request: POST https://api.notion.com/v1/pages "HTTP/1.1 200 OK"
2025-07-28 20:16:06,570 - INFO - HTTP Request: GET https://api.notion.com/v1/databases/23e035de0731803c9609e369fdbcc16d "HTTP/1.1 200 OK"
2025-07-28 20:16:07,276 - INFO - HTTP Request: POST https://api.notion.com/v1/pages "HTTP/1.1 200 OK"
2025-07-28 20:16:07,278 - INFO - HTTP Request: POST https://api.notion.com/v1/pages "HTTP/1.1 409 Conflict"
2025-07-28 20:16:07,385 - INFO - HTTP Request: GET https://api.notion.com/v1/databases/23e035de0731803c9609e369fdbcc16d "HTTP/1.1 200 OK"
2025-07-28 20:16:07,815 - INFO - HTTP Request: POST https://api.notion.com/v1/pages "HTTP/1.1 200 OK"
2025-07-28 20:16:08,301 - INFO - HTTP Request: GET https://api.notion.com/v1/databases/23e035de0731803c9609e369fdbcc16d "HTTP/1.1 200 OK"
2025-07-28 20:16:08,776 - INFO - HTTP Request: GET https://api.notion.com/v1/databases/23e035de0731803c9609e369fdbcc16d "HTTP/1.1 200 OK"
2025-07-28 20:16:09,264 - INFO - HTTP Request: GET https://api.notion.com/v1/databases/23e035de0731803c9609e369fdbcc16d "HTTP/1.1 200 OK"
2025-07-28 20:16:09,319 - INFO - HTTP Request: POST https://api.notion.com/v1/pages "HTTP/1.1 200 OK"
2025-07-28 20:16:09,684 - INFO - HTTP Request: POST https://api.notion.com/v1/pages "HTTP/1.1 200 OK"
2025-07-28 20:16:09,694 - INFO - HTTP Request: POST https://api.notion.com/v1/pages "HTTP/1.1 200 OK"
2025-07-28 20:16:10,282 - INFO - HTTP Request: GET https://api.notion.com/v1/databases/23e035de0731803c9609e369fdbcc16d "HTTP/1.1 200 OK"
2025-07-28 20:16:10,562 - INFO - HTTP Request: GET https://api.notion.com/v1/databases/23e035de0731803c9609e369fdbcc16d "HTTP/1.1 200 OK"
2025-07-28 20:16:10,664 - INFO - HTTP Request: POST https://api.notion.com/v1/pages "HTTP/1.1 200 OK"
2025-07-28 20:16:10,748 - INFO - HTTP Request: POST https://api.notion.com/v1/pages "HTTP/1.1 409 Conflict"
2025-07-28 20:16:10,887 - INFO - HTTP Request: GET https://api.notion.com/v1/databases/23e035de0731803c9609e369fdbcc16d "HTTP/1.1 200 OK"
2025-07-28 20:16:11,278 - INFO - HTTP Request: POST https://api.notion.com/v1/pages "HTTP/1.1 200 OK"
2025-07-28 20:16:11,307 - INFO - HTTP Request: POST https://api.notion.com/v1/pages "HTTP/1.1 200 OK"
2025-07-28 20:16:11,685 - INFO - HTTP Request: GET https://api.notion.com/v1/databases/23e035de0731803c9609e369fdbcc16d "HTTP/1.1 200 OK"
2025-07-28 20:16:11,773 - INFO - HTTP Request: GET https://api.notion.com/v1/databases/23e035de0731803c9609e369fdbcc16d "HTTP/1.1 200 OK"
2025-07-28 20:16:11,901 - INFO - HTTP Request: GET https://api.notion.com/v1/databases/23e035de0731803c9609e369fdbcc16d "HTTP/1.1 200 OK"
2025-07-28 20:16:12,116 - INFO - HTTP Request: POST https://api.notion.com/v1/pages "HTTP/1.1 409 Conflict"
2025-07-28 20:16:12,187 - INFO - HTTP Request: POST https://api.notion.com/v1/pages "HTTP/1.1 200 OK"
2025-07-28 20:16:12,435 - INFO - HTTP Request: GET https://api.notion.com/v1/databases/23e035de0731803c9609e369fdbcc16d "HTTP/1.1 200 OK"
2025-07-28 20:16:13,224 - INFO - HTTP Request: GET https://api.notion.com/v1/databases/23e035de0731803c9609e369fdbcc16d "HTTP/1.1 200 OK"
2025-07-28 20:16:13,358 - INFO - HTTP Request: GET https://api.notion.com/v1/databases/23e035de0731803c9609e369fdbcc16d "HTTP/1.1 200 OK"
2025-07-28 20:16:13,571 - INFO - HTTP Request: POST https://api.notion.com/v1/pages "HTTP/1.1 409 Conflict"
2025-07-28 20:16:13,617 - INFO - HTTP Request: POST https://api.notion.com/v1/pages "HTTP/1.1 200 OK"
2025-07-28 20:16:13,783 - INFO - HTTP Request: GET https://api.notion.com/v1/databases/23e035de0731803c9609e369fdbcc16d "HTTP/1.1 200 OK"
2025-07-28 20:16:13,800 - INFO - HTTP Request: POST https://api.notion.com/v1/pages "HTTP/1.1 200 OK"
2025-07-28 20:16:14,130 - INFO - HTTP Request: POST https://api.notion.com/v1/pages "HTTP/1.1 200 OK"
2025-07-28 20:16:14,188 - INFO - HTTP Request: POST https://api.notion.com/v1/pages "HTTP/1.1 200 OK"
2025-07-28 20:16:14,755 - INFO - HTTP Request: GET https://api.notion.com/v1/databases/23e035de0731803c9609e369fdbcc16d "HTTP/1.1 200 OK"
2025-07-28 20:16:14,829 - INFO - HTTP Request: GET https://api.notion.com/v1/databases/23e035de0731803c9609e369fdbcc16d "HTTP/1.1 200 OK"
2025-07-28 20:16:15,195 - INFO - HTTP Request: GET https://api.notion.com/v1/databases/23e035de0731803c9609e369fdbcc16d "HTTP/1.1 200 OK"
2025-07-28 20:16:15,233 - INFO - HTTP Request: POST https://api.notion.com/v1/pages "HTTP/1.1 200 OK"
2025-07-28 20:16:15,351 - INFO - HTTP Request: GET https://api.notion.com/v1/databases/23e035de0731803c9609e369fdbcc16d "HTTP/1.1 200 OK"
2025-07-28 20:16:15,616 - INFO - HTTP Request: POST https://api.notion.com/v1/pages "HTTP/1.1 200 OK"
2025-07-28 20:16:15,620 - INFO - HTTP Request: GET https://api.notion.com/v1/databases/23e035de0731803c9609e369fdbcc16d "HTTP/1.1 200 OK"
2025-07-28 20:16:15,789 - INFO - HTTP Request: POST https://api.notion.com/v1/pages "HTTP/1.1 200 OK"
2025-07-28 20:16:15,963 - INFO - HTTP Request: POST https://api.notion.com/v1/pages "HTTP/1.1 409 Conflict"
2025-07-28 20:16:16,100 - INFO - HTTP Request: POST https://api.notion.com/v1/pages "HTTP/1.1 200 OK"
2025-07-28 20:16:16,305 - INFO - HTTP Request: GET https://api.notion.com/v1/databases/23e035de0731803c9609e369fdbcc16d "HTTP/1.1 200 OK"
2025-07-28 20:16:16,770 - INFO - HTTP Request: POST https://api.notion.com/v1/pages "HTTP/1.1 200 OK"
2025-07-28 20:16:17,233 - INFO - HTTP Request: GET https://api.notion.com/v1/databases/23e035de0731803c9609e369fdbcc16d "HTTP/1.1 200 OK"
2025-07-28 20:16:17,808 - INFO - HTTP Request: GET https://api.notion.com/v1/databases/23e035de0731803c9609e369fdbcc16d "HTTP/1.1 200 OK"
2025-07-28 20:16:18,044 - INFO - HTTP Request: GET https://api.notion.com/v1/databases/23e035de0731803c9609e369fdbcc16d "HTTP/1.1 200 OK"
2025-07-28 20:16:18,128 - INFO - HTTP Request: GET https://api.notion.com/v1/databases/23e035de0731803c9609e369fdbcc16d "HTTP/1.1 200 OK"
2025-07-28 20:16:18,226 - INFO - HTTP Request: POST https://api.notion.com/v1/pages "HTTP/1.1 200 OK"
2025-07-28 20:16:18,482 - INFO - HTTP Request: POST https://api.notion.com/v1/pages "HTTP/1.1 409 Conflict"
2025-07-28 20:16:18,561 - INFO - HTTP Request: POST https://api.notion.com/v1/pages "HTTP/1.1 200 OK"
2025-07-28 20:16:19,693 - INFO - HTTP Request: GET https://api.notion.com/v1/databases/23e035de0731803c9609e369fdbcc16d "HTTP/1.1 200 OK"
2025-07-28 20:16:20,174 - INFO - HTTP Request: GET https://api.notion.com/v1/databases/23e035de0731803c9609e369fdbcc16d "HTTP/1.1 200 OK"
2025-07-28 20:16:20,597 - INFO - HTTP Request: POST https://api.notion.com/v1/pages "HTTP/1.1 409 Conflict"
2025-07-28 20:16:20,614 - INFO - HTTP Request: POST https://api.notion.com/v1/pages "HTTP/1.1 200 OK"
2025-07-28 20:16:20,817 - INFO - HTTP Request: GET https://api.notion.com/v1/databases/23e035de0731803c9609e369fdbcc16d "HTTP/1.1 200 OK"
2025-07-28 20:16:21,019 - INFO - HTTP Request: POST https://api.notion.com/v1/pages "HTTP/1.1 200 OK"
2025-07-28 20:16:21,276 - INFO - HTTP Request: POST https://api.notion.com/v1/pages "HTTP/1.1 200 OK"
2025-07-28 20:16:21,442 - INFO - HTTP Request: GET https://api.notion.com/v1/databases/23e035de0731803c9609e369fdbcc16d "HTTP/1.1 200 OK"
2025-07-28 20:16:21,660 - INFO - HTTP Request: GET https://api.notion.com/v1/databases/23e035de0731803c9609e369fdbcc16d "HTTP/1.1 200 OK"
2025-07-28 20:16:21,844 - INFO - HTTP Request: POST https://api.notion.com/v1/pages "HTTP/1.1 200 OK"
2025-07-28 20:16:21,990 - INFO - HTTP Request: GET https://api.notion.com/v1/databases/23e035de0731803c9609e369fdbcc16d "HTTP/1.1 200 OK"
2025-07-28 20:16:22,053 - INFO - HTTP Request: POST https://api.notion.com/v1/pages "HTTP/1.1 200 OK"
2025-07-28 20:16:22,428 - INFO - HTTP Request: POST https://api.notion.com/v1/pages "HTTP/1.1 200 OK"
2025-07-28 20:16:22,911 - INFO - HTTP Request: GET https://api.notion.com/v1/databases/23e035de0731803c9609e369fdbcc16d "HTTP/1.1 200 OK"
2025-07-28 20:16:23,055 - INFO - HTTP Request: GET https://api.notion.com/v1/databases/23e035de0731803c9609e369fdbcc16d "HTTP/1.1 200 OK"
2025-07-28 20:16:23,434 - INFO - HTTP Request: GET https://api.notion.com/v1/databases/23e035de0731803c9609e369fdbcc16d "HTTP/1.1 200 OK"
2025-07-28 20:16:23,483 - INFO - HTTP Request: POST https://api.notion.com/v1/pages "HTTP/1.1 200 OK"
2025-07-28 20:16:23,546 - INFO - HTTP Request: GET https://api.notion.com/v1/databases/23e035de0731803c9609e369fdbcc16d "HTTP/1.1 200 OK"
2025-07-28 20:16:23,704 - INFO - HTTP Request: GET https://api.notion.com/v1/databases/23e035de0731803c9609e369fdbcc16d "HTTP/1.1 200 OK"
2025-07-28 20:16:24,130 - INFO - HTTP Request: POST https://api.notion.com/v1/pages "HTTP/1.1 409 Conflict"
2025-07-28 20:16:24,152 - INFO - HTTP Request: POST https://api.notion.com/v1/pages "HTTP/1.1 409 Conflict"
2025-07-28 20:16:24,328 - INFO - HTTP Request: POST https://api.notion.com/v1/pages "HTTP/1.1 200 OK"
2025-07-28 20:16:24,480 - INFO - HTTP Request: GET https://api.notion.com/v1/databases/23e035de0731803c9609e369fdbcc16d "HTTP/1.1 200 OK"
2025-07-28 20:16:24,867 - INFO - HTTP Request: POST https://api.notion.com/v1/pages "HTTP/1.1 409 Conflict"
2025-07-28 20:16:25,247 - INFO - HTTP Request: POST https://api.notion.com/v1/pages "HTTP/1.1 200 OK"
2025-07-28 20:16:25,393 - INFO - HTTP Request: GET https://api.notion.com/v1/databases/23e035de0731803c9609e369fdbcc16d "HTTP/1.1 200 OK"
2025-07-28 20:16:25,409 - INFO - HTTP Request: GET https://api.notion.com/v1/databases/23e035de0731803c9609e369fdbcc16d "HTTP/1.1 200 OK"
2025-07-28 20:16:25,751 - INFO - HTTP Request: POST https://api.notion.com/v1/pages "HTTP/1.1 409 Conflict"
2025-07-28 20:16:25,798 - INFO - HTTP Request: POST https://api.notion.com/v1/pages "HTTP/1.1 200 OK"
2025-07-28 20:16:26,821 - INFO - HTTP Request: GET https://api.notion.com/v1/databases/23e035de0731803c9609e369fdbcc16d "HTTP/1.1 200 OK"
2025-07-28 20:16:27,036 - INFO - HTTP Request: GET https://api.notion.com/v1/databases/23e035de0731803c9609e369fdbcc16d "HTTP/1.1 200 OK"
2025-07-28 20:16:27,121 - INFO - HTTP Request: GET https://api.notion.com/v1/databases/23e035de0731803c9609e369fdbcc16d "HTTP/1.1 200 OK"
2025-07-28 20:16:27,254 - INFO - HTTP Request: GET https://api.notion.com/v1/databases/23e035de0731803c9609e369fdbcc16d "HTTP/1.1 200 OK"
2025-07-28 20:16:27,263 - INFO - HTTP Request: POST https://api.notion.com/v1/pages "HTTP/1.1 200 OK"
2025-07-28 20:16:27,543 - INFO - HTTP Request: POST https://api.notion.com/v1/pages "HTTP/1.1 200 OK"
2025-07-28 20:16:27,675 - INFO - HTTP Request: POST https://api.notion.com/v1/pages "HTTP/1.1 200 OK"
2025-07-28 20:16:27,843 - INFO - HTTP Request: GET https://api.notion.com/v1/databases/23e035de0731803c9609e369fdbcc16d "HTTP/1.1 200 OK"
2025-07-28 20:16:28,254 - INFO - HTTP Request: POST https://api.notion.com/v1/pages "HTTP/1.1 200 OK"
2025-07-28 20:16:28,550 - INFO - HTTP Request: GET https://api.notion.com/v1/databases/23e035de0731803c9609e369fdbcc16d "HTTP/1.1 200 OK"
2025-07-28 20:16:28,928 - INFO - HTTP Request: GET https://api.notion.com/v1/databases/23e035de0731803c9609e369fdbcc16d "HTTP/1.1 200 OK"
2025-07-28 20:16:28,973 - INFO - HTTP Request: POST https://api.notion.com/v1/pages "HTTP/1.1 200 OK"
2025-07-28 20:16:29,220 - INFO - HTTP Request: GET https://api.notion.com/v1/databases/23e035de0731803c9609e369fdbcc16d "HTTP/1.1 200 OK"
2025-07-28 20:16:29,269 - INFO - HTTP Request: POST https://api.notion.com/v1/pages "HTTP/1.1 409 Conflict"
2025-07-28 20:16:29,286 - INFO - HTTP Request: GET https://api.notion.com/v1/databases/23e035de0731803c9609e369fdbcc16d "HTTP/1.1 200 OK"
2025-07-28 20:16:29,367 - INFO - HTTP Request: POST https://api.notion.com/v1/pages "HTTP/1.1 200 OK"
2025-07-28 20:16:29,973 - INFO - HTTP Request: GET https://api.notion.com/v1/databases/23e035de0731803c9609e369fdbcc16d "HTTP/1.1 200 OK"
2025-07-28 20:16:30,376 - INFO - HTTP Request: GET https://api.notion.com/v1/databases/23e035de0731803c9609e369fdbcc16d "HTTP/1.1 200 OK"
2025-07-28 20:16:30,469 - INFO - HTTP Request: GET https://api.notion.com/v1/databases/23e035de0731803c9609e369fdbcc16d "HTTP/1.1 200 OK"
2025-07-28 20:16:30,773 - INFO - HTTP Request: POST https://api.notion.com/v1/pages "HTTP/1.1 409 Conflict"
2025-07-28 20:16:30,793 - INFO - HTTP Request: POST https://api.notion.com/v1/pages "HTTP/1.1 200 OK"
2025-07-28 20:16:30,891 - INFO - HTTP Request: POST https://api.notion.com/v1/pages "HTTP/1.1 200 OK"
2025-07-28 20:16:31,958 - INFO - HTTP Request: GET https://api.notion.com/v1/databases/23e035de0731803c9609e369fdbcc16d "HTTP/1.1 200 OK"
2025-07-28 20:16:32,086 - INFO - HTTP Request: GET https://api.notion.com/v1/databases/23e035de0731803c9609e369fdbcc16d "HTTP/1.1 200 OK"
2025-07-28 20:16:32,141 - INFO - HTTP Request: GET https://api.notion.com/v1/databases/23e035de0731803c9609e369fdbcc16d "HTTP/1.1 200 OK"
2025-07-28 20:16:32,365 - INFO - HTTP Request: POST https://api.notion.com/v1/pages "HTTP/1.1 200 OK"
2025-07-28 20:16:32,515 - INFO - HTTP Request: POST https://api.notion.com/v1/pages "HTTP/1.1 200 OK"
2025-07-28 20:16:32,537 - INFO - HTTP Request: POST https://api.notion.com/v1/pages "HTTP/1.1 409 Conflict"
2025-07-28 20:16:32,595 - INFO - HTTP Request: POST https://api.notion.com/v1/pages "HTTP/1.1 200 OK"
2025-07-28 20:16:32,645 - INFO - HTTP Request: POST https://api.notion.com/v1/pages "HTTP/1.1 409 Conflict"
2025-07-28 20:16:33,519 - INFO - HTTP Request: GET https://api.notion.com/v1/databases/23e035de0731803c9609e369fdbcc16d "HTTP/1.1 200 OK"
2025-07-28 20:16:33,919 - INFO - HTTP Request: GET https://api.notion.com/v1/databases/23e035de0731803c9609e369fdbcc16d "HTTP/1.1 200 OK"
2025-07-28 20:16:33,932 - INFO - HTTP Request: GET https://api.notion.com/v1/databases/23e035de0731803c9609e369fdbcc16d "HTTP/1.1 200 OK"
2025-07-28 20:16:33,954 - INFO - HTTP Request: GET https://api.notion.com/v1/databases/23e035de0731803c9609e369fdbcc16d "HTTP/1.1 200 OK"
2025-07-28 20:16:34,326 - INFO - HTTP Request: POST https://api.notion.com/v1/pages "HTTP/1.1 409 Conflict"
2025-07-28 20:16:34,391 - INFO - HTTP Request: POST https://api.notion.com/v1/pages "HTTP/1.1 200 OK"
2025-07-28 20:16:34,570 - INFO - HTTP Request: GET https://api.notion.com/v1/databases/23e035de0731803c9609e369fdbcc16d "HTTP/1.1 200 OK"
2025-07-28 20:16:35,111 - INFO - HTTP Request: POST https://api.notion.com/v1/pages "HTTP/1.1 200 OK"
2025-07-28 20:16:35,248 - INFO - HTTP Request: POST https://api.notion.com/v1/pages "HTTP/1.1 200 OK"
2025-07-28 20:16:35,517 - INFO - HTTP Request: GET https://api.notion.com/v1/databases/23e035de0731803c9609e369fdbcc16d "HTTP/1.1 200 OK"
2025-07-28 20:16:36,076 - INFO - HTTP Request: GET https://api.notion.com/v1/databases/23e035de0731803c9609e369fdbcc16d "HTTP/1.1 200 OK"
2025-07-28 20:16:36,244 - INFO - HTTP Request: GET https://api.notion.com/v1/databases/23e035de0731803c9609e369fdbcc16d "HTTP/1.1 200 OK"
2025-07-28 20:16:36,456 - INFO - HTTP Request: POST https://api.notion.com/v1/pages "HTTP/1.1 200 OK"
2025-07-28 20:16:36,627 - INFO - HTTP Request: POST https://api.notion.com/v1/pages "HTTP/1.1 200 OK"
2025-07-28 20:16:36,701 - INFO - HTTP Request: POST https://api.notion.com/v1/pages "HTTP/1.1 200 OK"
2025-07-28 20:16:37,416 - INFO - HTTP Request: GET https://api.notion.com/v1/databases/23e035de0731803c9609e369fdbcc16d "HTTP/1.1 200 OK"
2025-07-28 20:16:37,776 - INFO - HTTP Request: GET https://api.notion.com/v1/databases/23e035de0731803c9609e369fdbcc16d "HTTP/1.1 200 OK"
2025-07-28 20:16:37,783 - INFO - HTTP Request: GET https://api.notion.com/v1/databases/23e035de0731803c9609e369fdbcc16d "HTTP/1.1 200 OK"
2025-07-28 20:16:37,811 - INFO - HTTP Request: POST https://api.notion.com/v1/pages "HTTP/1.1 200 OK"
2025-07-28 20:16:37,858 - INFO - HTTP Request: POST https://api.notion.com/v1/pages "HTTP/1.1 200 OK"
2025-07-28 20:16:37,940 - INFO - HTTP Request: GET https://api.notion.com/v1/databases/23e035de0731803c9609e369fdbcc16d "HTTP/1.1 200 OK"
2025-07-28 20:16:38,230 - INFO - HTTP Request: POST https://api.notion.com/v1/pages "HTTP/1.1 200 OK"
2025-07-28 20:16:38,362 - INFO - HTTP Request: POST https://api.notion.com/v1/pages "HTTP/1.1 200 OK"
2025-07-28 20:16:38,593 - INFO - HTTP Request: POST https://api.notion.com/v1/pages "HTTP/1.1 200 OK"
2025-07-28 20:16:38,992 - INFO - HTTP Request: GET https://api.notion.com/v1/databases/23e035de0731803c9609e369fdbcc16d "HTTP/1.1 200 OK"
2025-07-28 20:16:40,037 - INFO - HTTP Request: GET https://api.notion.com/v1/databases/23e035de0731803c9609e369fdbcc16d "HTTP/1.1 200 OK"
2025-07-28 20:16:40,434 - INFO - HTTP Request: POST https://api.notion.com/v1/pages "HTTP/1.1 200 OK"
2025-07-28 20:16:40,557 - INFO - HTTP Request: POST https://api.notion.com/v1/pages "HTTP/1.1 200 OK"
2025-07-28 20:16:41,489 - INFO - HTTP Request: GET https://api.notion.com/v1/databases/23e035de0731803c9609e369fdbcc16d "HTTP/1.1 200 OK"
2025-07-28 20:16:41,514 - INFO - HTTP Request: GET https://api.notion.com/v1/databases/23e035de0731803c9609e369fdbcc16d "HTTP/1.1 200 OK"
2025-07-28 20:16:41,623 - INFO - HTTP Request: GET https://api.notion.com/v1/databases/23e035de0731803c9609e369fdbcc16d "HTTP/1.1 200 OK"
2025-07-28 20:16:41,905 - INFO - HTTP Request: POST https://api.notion.com/v1/pages "HTTP/1.1 409 Conflict"
2025-07-28 20:16:41,951 - INFO - HTTP Request: POST https://api.notion.com/v1/pages "HTTP/1.1 200 OK"
2025-07-28 20:16:42,066 - INFO - HTTP Request: POST https://api.notion.com/v1/pages "HTTP/1.1 200 OK"
2025-07-28 20:16:42,729 - INFO - HTTP Request: GET https://api.notion.com/v1/databases/23e035de0731803c9609e369fdbcc16d "HTTP/1.1 200 OK"
2025-07-28 20:16:42,775 - INFO - HTTP Request: GET https://api.notion.com/v1/databases/23e035de0731803c9609e369fdbcc16d "HTTP/1.1 200 OK"
2025-07-28 20:16:43,137 - INFO - HTTP Request: GET https://api.notion.com/v1/databases/23e035de0731803c9609e369fdbcc16d "HTTP/1.1 200 OK"
2025-07-28 20:16:43,301 - INFO - HTTP Request: GET https://api.notion.com/v1/databases/23e035de0731803c9609e369fdbcc16d "HTTP/1.1 200 OK"
2025-07-28 20:16:43,617 - INFO - HTTP Request: POST https://api.notion.com/v1/pages "HTTP/1.1 200 OK"
2025-07-28 20:16:43,681 - INFO - HTTP Request: GET https://api.notion.com/v1/databases/23e035de0731803c9609e369fdbcc16d "HTTP/1.1 200 OK"
2025-07-28 20:16:43,700 - INFO - HTTP Request: POST https://api.notion.com/v1/pages "HTTP/1.1 200 OK"
2025-07-28 20:16:43,827 - INFO - HTTP Request: POST https://api.notion.com/v1/pages "HTTP/1.1 200 OK"
2025-07-28 20:16:44,083 - INFO - HTTP Request: POST https://api.notion.com/v1/pages "HTTP/1.1 200 OK"
2025-07-28 20:16:44,661 - INFO - HTTP Request: POST https://api.notion.com/v1/pages "HTTP/1.1 200 OK"
2025-07-28 20:16:44,667 - INFO - HTTP Request: GET https://api.notion.com/v1/databases/23e035de0731803c9609e369fdbcc16d "HTTP/1.1 200 OK"
2025-07-28 20:16:44,821 - INFO - HTTP Request: GET https://api.notion.com/v1/databases/23e035de0731803c9609e369fdbcc16d "HTTP/1.1 200 OK"
2025-07-28 20:16:44,920 - INFO - HTTP Request: GET https://api.notion.com/v1/databases/23e035de0731803c9609e369fdbcc16d "HTTP/1.1 200 OK"
2025-07-28 20:16:45,072 - INFO - HTTP Request: POST https://api.notion.com/v1/pages "HTTP/1.1 200 OK"
2025-07-28 20:16:45,287 - INFO - HTTP Request: POST https://api.notion.com/v1/pages "HTTP/1.1 200 OK"
2025-07-28 20:16:45,651 - INFO - HTTP Request: GET https://api.notion.com/v1/databases/23e035de0731803c9609e369fdbcc16d "HTTP/1.1 200 OK"
2025-07-28 20:16:46,052 - INFO - HTTP Request: GET https://api.notion.com/v1/databases/23e035de0731803c9609e369fdbcc16d "HTTP/1.1 200 OK"
2025-07-28 20:16:46,064 - INFO - HTTP Request: GET https://api.notion.com/v1/databases/23e035de0731803c9609e369fdbcc16d "HTTP/1.1 200 OK"
2025-07-28 20:16:46,187 - INFO - HTTP Request: POST https://api.notion.com/v1/pages "HTTP/1.1 200 OK"
2025-07-28 20:16:46,263 - INFO - HTTP Request: GET https://api.notion.com/v1/databases/23e035de0731803c9609e369fdbcc16d "HTTP/1.1 200 OK"
2025-07-28 20:16:46,425 - INFO - HTTP Request: POST https://api.notion.com/v1/pages "HTTP/1.1 409 Conflict"
2025-07-28 20:16:46,503 - INFO - HTTP Request: POST https://api.notion.com/v1/pages "HTTP/1.1 200 OK"
2025-07-28 20:16:46,681 - INFO - HTTP Request: POST https://api.notion.com/v1/pages "HTTP/1.1 200 OK"
2025-07-28 20:16:47,459 - INFO - HTTP Request: POST https://api.notion.com/v1/pages "HTTP/1.1 200 OK"
2025-07-28 20:16:47,935 - INFO - HTTP Request: GET https://api.notion.com/v1/databases/23e035de0731803c9609e369fdbcc16d "HTTP/1.1 200 OK"
2025-07-28 20:16:47,996 - INFO - HTTP Request: GET https://api.notion.com/v1/databases/23e035de0731803c9609e369fdbcc16d "HTTP/1.1 200 OK"
2025-07-28 20:16:48,367 - INFO - HTTP Request: POST https://api.notion.com/v1/pages "HTTP/1.1 200 OK"
2025-07-28 20:16:48,648 - INFO - HTTP Request: GET https://api.notion.com/v1/databases/23e035de0731803c9609e369fdbcc16d "HTTP/1.1 200 OK"
2025-07-28 20:16:48,668 - INFO - HTTP Request: GET https://api.notion.com/v1/databases/23e035de0731803c9609e369fdbcc16d "HTTP/1.1 200 OK"
2025-07-28 20:16:49,029 - INFO - HTTP Request: POST https://api.notion.com/v1/pages "HTTP/1.1 409 Conflict"
2025-07-28 20:16:49,066 - INFO - HTTP Request: POST https://api.notion.com/v1/pages "HTTP/1.1 200 OK"
2025-07-28 20:16:49,408 - INFO - HTTP Request: GET https://api.notion.com/v1/databases/23e035de0731803c9609e369fdbcc16d "HTTP/1.1 200 OK"
2025-07-28 20:16:49,570 - INFO - HTTP Request: GET https://api.notion.com/v1/databases/23e035de0731803c9609e369fdbcc16d "HTTP/1.1 200 OK"
2025-07-28 20:16:49,825 - INFO - HTTP Request: POST https://api.notion.com/v1/pages "HTTP/1.1 200 OK"
2025-07-28 20:16:50,007 - INFO - HTTP Request: POST https://api.notion.com/v1/pages "HTTP/1.1 200 OK"
2025-07-28 20:16:50,154 - INFO - HTTP Request: GET https://api.notion.com/v1/databases/23e035de0731803c9609e369fdbcc16d "HTTP/1.1 200 OK"
2025-07-28 20:16:50,262 - INFO - HTTP Request: GET https://api.notion.com/v1/databases/23e035de0731803c9609e369fdbcc16d "HTTP/1.1 200 OK"
2025-07-28 20:16:50,606 - INFO - HTTP Request: POST https://api.notion.com/v1/pages "HTTP/1.1 200 OK"
2025-07-28 20:16:50,979 - INFO - HTTP Request: GET https://api.notion.com/v1/databases/23e035de0731803c9609e369fdbcc16d "HTTP/1.1 200 OK"
2025-07-28 20:16:51,370 - INFO - HTTP Request: POST https://api.notion.com/v1/pages "HTTP/1.1 200 OK"
2025-07-28 20:16:51,916 - INFO - HTTP Request: GET https://api.notion.com/v1/databases/23e035de0731803c9609e369fdbcc16d "HTTP/1.1 200 OK"
2025-07-28 20:16:52,289 - INFO - HTTP Request: POST https://api.notion.com/v1/pages "HTTP/1.1 200 OK"
2025-07-28 20:16:52,350 - INFO - HTTP Request: POST https://api.notion.com/v1/pages "HTTP/1.1 409 Conflict"
2025-07-28 20:16:52,444 - INFO - HTTP Request: POST https://api.notion.com/v1/pages "HTTP/1.1 409 Conflict"
2025-07-28 20:16:52,576 - INFO - HTTP Request: GET https://api.notion.com/v1/databases/23e035de0731803c9609e369fdbcc16d "HTTP/1.1 200 OK"
2025-07-28 20:16:53,389 - INFO - HTTP Request: GET https://api.notion.com/v1/databases/23e035de0731803c9609e369fdbcc16d "HTTP/1.1 200 OK"
2025-07-28 20:16:53,544 - INFO - HTTP Request: POST https://api.notion.com/v1/pages "HTTP/1.1 200 OK"
2025-07-28 20:16:53,726 - INFO - HTTP Request: GET https://api.notion.com/v1/databases/23e035de0731803c9609e369fdbcc16d "HTTP/1.1 200 OK"
2025-07-28 20:16:54,036 - INFO - HTTP Request: GET https://api.notion.com/v1/databases/23e035de0731803c9609e369fdbcc16d "HTTP/1.1 200 OK"
2025-07-28 20:16:54,125 - INFO - HTTP Request: POST https://api.notion.com/v1/pages "HTTP/1.1 200 OK"
2025-07-28 20:16:54,164 - INFO - HTTP Request: GET https://api.notion.com/v1/databases/23e035de0731803c9609e369fdbcc16d "HTTP/1.1 200 OK"
2025-07-28 20:16:54,567 - INFO - HTTP Request: POST https://api.notion.com/v1/pages "HTTP/1.1 200 OK"
2025-07-28 20:16:54,716 - INFO - HTTP Request: POST https://api.notion.com/v1/pages "HTTP/1.1 200 OK"
2025-07-28 20:16:55,159 - INFO - HTTP Request: GET https://api.notion.com/v1/databases/23e035de0731803c9609e369fdbcc16d "HTTP/1.1 200 OK"
2025-07-28 20:16:55,321 - INFO - HTTP Request: GET https://api.notion.com/v1/databases/23e035de0731803c9609e369fdbcc16d "HTTP/1.1 200 OK"
2025-07-28 20:16:55,666 - INFO - HTTP Request: GET https://api.notion.com/v1/databases/23e035de0731803c9609e369fdbcc16d "HTTP/1.1 200 OK"
2025-07-28 20:16:55,729 - INFO - HTTP Request: POST https://api.notion.com/v1/pages "HTTP/1.1 200 OK"
2025-07-28 20:16:55,793 - INFO - HTTP Request: POST https://api.notion.com/v1/pages "HTTP/1.1 200 OK"
2025-07-28 20:16:56,302 - INFO - HTTP Request: GET https://api.notion.com/v1/databases/23e035de0731803c9609e369fdbcc16d "HTTP/1.1 200 OK"
2025-07-28 20:16:56,739 - INFO - HTTP Request: POST https://api.notion.com/v1/pages "HTTP/1.1 200 OK"
2025-07-28 20:16:56,809 - INFO - HTTP Request: GET https://api.notion.com/v1/databases/23e035de0731803c9609e369fdbcc16d "HTTP/1.1 200 OK"
2025-07-28 20:16:56,901 - INFO - HTTP Request: GET https://api.notion.com/v1/databases/23e035de0731803c9609e369fdbcc16d "HTTP/1.1 200 OK"
2025-07-28 20:16:57,276 - INFO - HTTP Request: POST https://api.notion.com/v1/pages "HTTP/1.1 200 OK"
2025-07-28 20:16:57,308 - INFO - HTTP Request: POST https://api.notion.com/v1/pages "HTTP/1.1 200 OK"
2025-07-28 20:16:57,846 - INFO - HTTP Request: GET https://api.notion.com/v1/databases/23e035de0731803c9609e369fdbcc16d "HTTP/1.1 200 OK"
2025-07-28 20:16:58,221 - INFO - HTTP Request: POST https://api.notion.com/v1/pages "HTTP/1.1 409 Conflict"
2025-07-28 20:16:58,735 - INFO - HTTP Request: POST https://api.notion.com/v1/pages "HTTP/1.1 200 OK"
2025-07-28 20:16:59,402 - INFO - HTTP Request: GET https://api.notion.com/v1/databases/23e035de0731803c9609e369fdbcc16d "HTTP/1.1 200 OK"
2025-07-28 20:16:59,495 - INFO - HTTP Request: POST https://api.notion.com/v1/databases/23e035de0731804aaf4ac18652c62393/query "HTTP/1.1 200 OK"
2025-07-28 20:16:59,718 - INFO - HTTP Request: GET https://api.notion.com/v1/databases/23e035de0731803c9609e369fdbcc16d "HTTP/1.1 200 OK"
2025-07-28 20:17:00,181 - INFO - HTTP Request: POST https://api.notion.com/v1/pages "HTTP/1.1 200 OK"
2025-07-28 20:17:00,751 - INFO - HTTP Request: GET https://api.notion.com/v1/databases/23e035de0731803c9609e369fdbcc16d "HTTP/1.1 200 OK"
2025-07-28 20:17:01,195 - INFO - HTTP Request: GET https://api.notion.com/v1/databases/23e035de0731803c9609e369fdbcc16d "HTTP/1.1 200 OK"
2025-07-28 20:17:01,445 - INFO - HTTP Request: POST https://api.notion.com/v1/pages "HTTP/1.1 200 OK"
2025-07-28 20:17:01,746 - INFO - HTTP Request: GET https://api.notion.com/v1/databases/23e035de0731803c9609e369fdbcc16d "HTTP/1.1 200 OK"
2025-07-28 20:17:01,957 - INFO - HTTP Request: POST https://api.notion.com/v1/pages "HTTP/1.1 200 OK"
2025-07-28 20:17:02,209 - INFO - HTTP Request: POST https://api.notion.com/v1/pages "HTTP/1.1 200 OK"
2025-07-28 20:17:03,077 - INFO - HTTP Request: GET https://api.notion.com/v1/databases/23e035de0731803c9609e369fdbcc16d "HTTP/1.1 200 OK"
2025-07-28 20:17:03,346 - INFO - HTTP Request: GET https://api.notion.com/v1/databases/23e035de0731803c9609e369fdbcc16d "HTTP/1.1 200 OK"
2025-07-28 20:17:03,813 - INFO - HTTP Request: POST https://api.notion.com/v1/pages "HTTP/1.1 200 OK"
2025-07-28 20:17:03,865 - INFO - HTTP Request: GET https://api.notion.com/v1/databases/23e035de0731803c9609e369fdbcc16d "HTTP/1.1 200 OK"
2025-07-28 20:17:04,081 - INFO - HTTP Request: POST https://api.notion.com/v1/pages "HTTP/1.1 200 OK"
2025-07-28 20:17:04,277 - INFO - HTTP Request: POST https://api.notion.com/v1/pages "HTTP/1.1 200 OK"
2025-07-28 20:17:04,349 - INFO - HTTP Request: POST https://api.notion.com/v1/pages "HTTP/1.1 409 Conflict"
2025-07-28 20:17:04,839 - INFO - HTTP Request: GET https://api.notion.com/v1/databases/23e035de0731803c9609e369fdbcc16d "HTTP/1.1 200 OK"
2025-07-28 20:17:05,063 - INFO - HTTP Request: GET https://api.notion.com/v1/databases/23e035de0731803c9609e369fdbcc16d "HTTP/1.1 200 OK"
2025-07-28 20:17:05,191 - INFO - HTTP Request: POST https://api.notion.com/v1/pages "HTTP/1.1 409 Conflict"
2025-07-28 20:17:05,416 - INFO - HTTP Request: GET https://api.notion.com/v1/databases/23e035de0731803c9609e369fdbcc16d "HTTP/1.1 200 OK"
2025-07-28 20:17:05,460 - INFO - HTTP Request: GET https://api.notion.com/v1/databases/23e035de0731803c9609e369fdbcc16d "HTTP/1.1 200 OK"
2025-07-28 20:17:05,520 - INFO - HTTP Request: POST https://api.notion.com/v1/pages "HTTP/1.1 200 OK"
2025-07-28 20:17:05,792 - INFO - HTTP Request: POST https://api.notion.com/v1/pages "HTTP/1.1 200 OK"
2025-07-28 20:17:06,150 - INFO - HTTP Request: GET https://api.notion.com/v1/databases/23e035de0731803c9609e369fdbcc16d "HTTP/1.1 200 OK"
2025-07-28 20:17:06,430 - INFO - HTTP Request: POST https://api.notion.com/v1/pages "HTTP/1.1 200 OK"
2025-07-28 20:17:06,763 - INFO - HTTP Request: GET https://api.notion.com/v1/databases/23e035de0731803c9609e369fdbcc16d "HTTP/1.1 200 OK"
2025-07-28 20:17:06,973 - INFO - HTTP Request: POST https://api.notion.com/v1/pages "HTTP/1.1 200 OK"
2025-07-28 20:17:07,570 - INFO - HTTP Request: POST https://api.notion.com/v1/pages "HTTP/1.1 200 OK"
2025-07-28 20:17:07,731 - INFO - HTTP Request: GET https://api.notion.com/v1/databases/23e035de0731803c9609e369fdbcc16d "HTTP/1.1 200 OK"
2025-07-28 20:17:07,939 - INFO - HTTP Request: GET https://api.notion.com/v1/databases/23e035de0731803c9609e369fdbcc16d "HTTP/1.1 200 OK"
2025-07-28 20:17:08,272 - INFO - HTTP Request: POST https://api.notion.com/v1/pages "HTTP/1.1 200 OK"
2025-07-28 20:17:08,384 - INFO - HTTP Request: POST https://api.notion.com/v1/pages "HTTP/1.1 200 OK"
2025-07-28 20:17:08,553 - INFO - HTTP Request: GET https://api.notion.com/v1/databases/23e035de0731803c9609e369fdbcc16d "HTTP/1.1 200 OK"
2025-07-28 20:17:08,697 - INFO - HTTP Request: GET https://api.notion.com/v1/databases/23e035de0731803c9609e369fdbcc16d "HTTP/1.1 200 OK"
2025-07-28 20:17:09,123 - INFO - HTTP Request: POST https://api.notion.com/v1/pages "HTTP/1.1 200 OK"
2025-07-28 20:17:09,301 - INFO - HTTP Request: GET https://api.notion.com/v1/databases/23e035de0731803c9609e369fdbcc16d "HTTP/1.1 200 OK"
2025-07-28 20:17:09,732 - INFO - HTTP Request: POST https://api.notion.com/v1/pages "HTTP/1.1 200 OK"
2025-07-28 20:17:10,140 - INFO - HTTP Request: GET https://api.notion.com/v1/databases/23e035de0731803c9609e369fdbcc16d "HTTP/1.1 200 OK"
2025-07-28 20:17:10,174 - INFO - HTTP Request: POST https://api.notion.com/v1/pages "HTTP/1.1 409 Conflict"
2025-07-28 20:17:10,206 - INFO - HTTP Request: GET https://api.notion.com/v1/databases/23e035de0731803c9609e369fdbcc16d "HTTP/1.1 200 OK"
2025-07-28 20:17:10,600 - INFO - HTTP Request: POST https://api.notion.com/v1/pages "HTTP/1.1 409 Conflict"
2025-07-28 20:17:10,649 - INFO - HTTP Request: POST https://api.notion.com/v1/pages "HTTP/1.1 200 OK"
2025-07-28 20:17:10,885 - INFO - HTTP Request: GET https://api.notion.com/v1/databases/23e035de0731803c9609e369fdbcc16d "HTTP/1.1 200 OK"
2025-07-28 20:17:11,142 - INFO - HTTP Request: GET https://api.notion.com/v1/databases/23e035de0731803c9609e369fdbcc16d "HTTP/1.1 200 OK"
2025-07-28 20:17:11,358 - INFO - HTTP Request: POST https://api.notion.com/v1/pages "HTTP/1.1 200 OK"
2025-07-28 20:17:11,592 - INFO - HTTP Request: POST https://api.notion.com/v1/pages "HTTP/1.1 200 OK"
2025-07-28 20:17:11,633 - INFO - HTTP Request: POST https://api.notion.com/v1/pages "HTTP/1.1 409 Conflict"
2025-07-28 20:17:11,665 - INFO - HTTP Request: GET https://api.notion.com/v1/databases/23e035de0731803c9609e369fdbcc16d "HTTP/1.1 200 OK"
2025-07-28 20:17:12,334 - INFO - HTTP Request: GET https://api.notion.com/v1/databases/23e035de0731803c9609e369fdbcc16d "HTTP/1.1 200 OK"
2025-07-28 20:17:12,341 - INFO - HTTP Request: GET https://api.notion.com/v1/databases/23e035de0731803c9609e369fdbcc16d "HTTP/1.1 200 OK"
2025-07-28 20:17:12,769 - INFO - HTTP Request: POST https://api.notion.com/v1/pages "HTTP/1.1 200 OK"
2025-07-28 20:17:13,018 - INFO - HTTP Request: GET https://api.notion.com/v1/databases/23e035de0731803c9609e369fdbcc16d "HTTP/1.1 200 OK"
2025-07-28 20:17:13,667 - INFO - HTTP Request: POST https://api.notion.com/v1/pages "HTTP/1.1 409 Conflict"
2025-07-28 20:17:13,716 - INFO - HTTP Request: GET https://api.notion.com/v1/databases/23e035de0731803c9609e369fdbcc16d "HTTP/1.1 200 OK"
2025-07-28 20:17:13,787 - INFO - HTTP Request: GET https://api.notion.com/v1/databases/23e035de0731803c9609e369fdbcc16d "HTTP/1.1 200 OK"
2025-07-28 20:17:14,134 - INFO - HTTP Request: POST https://api.notion.com/v1/pages "HTTP/1.1 409 Conflict"
2025-07-28 20:17:14,183 - INFO - HTTP Request: POST https://api.notion.com/v1/pages "HTTP/1.1 409 Conflict"
2025-07-28 20:17:14,202 - INFO - HTTP Request: POST https://api.notion.com/v1/pages "HTTP/1.1 200 OK"
2025-07-28 20:17:14,599 - INFO - HTTP Request: GET https://api.notion.com/v1/databases/23e035de0731803c9609e369fdbcc16d "HTTP/1.1 200 OK"
2025-07-28 20:17:15,050 - INFO - HTTP Request: POST https://api.notion.com/v1/pages "HTTP/1.1 200 OK"
2025-07-28 20:17:15,343 - INFO - HTTP Request: GET https://api.notion.com/v1/databases/23e035de0731803c9609e369fdbcc16d "HTTP/1.1 200 OK"
2025-07-28 20:17:15,590 - INFO - HTTP Request: GET https://api.notion.com/v1/databases/23e035de0731803c9609e369fdbcc16d "HTTP/1.1 200 OK"
2025-07-28 20:17:15,733 - INFO - HTTP Request: POST https://api.notion.com/v1/pages "HTTP/1.1 409 Conflict"
2025-07-28 20:17:15,807 - INFO - HTTP Request: POST https://api.notion.com/v1/pages "HTTP/1.1 200 OK"
2025-07-28 20:17:16,021 - INFO - HTTP Request: POST https://api.notion.com/v1/pages "HTTP/1.1 200 OK"
2025-07-28 20:17:16,049 - INFO - HTTP Request: GET https://api.notion.com/v1/databases/23e035de0731803c9609e369fdbcc16d "HTTP/1.1 200 OK"
2025-07-28 20:17:16,552 - INFO - HTTP Request: POST https://api.notion.com/v1/pages "HTTP/1.1 200 OK"
2025-07-28 20:17:16,744 - INFO - HTTP Request: GET https://api.notion.com/v1/databases/23e035de0731803c9609e369fdbcc16d "HTTP/1.1 200 OK"
2025-07-28 20:17:16,888 - INFO - HTTP Request: GET https://api.notion.com/v1/databases/23e035de0731803c9609e369fdbcc16d "HTTP/1.1 200 OK"
2025-07-28 20:17:17,008 - INFO - HTTP Request: GET https://api.notion.com/v1/databases/23e035de0731803c9609e369fdbcc16d "HTTP/1.1 200 OK"
2025-07-28 20:17:17,323 - INFO - HTTP Request: POST https://api.notion.com/v1/pages "HTTP/1.1 200 OK"
2025-07-28 20:17:17,406 - INFO - HTTP Request: POST https://api.notion.com/v1/pages "HTTP/1.1 200 OK"
2025-07-28 20:17:17,616 - INFO - HTTP Request: POST https://api.notion.com/v1/pages "HTTP/1.1 200 OK"
2025-07-28 20:17:18,085 - INFO - HTTP Request: GET https://api.notion.com/v1/databases/23e035de0731803c9609e369fdbcc16d "HTTP/1.1 200 OK"
2025-07-28 20:17:18,088 - INFO - HTTP Request: GET https://api.notion.com/v1/databases/23e035de0731803c9609e369fdbcc16d "HTTP/1.1 200 OK"
2025-07-28 20:17:18,351 - INFO - HTTP Request: GET https://api.notion.com/v1/databases/23e035de0731803c9609e369fdbcc16d "HTTP/1.1 200 OK"
2025-07-28 20:17:18,465 - INFO - HTTP Request: GET https://api.notion.com/v1/databases/23e035de0731803c9609e369fdbcc16d "HTTP/1.1 200 OK"
2025-07-28 20:17:18,785 - INFO - HTTP Request: POST https://api.notion.com/v1/pages "HTTP/1.1 409 Conflict"
2025-07-28 20:17:18,828 - INFO - HTTP Request: POST https://api.notion.com/v1/pages "HTTP/1.1 200 OK"
2025-07-28 20:17:19,235 - INFO - HTTP Request: GET https://api.notion.com/v1/databases/23e035de0731803c9609e369fdbcc16d "HTTP/1.1 200 OK"
2025-07-28 20:17:19,293 - INFO - HTTP Request: POST https://api.notion.com/v1/pages "HTTP/1.1 200 OK"
2025-07-28 20:17:19,461 - INFO - HTTP Request: POST https://api.notion.com/v1/pages "HTTP/1.1 200 OK"
2025-07-28 20:17:19,694 - INFO - HTTP Request: POST https://api.notion.com/v1/pages "HTTP/1.1 200 OK"
2025-07-28 20:17:19,828 - INFO - HTTP Request: GET https://api.notion.com/v1/databases/23e035de0731803c9609e369fdbcc16d "HTTP/1.1 200 OK"
2025-07-28 20:17:19,944 - INFO - HTTP Request: GET https://api.notion.com/v1/databases/23e035de0731803c9609e369fdbcc16d "HTTP/1.1 200 OK"
2025-07-28 20:17:20,219 - INFO - HTTP Request: POST https://api.notion.com/v1/pages "HTTP/1.1 200 OK"
2025-07-28 20:17:20,354 - INFO - HTTP Request: GET https://api.notion.com/v1/databases/23e035de0731803c9609e369fdbcc16d "HTTP/1.1 200 OK"
2025-07-28 20:17:20,421 - INFO - HTTP Request: POST https://api.notion.com/v1/pages "HTTP/1.1 200 OK"
2025-07-28 20:17:20,545 - INFO - HTTP Request: GET https://api.notion.com/v1/databases/23e035de0731803c9609e369fdbcc16d "HTTP/1.1 200 OK"
2025-07-28 20:17:21,131 - INFO - HTTP Request: POST https://api.notion.com/v1/pages "HTTP/1.1 200 OK"
2025-07-28 20:17:21,318 - INFO - HTTP Request: GET https://api.notion.com/v1/databases/23e035de0731803c9609e369fdbcc16d "HTTP/1.1 200 OK"
2025-07-28 20:17:21,358 - INFO - HTTP Request: POST https://api.notion.com/v1/pages "HTTP/1.1 200 OK"
2025-07-28 20:17:21,474 - INFO - HTTP Request: GET https://api.notion.com/v1/databases/23e035de0731803c9609e369fdbcc16d "HTTP/1.1 200 OK"
2025-07-28 20:17:21,732 - INFO - HTTP Request: GET https://api.notion.com/v1/databases/23e035de0731803c9609e369fdbcc16d "HTTP/1.1 200 OK"
2025-07-28 20:17:21,752 - INFO - HTTP Request: POST https://api.notion.com/v1/pages "HTTP/1.1 200 OK"
2025-07-28 20:17:21,967 - INFO - HTTP Request: POST https://api.notion.com/v1/pages "HTTP/1.1 200 OK"
2025-07-28 20:17:22,174 - INFO - HTTP Request: GET https://api.notion.com/v1/databases/23e035de0731803c9609e369fdbcc16d "HTTP/1.1 200 OK"
2025-07-28 20:17:22,815 - INFO - HTTP Request: GET https://api.notion.com/v1/databases/23e035de0731803c9609e369fdbcc16d "HTTP/1.1 200 OK"
2025-07-28 20:17:22,890 - INFO - HTTP Request: POST https://api.notion.com/v1/pages "HTTP/1.1 200 OK"
2025-07-28 20:17:22,940 - INFO - HTTP Request: GET https://api.notion.com/v1/databases/23e035de0731803c9609e369fdbcc16d "HTTP/1.1 200 OK"
2025-07-28 20:17:23,007 - INFO - HTTP Request: GET https://api.notion.com/v1/databases/23e035de0731803c9609e369fdbcc16d "HTTP/1.1 200 OK"
2025-07-28 20:17:23,270 - INFO - HTTP Request: POST https://api.notion.com/v1/pages "HTTP/1.1 200 OK"
2025-07-28 20:17:23,467 - INFO - HTTP Request: POST https://api.notion.com/v1/pages "HTTP/1.1 200 OK"
2025-07-28 20:17:23,851 - INFO - HTTP Request: GET https://api.notion.com/v1/databases/23e035de0731803c9609e369fdbcc16d "HTTP/1.1 200 OK"
2025-07-28 20:17:24,378 - INFO - HTTP Request: GET https://api.notion.com/v1/databases/23e035de0731803c9609e369fdbcc16d "HTTP/1.1 200 OK"
2025-07-28 20:17:24,397 - INFO - HTTP Request: POST https://api.notion.com/v1/pages "HTTP/1.1 200 OK"
2025-07-28 20:17:24,562 - INFO - HTTP Request: POST https://api.notion.com/v1/pages "HTTP/1.1 200 OK"
2025-07-28 20:17:24,668 - INFO - HTTP Request: GET https://api.notion.com/v1/databases/23e035de0731803c9609e369fdbcc16d "HTTP/1.1 200 OK"
2025-07-28 20:17:25,050 - INFO - HTTP Request: POST https://api.notion.com/v1/pages "HTTP/1.1 200 OK"
2025-07-28 20:17:25,372 - INFO - HTTP Request: GET https://api.notion.com/v1/databases/23e035de0731803c9609e369fdbcc16d "HTTP/1.1 200 OK"
2025-07-28 20:17:25,533 - INFO - HTTP Request: GET https://api.notion.com/v1/databases/23e035de0731803c9609e369fdbcc16d "HTTP/1.1 200 OK"
2025-07-28 20:17:25,819 - INFO - HTTP Request: POST https://api.notion.com/v1/pages "HTTP/1.1 200 OK"
2025-07-28 20:17:25,964 - INFO - HTTP Request: POST https://api.notion.com/v1/pages "HTTP/1.1 200 OK"
2025-07-28 20:17:26,069 - INFO - HTTP Request: GET https://api.notion.com/v1/databases/23e035de0731803c9609e369fdbcc16d "HTTP/1.1 200 OK"
2025-07-28 20:17:26,250 - INFO - HTTP Request: POST https://api.notion.com/v1/pages "HTTP/1.1 200 OK"
2025-07-28 20:17:26,868 - INFO - HTTP Request: GET https://api.notion.com/v1/databases/23e035de0731803c9609e369fdbcc16d "HTTP/1.1 200 OK"
2025-07-28 20:17:26,992 - INFO - HTTP Request: GET https://api.notion.com/v1/databases/23e035de0731803c9609e369fdbcc16d "HTTP/1.1 200 OK"
2025-07-28 20:17:27,235 - INFO - HTTP Request: GET https://api.notion.com/v1/databases/23e035de0731803c9609e369fdbcc16d "HTTP/1.1 200 OK"
2025-07-28 20:17:27,251 - INFO - HTTP Request: POST https://api.notion.com/v1/pages "HTTP/1.1 200 OK"
2025-07-28 20:17:27,428 - INFO - HTTP Request: POST https://api.notion.com/v1/pages "HTTP/1.1 200 OK"
2025-07-28 20:17:27,548 - INFO - HTTP Request: POST https://api.notion.com/v1/pages "HTTP/1.1 200 OK"
2025-07-28 20:17:27,899 - INFO - HTTP Request: POST https://api.notion.com/v1/pages "HTTP/1.1 200 OK"
2025-07-28 20:17:27,923 - INFO - HTTP Request: POST https://api.notion.com/v1/pages "HTTP/1.1 409 Conflict"
2025-07-28 20:17:28,572 - INFO - HTTP Request: GET https://api.notion.com/v1/databases/23e035de0731803c9609e369fdbcc16d "HTTP/1.1 200 OK"
2025-07-28 20:17:28,633 - INFO - HTTP Request: GET https://api.notion.com/v1/databases/23e035de0731803c9609e369fdbcc16d "HTTP/1.1 200 OK"
2025-07-28 20:17:28,675 - INFO - HTTP Request: GET https://api.notion.com/v1/databases/23e035de0731803c9609e369fdbcc16d "HTTP/1.1 200 OK"
2025-07-28 20:17:28,997 - INFO - HTTP Request: POST https://api.notion.com/v1/pages "HTTP/1.1 200 OK"
2025-07-28 20:17:29,010 - INFO - HTTP Request: GET https://api.notion.com/v1/databases/23e035de0731803c9609e369fdbcc16d "HTTP/1.1 200 OK"
2025-07-28 20:17:29,181 - INFO - HTTP Request: POST https://api.notion.com/v1/pages "HTTP/1.1 200 OK"
2025-07-28 20:17:29,605 - INFO - HTTP Request: GET https://api.notion.com/v1/databases/23e035de0731803c9609e369fdbcc16d "HTTP/1.1 200 OK"
2025-07-28 20:17:29,637 - INFO - HTTP Request: POST https://api.notion.com/v1/pages "HTTP/1.1 200 OK"
2025-07-28 20:17:30,059 - INFO - HTTP Request: POST https://api.notion.com/v1/pages "HTTP/1.1 200 OK"
2025-07-28 20:17:30,282 - INFO - HTTP Request: GET https://api.notion.com/v1/databases/23e035de0731803c9609e369fdbcc16d "HTTP/1.1 200 OK"
2025-07-28 20:17:30,721 - INFO - HTTP Request: POST https://api.notion.com/v1/pages "HTTP/1.1 200 OK"
2025-07-28 20:17:31,411 - INFO - HTTP Request: GET https://api.notion.com/v1/databases/23e035de0731803c9609e369fdbcc16d "HTTP/1.1 200 OK"
2025-07-28 20:17:31,443 - INFO - HTTP Request: GET https://api.notion.com/v1/databases/23e035de0731803c9609e369fdbcc16d "HTTP/1.1 200 OK"
2025-07-28 20:17:31,491 - INFO - HTTP Request: POST https://api.notion.com/v1/pages "HTTP/1.1 200 OK"
2025-07-28 20:17:31,896 - INFO - HTTP Request: POST https://api.notion.com/v1/pages "HTTP/1.1 200 OK"
2025-07-28 20:17:31,938 - INFO - HTTP Request: GET https://api.notion.com/v1/databases/23e035de0731803c9609e369fdbcc16d "HTTP/1.1 200 OK"
2025-07-28 20:17:32,101 - INFO - HTTP Request: GET https://api.notion.com/v1/databases/23e035de0731803c9609e369fdbcc16d "HTTP/1.1 200 OK"
2025-07-28 20:17:32,388 - INFO - HTTP Request: POST https://api.notion.com/v1/pages "HTTP/1.1 200 OK"
2025-07-28 20:17:32,414 - INFO - HTTP Request: GET https://api.notion.com/v1/databases/23e035de0731803c9609e369fdbcc16d "HTTP/1.1 200 OK"
2025-07-28 20:17:32,506 - INFO - HTTP Request: POST https://api.notion.com/v1/pages "HTTP/1.1 200 OK"
2025-07-28 20:17:32,865 - INFO - HTTP Request: GET https://api.notion.com/v1/databases/23e035de0731803c9609e369fdbcc16d "HTTP/1.1 200 OK"
2025-07-28 20:17:32,941 - INFO - HTTP Request: POST https://api.notion.com/v1/pages "HTTP/1.1 200 OK"
2025-07-28 20:17:33,291 - INFO - HTTP Request: POST https://api.notion.com/v1/pages "HTTP/1.1 200 OK"
2025-07-28 20:17:33,683 - INFO - HTTP Request: GET https://api.notion.com/v1/databases/23e035de0731803c9609e369fdbcc16d "HTTP/1.1 200 OK"
2025-07-28 20:17:33,801 - INFO - HTTP Request: GET https://api.notion.com/v1/databases/23e035de0731803c9609e369fdbcc16d "HTTP/1.1 200 OK"
2025-07-28 20:17:33,905 - INFO - HTTP Request: GET https://api.notion.com/v1/databases/23e035de0731803c9609e369fdbcc16d "HTTP/1.1 200 OK"
2025-07-28 20:17:34,042 - INFO - HTTP Request: POST https://api.notion.com/v1/pages "HTTP/1.1 200 OK"
2025-07-28 20:17:34,279 - INFO - HTTP Request: POST https://api.notion.com/v1/pages "HTTP/1.1 200 OK"
2025-07-28 20:17:34,362 - INFO - HTTP Request: POST https://api.notion.com/v1/pages "HTTP/1.1 200 OK"
2025-07-28 20:17:34,364 - INFO - HTTP Request: GET https://api.notion.com/v1/databases/23e035de0731803c9609e369fdbcc16d "HTTP/1.1 200 OK"
2025-07-28 20:17:34,779 - INFO - HTTP Request: POST https://api.notion.com/v1/pages "HTTP/1.1 200 OK"
2025-07-28 20:17:34,847 - INFO - HTTP Request: POST https://api.notion.com/v1/pages "HTTP/1.1 409 Conflict"
2025-07-28 20:17:35,113 - INFO - HTTP Request: GET https://api.notion.com/v1/databases/23e035de0731803c9609e369fdbcc16d "HTTP/1.1 200 OK"
2025-07-28 20:17:35,474 - INFO - HTTP Request: GET https://api.notion.com/v1/databases/23e035de0731803c9609e369fdbcc16d "HTTP/1.1 200 OK"
2025-07-28 20:17:35,578 - INFO - HTTP Request: POST https://api.notion.com/v1/pages "HTTP/1.1 200 OK"
2025-07-28 20:17:35,767 - INFO - HTTP Request: GET https://api.notion.com/v1/databases/23e035de0731803c9609e369fdbcc16d "HTTP/1.1 200 OK"
2025-07-28 20:17:35,868 - INFO - HTTP Request: GET https://api.notion.com/v1/databases/23e035de0731803c9609e369fdbcc16d "HTTP/1.1 200 OK"
2025-07-28 20:17:35,915 - INFO - HTTP Request: GET https://api.notion.com/v1/databases/23e035de0731803c9609e369fdbcc16d "HTTP/1.1 200 OK"
2025-07-28 20:17:35,922 - INFO - HTTP Request: POST https://api.notion.com/v1/pages "HTTP/1.1 200 OK"
2025-07-28 20:17:36,253 - INFO - HTTP Request: POST https://api.notion.com/v1/pages "HTTP/1.1 200 OK"
2025-07-28 20:17:36,362 - INFO - HTTP Request: POST https://api.notion.com/v1/pages "HTTP/1.1 200 OK"
2025-07-28 20:17:36,877 - INFO - HTTP Request: GET https://api.notion.com/v1/databases/23e035de0731803c9609e369fdbcc16d "HTTP/1.1 200 OK"
2025-07-28 20:17:37,301 - INFO - HTTP Request: GET https://api.notion.com/v1/databases/23e035de0731803c9609e369fdbcc16d "HTTP/1.1 200 OK"
2025-07-28 20:17:37,327 - INFO - HTTP Request: POST https://api.notion.com/v1/pages "HTTP/1.1 200 OK"
2025-07-28 20:17:37,636 - INFO - HTTP Request: GET https://api.notion.com/v1/databases/23e035de0731803c9609e369fdbcc16d "HTTP/1.1 200 OK"
2025-07-28 20:17:37,731 - INFO - HTTP Request: POST https://api.notion.com/v1/pages "HTTP/1.1 200 OK"
2025-07-28 20:17:38,111 - INFO - HTTP Request: GET https://api.notion.com/v1/databases/23e035de0731803c9609e369fdbcc16d "HTTP/1.1 200 OK"
2025-07-28 20:17:38,314 - INFO - HTTP Request: GET https://api.notion.com/v1/databases/23e035de0731803c9609e369fdbcc16d "HTTP/1.1 200 OK"
2025-07-28 20:17:38,527 - INFO - HTTP Request: POST https://api.notion.com/v1/pages "HTTP/1.1 200 OK"
2025-07-28 20:17:38,617 - INFO - HTTP Request: POST https://api.notion.com/v1/pages "HTTP/1.1 409 Conflict"
2025-07-28 20:17:38,753 - INFO - HTTP Request: GET https://api.notion.com/v1/databases/23e035de0731803c9609e369fdbcc16d "HTTP/1.1 200 OK"
2025-07-28 20:17:38,766 - INFO - HTTP Request: POST https://api.notion.com/v1/pages "HTTP/1.1 200 OK"
2025-07-28 20:17:39,242 - INFO - HTTP Request: POST https://api.notion.com/v1/pages "HTTP/1.1 200 OK"
2025-07-28 20:17:40,014 - INFO - HTTP Request: GET https://api.notion.com/v1/databases/23e035de0731803c9609e369fdbcc16d "HTTP/1.1 200 OK"
2025-07-28 20:17:40,238 - INFO - HTTP Request: GET https://api.notion.com/v1/databases/23e035de0731803c9609e369fdbcc16d "HTTP/1.1 200 OK"
2025-07-28 20:17:40,328 - INFO - HTTP Request: GET https://api.notion.com/v1/databases/23e035de0731803c9609e369fdbcc16d "HTTP/1.1 200 OK"
2025-07-28 20:17:40,437 - INFO - HTTP Request: POST https://api.notion.com/v1/pages "HTTP/1.1 200 OK"
2025-07-28 20:17:40,556 - INFO - HTTP Request: POST https://api.notion.com/v1/pages "HTTP/1.1 409 Conflict"
2025-07-28 20:17:40,775 - INFO - HTTP Request: POST https://api.notion.com/v1/pages "HTTP/1.1 200 OK"
2025-07-28 20:17:41,259 - INFO - HTTP Request: POST https://api.notion.com/v1/pages "HTTP/1.1 200 OK"
2025-07-28 20:17:41,495 - INFO - HTTP Request: GET https://api.notion.com/v1/databases/23e035de0731803c9609e369fdbcc16d "HTTP/1.1 200 OK"
2025-07-28 20:17:41,593 - INFO - HTTP Request: GET https://api.notion.com/v1/databases/23e035de0731803c9609e369fdbcc16d "HTTP/1.1 200 OK"
2025-07-28 20:17:41,627 - INFO - HTTP Request: GET https://api.notion.com/v1/databases/23e035de0731803c9609e369fdbcc16d "HTTP/1.1 200 OK"
2025-07-28 20:17:41,772 - INFO - HTTP Request: GET https://api.notion.com/v1/databases/23e035de0731803c9609e369fdbcc16d "HTTP/1.1 200 OK"
2025-07-28 20:17:41,988 - INFO - HTTP Request: POST https://api.notion.com/v1/pages "HTTP/1.1 200 OK"
2025-07-28 20:17:42,030 - INFO - HTTP Request: POST https://api.notion.com/v1/pages "HTTP/1.1 200 OK"
2025-07-28 20:17:42,032 - INFO - HTTP Request: POST https://api.notion.com/v1/pages "HTTP/1.1 409 Conflict"
2025-07-28 20:17:42,216 - INFO - HTTP Request: POST https://api.notion.com/v1/pages "HTTP/1.1 200 OK"
2025-07-28 20:17:42,280 - INFO - HTTP Request: GET https://api.notion.com/v1/databases/23e035de0731803c9609e369fdbcc16d "HTTP/1.1 200 OK"
2025-07-28 20:17:43,185 - INFO - HTTP Request: GET https://api.notion.com/v1/databases/23e035de0731803c9609e369fdbcc16d "HTTP/1.1 200 OK"
2025-07-28 20:17:43,192 - INFO - HTTP Request: GET https://api.notion.com/v1/databases/23e035de0731803c9609e369fdbcc16d "HTTP/1.1 200 OK"
2025-07-28 20:17:43,286 - INFO - HTTP Request: GET https://api.notion.com/v1/databases/23e035de0731803c9609e369fdbcc16d "HTTP/1.1 200 OK"
2025-07-28 20:17:43,626 - INFO - HTTP Request: POST https://api.notion.com/v1/pages "HTTP/1.1 200 OK"
2025-07-28 20:17:43,728 - INFO - HTTP Request: POST https://api.notion.com/v1/pages "HTTP/1.1 200 OK"
2025-07-28 20:17:44,155 - INFO - HTTP Request: POST https://api.notion.com/v1/pages "HTTP/1.1 200 OK"
2025-07-28 20:17:44,758 - INFO - HTTP Request: GET https://api.notion.com/v1/databases/23e035de0731803c9609e369fdbcc16d "HTTP/1.1 200 OK"
2025-07-28 20:17:45,070 - INFO - HTTP Request: GET https://api.notion.com/v1/databases/23e035de0731803c9609e369fdbcc16d "HTTP/1.1 200 OK"
2025-07-28 20:17:45,256 - INFO - HTTP Request: POST https://api.notion.com/v1/pages "HTTP/1.1 200 OK"
2025-07-28 20:17:45,470 - INFO - HTTP Request: POST https://api.notion.com/v1/pages "HTTP/1.1 200 OK"
2025-07-28 20:17:45,630 - INFO - HTTP Request: POST https://api.notion.com/v1/pages "HTTP/1.1 409 Conflict"
2025-07-28 20:17:45,710 - INFO - HTTP Request: GET https://api.notion.com/v1/databases/23e035de0731803c9609e369fdbcc16d "HTTP/1.1 200 OK"
2025-07-28 20:17:46,175 - INFO - HTTP Request: POST https://api.notion.com/v1/pages "HTTP/1.1 200 OK"
2025-07-28 20:17:46,211 - INFO - HTTP Request: GET https://api.notion.com/v1/databases/23e035de0731803c9609e369fdbcc16d "HTTP/1.1 200 OK"
2025-07-28 20:17:46,221 - INFO - HTTP Request: GET https://api.notion.com/v1/databases/23e035de0731803c9609e369fdbcc16d "HTTP/1.1 200 OK"
2025-07-28 20:17:46,655 - INFO - HTTP Request: GET https://api.notion.com/v1/databases/23e035de0731803c9609e369fdbcc16d "HTTP/1.1 200 OK"
2025-07-28 20:17:46,668 - INFO - HTTP Request: GET https://api.notion.com/v1/databases/23e035de0731803c9609e369fdbcc16d "HTTP/1.1 200 OK"
2025-07-28 20:17:46,738 - INFO - HTTP Request: POST https://api.notion.com/v1/pages "HTTP/1.1 200 OK"
2025-07-28 20:17:46,931 - INFO - HTTP Request: POST https://api.notion.com/v1/pages "HTTP/1.1 200 OK"
2025-07-28 20:17:47,128 - INFO - HTTP Request: GET https://api.notion.com/v1/databases/23e035de0731803c9609e369fdbcc16d "HTTP/1.1 200 OK"
2025-07-28 20:17:47,171 - INFO - HTTP Request: POST https://api.notion.com/v1/pages "HTTP/1.1 200 OK"
2025-07-28 20:17:47,540 - INFO - HTTP Request: POST https://api.notion.com/v1/pages "HTTP/1.1 200 OK"
2025-07-28 20:17:48,003 - INFO - HTTP Request: GET https://api.notion.com/v1/databases/23e035de0731803c9609e369fdbcc16d "HTTP/1.1 200 OK"
2025-07-28 20:17:48,207 - INFO - HTTP Request: GET https://api.notion.com/v1/databases/23e035de0731803c9609e369fdbcc16d "HTTP/1.1 200 OK"
2025-07-28 20:17:48,321 - INFO - HTTP Request: GET https://api.notion.com/v1/databases/23e035de0731803c9609e369fdbcc16d "HTTP/1.1 200 OK"
2025-07-28 20:17:48,528 - INFO - HTTP Request: POST https://api.notion.com/v1/pages "HTTP/1.1 200 OK"
2025-07-28 20:17:48,734 - INFO - HTTP Request: POST https://api.notion.com/v1/pages "HTTP/1.1 409 Conflict"
2025-07-28 20:17:49,252 - INFO - HTTP Request: POST https://api.notion.com/v1/pages "HTTP/1.1 200 OK"
2025-07-28 20:17:49,548 - INFO - HTTP Request: GET https://api.notion.com/v1/databases/23e035de0731803c9609e369fdbcc16d "HTTP/1.1 200 OK"
2025-07-28 20:17:49,640 - INFO - HTTP Request: GET https://api.notion.com/v1/databases/23e035de0731803c9609e369fdbcc16d "HTTP/1.1 200 OK"
2025-07-28 20:17:49,770 - INFO - HTTP Request: GET https://api.notion.com/v1/databases/23e035de0731803c9609e369fdbcc16d "HTTP/1.1 200 OK"
2025-07-28 20:17:50,150 - INFO - HTTP Request: POST https://api.notion.com/v1/pages "HTTP/1.1 200 OK"
2025-07-28 20:17:50,210 - INFO - HTTP Request: GET https://api.notion.com/v1/databases/23e035de0731803c9609e369fdbcc16d "HTTP/1.1 200 OK"
2025-07-28 20:17:50,565 - INFO - HTTP Request: POST https://api.notion.com/v1/pages "HTTP/1.1 200 OK"
2025-07-28 20:17:51,101 - INFO - HTTP Request: GET https://api.notion.com/v1/databases/23e035de0731803c9609e369fdbcc16d "HTTP/1.1 200 OK"
2025-07-28 20:17:51,424 - INFO - HTTP Request: POST https://api.notion.com/v1/pages "HTTP/1.1 409 Conflict"
2025-07-28 20:17:51,549 - INFO - HTTP Request: GET https://api.notion.com/v1/databases/23e035de0731803c9609e369fdbcc16d "HTTP/1.1 200 OK"
2025-07-28 20:17:51,589 - INFO - HTTP Request: POST https://api.notion.com/v1/pages "HTTP/1.1 200 OK"
2025-07-28 20:17:52,041 - INFO - HTTP Request: POST https://api.notion.com/v1/pages "HTTP/1.1 200 OK"
2025-07-28 20:17:52,556 - INFO - HTTP Request: GET https://api.notion.com/v1/databases/23e035de0731803c9609e369fdbcc16d "HTTP/1.1 200 OK"
2025-07-28 20:17:52,804 - INFO - HTTP Request: POST https://api.notion.com/v1/pages "HTTP/1.1 409 Conflict"
2025-07-28 20:17:52,815 - INFO - HTTP Request: GET https://api.notion.com/v1/databases/23e035de0731803c9609e369fdbcc16d "HTTP/1.1 200 OK"
2025-07-28 20:17:53,028 - INFO - HTTP Request: GET https://api.notion.com/v1/databases/23e035de0731803c9609e369fdbcc16d "HTTP/1.1 200 OK"
2025-07-28 20:17:53,400 - INFO - HTTP Request: POST https://api.notion.com/v1/pages "HTTP/1.1 409 Conflict"
2025-07-28 20:17:53,547 - INFO - HTTP Request: POST https://api.notion.com/v1/pages "HTTP/1.1 200 OK"
2025-07-28 20:17:53,825 - INFO - HTTP Request: GET https://api.notion.com/v1/databases/23e035de0731803c9609e369fdbcc16d "HTTP/1.1 200 OK"
2025-07-28 20:17:54,027 - INFO - HTTP Request: POST https://api.notion.com/v1/pages "HTTP/1.1 200 OK"
2025-07-28 20:17:54,382 - INFO - HTTP Request: POST https://api.notion.com/v1/pages "HTTP/1.1 200 OK"
2025-07-28 20:17:54,393 - INFO - HTTP Request: GET https://api.notion.com/v1/databases/23e035de0731803c9609e369fdbcc16d "HTTP/1.1 200 OK"
2025-07-28 20:17:54,491 - INFO - HTTP Request: POST https://api.notion.com/v1/pages "HTTP/1.1 409 Conflict"
2025-07-28 20:17:54,713 - INFO - HTTP Request: GET https://api.notion.com/v1/databases/23e035de0731803c9609e369fdbcc16d "HTTP/1.1 200 OK"
2025-07-28 20:17:55,552 - INFO - HTTP Request: GET https://api.notion.com/v1/databases/23e035de0731803c9609e369fdbcc16d "HTTP/1.1 200 OK"
2025-07-28 20:17:55,607 - INFO - HTTP Request: POST https://api.notion.com/v1/pages "HTTP/1.1 200 OK"
2025-07-28 20:17:55,716 - INFO - HTTP Request: POST https://api.notion.com/v1/pages "HTTP/1.1 200 OK"
2025-07-28 20:17:56,083 - INFO - HTTP Request: POST https://api.notion.com/v1/pages "HTTP/1.1 200 OK"
2025-07-28 20:17:56,294 - INFO - HTTP Request: GET https://api.notion.com/v1/databases/23e035de0731803c9609e369fdbcc16d "HTTP/1.1 200 OK"
2025-07-28 20:17:56,574 - INFO - HTTP Request: GET https://api.notion.com/v1/databases/23e035de0731803c9609e369fdbcc16d "HTTP/1.1 200 OK"
2025-07-28 20:17:56,849 - INFO - HTTP Request: GET https://api.notion.com/v1/databases/23e035de0731803c9609e369fdbcc16d "HTTP/1.1 200 OK"
2025-07-28 20:17:57,631 - INFO - HTTP Request: GET https://api.notion.com/v1/databases/23e035de0731803c9609e369fdbcc16d "HTTP/1.1 200 OK"
2025-07-28 20:17:57,705 - INFO - HTTP Request: GET https://api.notion.com/v1/databases/23e035de0731803c9609e369fdbcc16d "HTTP/1.1 200 OK"
2025-07-28 20:17:57,877 - INFO - HTTP Request: POST https://api.notion.com/v1/pages "HTTP/1.1 200 OK"
2025-07-28 20:17:57,894 - INFO - HTTP Request: POST https://api.notion.com/v1/pages "HTTP/1.1 409 Conflict"
2025-07-28 20:17:58,048 - INFO - HTTP Request: POST https://api.notion.com/v1/pages "HTTP/1.1 200 OK"
2025-07-28 20:17:58,185 - INFO - HTTP Request: POST https://api.notion.com/v1/pages "HTTP/1.1 409 Conflict"
2025-07-28 20:17:59,185 - INFO - HTTP Request: GET https://api.notion.com/v1/databases/23e035de0731803c9609e369fdbcc16d "HTTP/1.1 200 OK"
2025-07-28 20:17:59,229 - INFO - HTTP Request: GET https://api.notion.com/v1/databases/23e035de0731803c9609e369fdbcc16d "HTTP/1.1 200 OK"
2025-07-28 20:17:59,388 - INFO - HTTP Request: POST https://api.notion.com/v1/pages "HTTP/1.1 200 OK"
2025-07-28 20:17:59,407 - INFO - HTTP Request: GET https://api.notion.com/v1/databases/23e035de0731803c9609e369fdbcc16d "HTTP/1.1 200 OK"
2025-07-28 20:17:59,459 - INFO - HTTP Request: GET https://api.notion.com/v1/databases/23e035de0731803c9609e369fdbcc16d "HTTP/1.1 200 OK"
2025-07-28 20:17:59,644 - INFO - HTTP Request: POST https://api.notion.com/v1/pages "HTTP/1.1 200 OK"
2025-07-28 20:17:59,809 - INFO - HTTP Request: POST https://api.notion.com/v1/pages "HTTP/1.1 200 OK"
2025-07-28 20:17:59,848 - INFO - HTTP Request: POST https://api.notion.com/v1/pages "HTTP/1.1 409 Conflict"
2025-07-28 20:17:59,877 - INFO - HTTP Request: POST https://api.notion.com/v1/pages "HTTP/1.1 200 OK"
2025-07-28 20:18:00,640 - INFO - HTTP Request: GET https://api.notion.com/v1/databases/23e035de0731803c9609e369fdbcc16d "HTTP/1.1 200 OK"
2025-07-28 20:18:00,963 - INFO - HTTP Request: GET https://api.notion.com/v1/databases/23e035de0731803c9609e369fdbcc16d "HTTP/1.1 200 OK"
2025-07-28 20:18:00,976 - INFO - HTTP Request: GET https://api.notion.com/v1/databases/23e035de0731803c9609e369fdbcc16d "HTTP/1.1 200 OK"
2025-07-28 20:18:01,127 - INFO - HTTP Request: GET https://api.notion.com/v1/databases/23e035de0731803c9609e369fdbcc16d "HTTP/1.1 200 OK"
2025-07-28 20:18:01,181 - INFO - HTTP Request: POST https://api.notion.com/v1/databases/23e035de0731804aaf4ac18652c62393/query "HTTP/1.1 200 OK"
2025-07-28 20:18:01,404 - INFO - HTTP Request: POST https://api.notion.com/v1/pages "HTTP/1.1 409 Conflict"
2025-07-28 20:18:01,465 - INFO - HTTP Request: POST https://api.notion.com/v1/pages "HTTP/1.1 200 OK"
2025-07-28 20:18:01,751 - INFO - HTTP Request: GET https://api.notion.com/v1/databases/23e035de0731803c9609e369fdbcc16d "HTTP/1.1 200 OK"
2025-07-28 20:18:02,587 - INFO - HTTP Request: GET https://api.notion.com/v1/databases/23e035de0731803c9609e369fdbcc16d "HTTP/1.1 200 OK"
2025-07-28 20:18:02,610 - INFO - HTTP Request: POST https://api.notion.com/v1/pages "HTTP/1.1 200 OK"
2025-07-28 20:18:02,668 - INFO - HTTP Request: POST https://api.notion.com/v1/pages "HTTP/1.1 200 OK"
2025-07-28 20:18:02,704 - INFO - HTTP Request: GET https://api.notion.com/v1/databases/23e035de0731803c9609e369fdbcc16d "HTTP/1.1 200 OK"
2025-07-28 20:18:03,068 - INFO - HTTP Request: POST https://api.notion.com/v1/pages "HTTP/1.1 200 OK"
2025-07-28 20:18:03,249 - INFO - HTTP Request: POST https://api.notion.com/v1/pages "HTTP/1.1 200 OK"
2025-07-28 20:18:03,775 - INFO - HTTP Request: GET https://api.notion.com/v1/databases/23e035de0731803c9609e369fdbcc16d "HTTP/1.1 200 OK"
2025-07-28 20:18:04,060 - INFO - HTTP Request: GET https://api.notion.com/v1/databases/23e035de0731803c9609e369fdbcc16d "HTTP/1.1 200 OK"
2025-07-28 20:18:04,110 - INFO - HTTP Request: GET https://api.notion.com/v1/databases/23e035de0731803c9609e369fdbcc16d "HTTP/1.1 200 OK"
2025-07-28 20:18:04,555 - INFO - HTTP Request: POST https://api.notion.com/v1/pages "HTTP/1.1 200 OK"
2025-07-28 20:18:04,725 - INFO - HTTP Request: GET https://api.notion.com/v1/databases/23e035de0731803c9609e369fdbcc16d "HTTP/1.1 200 OK"
2025-07-28 20:18:04,789 - INFO - HTTP Request: POST https://api.notion.com/v1/pages "HTTP/1.1 200 OK"
2025-07-28 20:18:05,165 - INFO - HTTP Request: POST https://api.notion.com/v1/pages "HTTP/1.1 200 OK"
2025-07-28 20:18:05,404 - INFO - HTTP Request: POST https://api.notion.com/v1/pages "HTTP/1.1 409 Conflict"
2025-07-28 20:18:05,633 - INFO - HTTP Request: POST https://api.notion.com/v1/pages "HTTP/1.1 200 OK"
2025-07-28 20:18:05,754 - INFO - HTTP Request: GET https://api.notion.com/v1/databases/23e035de0731803c9609e369fdbcc16d "HTTP/1.1 200 OK"
2025-07-28 20:18:06,142 - INFO - HTTP Request: GET https://api.notion.com/v1/databases/23e035de0731803c9609e369fdbcc16d "HTTP/1.1 200 OK"
2025-07-28 20:18:06,181 - INFO - HTTP Request: GET https://api.notion.com/v1/databases/23e035de0731803c9609e369fdbcc16d "HTTP/1.1 200 OK"
2025-07-28 20:18:06,357 - INFO - HTTP Request: GET https://api.notion.com/v1/databases/23e035de0731803c9609e369fdbcc16d "HTTP/1.1 200 OK"
2025-07-28 20:18:06,645 - INFO - HTTP Request: GET https://api.notion.com/v1/databases/23e035de0731803c9609e369fdbcc16d "HTTP/1.1 200 OK"
2025-07-28 20:18:06,684 - INFO - HTTP Request: POST https://api.notion.com/v1/pages "HTTP/1.1 409 Conflict"
2025-07-28 20:18:06,717 - INFO - HTTP Request: POST https://api.notion.com/v1/pages "HTTP/1.1 200 OK"
2025-07-28 20:18:07,076 - INFO - HTTP Request: POST https://api.notion.com/v1/pages "HTTP/1.1 200 OK"
2025-07-28 20:18:07,189 - INFO - HTTP Request: POST https://api.notion.com/v1/pages "HTTP/1.1 200 OK"
2025-07-28 20:18:07,394 - INFO - HTTP Request: POST https://api.notion.com/v1/pages "HTTP/1.1 200 OK"
2025-07-28 20:18:08,258 - INFO - HTTP Request: GET https://api.notion.com/v1/databases/23e035de0731803c9609e369fdbcc16d "HTTP/1.1 200 OK"
2025-07-28 20:18:08,447 - INFO - HTTP Request: GET https://api.notion.com/v1/databases/23e035de0731803c9609e369fdbcc16d "HTTP/1.1 200 OK"
2025-07-28 20:18:08,459 - INFO - HTTP Request: GET https://api.notion.com/v1/databases/23e035de0731803c9609e369fdbcc16d "HTTP/1.1 200 OK"
2025-07-28 20:18:08,735 - INFO - HTTP Request: POST https://api.notion.com/v1/pages "HTTP/1.1 200 OK"
2025-07-28 20:18:08,871 - INFO - HTTP Request: POST https://api.notion.com/v1/pages "HTTP/1.1 200 OK"
2025-07-28 20:18:09,062 - INFO - HTTP Request: GET https://api.notion.com/v1/databases/23e035de0731803c9609e369fdbcc16d "HTTP/1.1 200 OK"
2025-07-28 20:18:09,244 - INFO - HTTP Request: GET https://api.notion.com/v1/databases/23e035de0731803c9609e369fdbcc16d "HTTP/1.1 200 OK"
2025-07-28 20:18:09,468 - INFO - HTTP Request: POST https://api.notion.com/v1/pages "HTTP/1.1 200 OK"
2025-07-28 20:18:09,799 - INFO - HTTP Request: GET https://api.notion.com/v1/databases/23e035de0731803c9609e369fdbcc16d "HTTP/1.1 200 OK"
2025-07-28 20:18:09,959 - INFO - HTTP Request: GET https://api.notion.com/v1/databases/23e035de0731803c9609e369fdbcc16d "HTTP/1.1 200 OK"
2025-07-28 20:18:10,253 - INFO - HTTP Request: POST https://api.notion.com/v1/pages "HTTP/1.1 200 OK"
2025-07-28 20:18:10,409 - INFO - HTTP Request: GET https://api.notion.com/v1/databases/23e035de0731803c9609e369fdbcc16d "HTTP/1.1 200 OK"
2025-07-28 20:18:10,791 - INFO - HTTP Request: POST https://api.notion.com/v1/pages "HTTP/1.1 409 Conflict"
2025-07-28 20:18:10,822 - INFO - HTTP Request: POST https://api.notion.com/v1/pages "HTTP/1.1 200 OK"
2025-07-28 20:18:11,900 - INFO - HTTP Request: GET https://api.notion.com/v1/databases/23e035de0731803c9609e369fdbcc16d "HTTP/1.1 200 OK"
2025-07-28 20:18:11,949 - INFO - HTTP Request: GET https://api.notion.com/v1/databases/23e035de0731803c9609e369fdbcc16d "HTTP/1.1 200 OK"
2025-07-28 20:18:12,327 - INFO - HTTP Request: POST https://api.notion.com/v1/pages "HTTP/1.1 200 OK"
2025-07-28 20:18:12,430 - INFO - HTTP Request: POST https://api.notion.com/v1/pages "HTTP/1.1 200 OK"
2025-07-28 20:18:13,064 - INFO - HTTP Request: GET https://api.notion.com/v1/databases/23e035de0731803c9609e369fdbcc16d "HTTP/1.1 200 OK"
2025-07-28 20:18:13,071 - INFO - HTTP Request: POST https://api.notion.com/v1/pages "HTTP/1.1 200 OK"
2025-07-28 20:18:13,508 - INFO - HTTP Request: GET https://api.notion.com/v1/databases/23e035de0731803c9609e369fdbcc16d "HTTP/1.1 200 OK"
2025-07-28 20:18:13,562 - INFO - HTTP Request: GET https://api.notion.com/v1/databases/23e035de0731803c9609e369fdbcc16d "HTTP/1.1 200 OK"
2025-07-28 20:18:13,813 - INFO - HTTP Request: POST https://api.notion.com/v1/pages "HTTP/1.1 409 Conflict"
2025-07-28 20:18:14,097 - INFO - HTTP Request: GET https://api.notion.com/v1/databases/23e035de0731803c9609e369fdbcc16d "HTTP/1.1 200 OK"
2025-07-28 20:18:14,536 - INFO - HTTP Request: POST https://api.notion.com/v1/pages "HTTP/1.1 200 OK"
2025-07-28 20:18:14,801 - INFO - HTTP Request: GET https://api.notion.com/v1/databases/23e035de0731803c9609e369fdbcc16d "HTTP/1.1 200 OK"
2025-07-28 20:18:15,375 - INFO - HTTP Request: POST https://api.notion.com/v1/pages "HTTP/1.1 200 OK"
2025-07-28 20:18:15,399 - INFO - HTTP Request: POST https://api.notion.com/v1/pages "HTTP/1.1 409 Conflict"
2025-07-28 20:18:15,569 - INFO - HTTP Request: GET https://api.notion.com/v1/databases/23e035de0731803c9609e369fdbcc16d "HTTP/1.1 200 OK"
2025-07-28 20:18:15,725 - INFO - HTTP Request: POST https://api.notion.com/v1/pages "HTTP/1.1 409 Conflict"
2025-07-28 20:18:15,996 - INFO - HTTP Request: POST https://api.notion.com/v1/pages "HTTP/1.1 200 OK"
2025-07-28 20:18:16,502 - INFO - HTTP Request: GET https://api.notion.com/v1/databases/23e035de0731803c9609e369fdbcc16d "HTTP/1.1 200 OK"
2025-07-28 20:18:16,540 - INFO - HTTP Request: GET https://api.notion.com/v1/databases/23e035de0731803c9609e369fdbcc16d "HTTP/1.1 200 OK"
2025-07-28 20:18:16,961 - INFO - HTTP Request: POST https://api.notion.com/v1/pages "HTTP/1.1 200 OK"
2025-07-28 20:18:17,012 - INFO - HTTP Request: POST https://api.notion.com/v1/pages "HTTP/1.1 200 OK"
2025-07-28 20:18:17,259 - INFO - HTTP Request: GET https://api.notion.com/v1/databases/23e035de0731803c9609e369fdbcc16d "HTTP/1.1 200 OK"
2025-07-28 20:18:17,288 - INFO - HTTP Request: POST https://api.notion.com/v1/pages "HTTP/1.1 409 Conflict"
2025-07-28 20:18:17,739 - INFO - HTTP Request: POST https://api.notion.com/v1/pages "HTTP/1.1 200 OK"
2025-07-28 20:18:17,909 - INFO - HTTP Request: GET https://api.notion.com/v1/databases/23e035de0731803c9609e369fdbcc16d "HTTP/1.1 200 OK"
2025-07-28 20:18:18,047 - INFO - HTTP Request: GET https://api.notion.com/v1/databases/23e035de0731803c9609e369fdbcc16d "HTTP/1.1 200 OK"
2025-07-28 20:18:18,299 - INFO - HTTP Request: GET https://api.notion.com/v1/databases/23e035de0731803c9609e369fdbcc16d "HTTP/1.1 200 OK"
2025-07-28 20:18:19,195 - INFO - HTTP Request: GET https://api.notion.com/v1/databases/23e035de0731803c9609e369fdbcc16d "HTTP/1.1 200 OK"
2025-07-28 20:18:19,306 - INFO - HTTP Request: GET https://api.notion.com/v1/databases/23e035de0731803c9609e369fdbcc16d "HTTP/1.1 200 OK"
2025-07-28 20:18:19,534 - INFO - HTTP Request: POST https://api.notion.com/v1/pages "HTTP/1.1 409 Conflict"
2025-07-28 20:18:19,583 - INFO - HTTP Request: POST https://api.notion.com/v1/pages "HTTP/1.1 200 OK"
2025-07-28 20:18:20,255 - INFO - HTTP Request: POST https://api.notion.com/v1/pages "HTTP/1.1 200 OK"
2025-07-28 20:18:20,489 - INFO - HTTP Request: POST https://api.notion.com/v1/pages "HTTP/1.1 200 OK"
2025-07-28 20:18:20,587 - INFO - HTTP Request: GET https://api.notion.com/v1/databases/23e035de0731803c9609e369fdbcc16d "HTTP/1.1 200 OK"
2025-07-28 20:18:21,041 - INFO - HTTP Request: GET https://api.notion.com/v1/databases/23e035de0731803c9609e369fdbcc16d "HTTP/1.1 200 OK"
2025-07-28 20:18:21,106 - INFO - HTTP Request: POST https://api.notion.com/v1/pages "HTTP/1.1 200 OK"
2025-07-28 20:18:21,272 - INFO - HTTP Request: GET https://api.notion.com/v1/databases/23e035de0731803c9609e369fdbcc16d "HTTP/1.1 200 OK"
2025-07-28 20:18:21,304 - INFO - HTTP Request: POST https://api.notion.com/v1/pages "HTTP/1.1 409 Conflict"
2025-07-28 20:18:21,518 - INFO - HTTP Request: GET https://api.notion.com/v1/databases/23e035de0731803c9609e369fdbcc16d "HTTP/1.1 200 OK"
2025-07-28 20:18:22,164 - INFO - HTTP Request: GET https://api.notion.com/v1/databases/23e035de0731803c9609e369fdbcc16d "HTTP/1.1 200 OK"
2025-07-28 20:18:22,340 - INFO - HTTP Request: GET https://api.notion.com/v1/databases/23e035de0731803c9609e369fdbcc16d "HTTP/1.1 200 OK"
2025-07-28 20:18:22,573 - INFO - HTTP Request: POST https://api.notion.com/v1/pages "HTTP/1.1 200 OK"
2025-07-28 20:18:22,806 - INFO - HTTP Request: POST https://api.notion.com/v1/pages "HTTP/1.1 200 OK"
2025-07-28 20:18:23,515 - INFO - HTTP Request: GET https://api.notion.com/v1/databases/23e035de0731803c9609e369fdbcc16d "HTTP/1.1 200 OK"
2025-07-28 20:18:23,920 - INFO - HTTP Request: POST https://api.notion.com/v1/pages "HTTP/1.1 200 OK"
2025-07-28 20:18:23,994 - INFO - HTTP Request: GET https://api.notion.com/v1/databases/23e035de0731803c9609e369fdbcc16d "HTTP/1.1 200 OK"
2025-07-28 20:18:24,888 - INFO - HTTP Request: GET https://api.notion.com/v1/databases/23e035de0731803c9609e369fdbcc16d "HTTP/1.1 200 OK"
2025-07-28 20:18:25,332 - INFO - HTTP Request: POST https://api.notion.com/v1/pages "HTTP/1.1 200 OK"
2025-07-28 20:18:25,537 - INFO - HTTP Request: POST https://api.notion.com/v1/pages "HTTP/1.1 200 OK"
2025-07-28 20:18:25,696 - INFO - HTTP Request: POST https://api.notion.com/v1/pages "HTTP/1.1 409 Conflict"
2025-07-28 20:18:25,717 - INFO - HTTP Request: POST https://api.notion.com/v1/pages "HTTP/1.1 200 OK"
2025-07-28 20:18:26,325 - INFO - HTTP Request: GET https://api.notion.com/v1/databases/23e035de0731803c9609e369fdbcc16d "HTTP/1.1 200 OK"
2025-07-28 20:18:26,521 - INFO - HTTP Request: GET https://api.notion.com/v1/databases/23e035de0731803c9609e369fdbcc16d "HTTP/1.1 200 OK"
2025-07-28 20:18:26,791 - INFO - HTTP Request: POST https://api.notion.com/v1/pages "HTTP/1.1 200 OK"
2025-07-28 20:18:26,832 - INFO - HTTP Request: POST https://api.notion.com/v1/pages "HTTP/1.1 200 OK"
2025-07-28 20:18:26,856 - INFO - HTTP Request: GET https://api.notion.com/v1/databases/23e035de0731803c9609e369fdbcc16d "HTTP/1.1 200 OK"
2025-07-28 20:18:26,912 - INFO - HTTP Request: GET https://api.notion.com/v1/databases/23e035de0731803c9609e369fdbcc16d "HTTP/1.1 200 OK"
2025-07-28 20:18:26,934 - INFO - HTTP Request: POST https://api.notion.com/v1/pages "HTTP/1.1 200 OK"
2025-07-28 20:18:27,454 - INFO - HTTP Request: POST https://api.notion.com/v1/pages "HTTP/1.1 200 OK"
2025-07-28 20:18:27,821 - INFO - HTTP Request: GET https://api.notion.com/v1/databases/23e035de0731803c9609e369fdbcc16d "HTTP/1.1 200 OK"
2025-07-28 20:18:27,883 - INFO - HTTP Request: POST https://api.notion.com/v1/pages "HTTP/1.1 200 OK"
2025-07-28 20:18:28,251 - INFO - HTTP Request: POST https://api.notion.com/v1/pages "HTTP/1.1 200 OK"
2025-07-28 20:18:28,462 - INFO - HTTP Request: GET https://api.notion.com/v1/databases/23e035de0731803c9609e369fdbcc16d "HTTP/1.1 200 OK"
2025-07-28 20:18:29,204 - INFO - HTTP Request: GET https://api.notion.com/v1/databases/23e035de0731803c9609e369fdbcc16d "HTTP/1.1 200 OK"
2025-07-28 20:18:29,270 - INFO - HTTP Request: GET https://api.notion.com/v1/databases/23e035de0731803c9609e369fdbcc16d "HTTP/1.1 200 OK"
2025-07-28 20:18:29,800 - INFO - HTTP Request: POST https://api.notion.com/v1/pages "HTTP/1.1 200 OK"
2025-07-28 20:18:30,575 - INFO - HTTP Request: GET https://api.notion.com/v1/databases/23e035de0731803c9609e369fdbcc16d "HTTP/1.1 200 OK"
2025-07-28 20:18:31,054 - INFO - HTTP Request: POST https://api.notion.com/v1/pages "HTTP/1.1 200 OK"
2025-07-28 20:18:31,154 - INFO - HTTP Request: POST https://api.notion.com/v1/pages "HTTP/1.1 409 Conflict"
2025-07-28 20:18:31,396 - INFO - HTTP Request: POST https://api.notion.com/v1/pages "HTTP/1.1 200 OK"
2025-07-28 20:18:31,953 - INFO - HTTP Request: GET https://api.notion.com/v1/databases/23e035de0731803c9609e369fdbcc16d "HTTP/1.1 200 OK"
2025-07-28 20:18:32,148 - INFO - HTTP Request: GET https://api.notion.com/v1/databases/23e035de0731803c9609e369fdbcc16d "HTTP/1.1 200 OK"
2025-07-28 20:18:32,412 - INFO - HTTP Request: POST https://api.notion.com/v1/pages "HTTP/1.1 200 OK"
2025-07-28 20:18:32,530 - INFO - HTTP Request: GET https://api.notion.com/v1/databases/23e035de0731803c9609e369fdbcc16d "HTTP/1.1 200 OK"
2025-07-28 20:18:33,036 - INFO - HTTP Request: GET https://api.notion.com/v1/databases/23e035de0731803c9609e369fdbcc16d "HTTP/1.1 200 OK"
2025-07-28 20:18:33,044 - INFO - HTTP Request: POST https://api.notion.com/v1/pages "HTTP/1.1 200 OK"
2025-07-28 20:18:33,411 - INFO - HTTP Request: GET https://api.notion.com/v1/databases/23e035de0731803c9609e369fdbcc16d "HTTP/1.1 200 OK"
2025-07-28 20:18:33,509 - INFO - HTTP Request: GET https://api.notion.com/v1/databases/23e035de0731803c9609e369fdbcc16d "HTTP/1.1 200 OK"
2025-07-28 20:18:33,548 - INFO - HTTP Request: POST https://api.notion.com/v1/pages "HTTP/1.1 200 OK"
2025-07-28 20:18:33,844 - INFO - HTTP Request: POST https://api.notion.com/v1/pages "HTTP/1.1 409 Conflict"
2025-07-28 20:18:33,902 - INFO - HTTP Request: POST https://api.notion.com/v1/pages "HTTP/1.1 200 OK"
2025-07-28 20:18:34,076 - INFO - HTTP Request: GET https://api.notion.com/v1/databases/23e035de0731803c9609e369fdbcc16d "HTTP/1.1 200 OK"
2025-07-28 20:18:34,492 - INFO - HTTP Request: POST https://api.notion.com/v1/pages "HTTP/1.1 200 OK"
2025-07-28 20:18:34,538 - INFO - HTTP Request: GET https://api.notion.com/v1/databases/23e035de0731803c9609e369fdbcc16d "HTTP/1.1 200 OK"
2025-07-28 20:18:34,891 - INFO - HTTP Request: GET https://api.notion.com/v1/databases/23e035de0731803c9609e369fdbcc16d "HTTP/1.1 200 OK"
2025-07-28 20:18:34,989 - INFO - HTTP Request: POST https://api.notion.com/v1/pages "HTTP/1.1 200 OK"
2025-07-28 20:18:35,668 - INFO - HTTP Request: GET https://api.notion.com/v1/databases/23e035de0731803c9609e369fdbcc16d "HTTP/1.1 200 OK"
2025-07-28 20:18:36,007 - INFO - HTTP Request: GET https://api.notion.com/v1/databases/23e035de0731803c9609e369fdbcc16d "HTTP/1.1 200 OK"
2025-07-28 20:18:36,103 - INFO - HTTP Request: POST https://api.notion.com/v1/pages "HTTP/1.1 409 Conflict"
2025-07-28 20:18:36,114 - INFO - HTTP Request: POST https://api.notion.com/v1/pages "HTTP/1.1 200 OK"
2025-07-28 20:18:36,230 - INFO - HTTP Request: GET https://api.notion.com/v1/databases/23e035de0731803c9609e369fdbcc16d "HTTP/1.1 200 OK"
2025-07-28 20:18:36,677 - INFO - HTTP Request: POST https://api.notion.com/v1/pages "HTTP/1.1 200 OK"
2025-07-28 20:18:37,244 - INFO - HTTP Request: GET https://api.notion.com/v1/databases/23e035de0731803c9609e369fdbcc16d "HTTP/1.1 200 OK"
2025-07-28 20:18:37,298 - INFO - HTTP Request: GET https://api.notion.com/v1/databases/23e035de0731803c9609e369fdbcc16d "HTTP/1.1 200 OK"
2025-07-28 20:18:37,653 - INFO - HTTP Request: GET https://api.notion.com/v1/databases/23e035de0731803c9609e369fdbcc16d "HTTP/1.1 200 OK"
2025-07-28 20:18:37,655 - INFO - HTTP Request: POST https://api.notion.com/v1/pages "HTTP/1.1 200 OK"
2025-07-28 20:18:37,742 - INFO - HTTP Request: POST https://api.notion.com/v1/pages "HTTP/1.1 200 OK"
2025-07-28 20:18:38,704 - INFO - HTTP Request: GET https://api.notion.com/v1/databases/23e035de0731803c9609e369fdbcc16d "HTTP/1.1 200 OK"
2025-07-28 20:18:39,207 - INFO - HTTP Request: POST https://api.notion.com/v1/pages "HTTP/1.1 200 OK"
2025-07-28 20:18:39,454 - INFO - HTTP Request: GET https://api.notion.com/v1/databases/23e035de0731803c9609e369fdbcc16d "HTTP/1.1 200 OK"
2025-07-28 20:18:39,818 - INFO - HTTP Request: POST https://api.notion.com/v1/pages "HTTP/1.1 409 Conflict"
2025-07-28 20:18:39,910 - INFO - HTTP Request: POST https://api.notion.com/v1/pages "HTTP/1.1 200 OK"
2025-07-28 20:18:39,996 - INFO - HTTP Request: POST https://api.notion.com/v1/pages "HTTP/1.1 200 OK"
2025-07-28 20:18:40,139 - INFO - HTTP Request: POST https://api.notion.com/v1/pages "HTTP/1.1 200 OK"
2025-07-28 20:18:40,294 - INFO - HTTP Request: GET https://api.notion.com/v1/databases/23e035de0731803c9609e369fdbcc16d "HTTP/1.1 200 OK"
2025-07-28 20:18:40,690 - INFO - HTTP Request: POST https://api.notion.com/v1/pages "HTTP/1.1 200 OK"
2025-07-28 20:18:41,023 - INFO - HTTP Request: GET https://api.notion.com/v1/databases/23e035de0731803c9609e369fdbcc16d "HTTP/1.1 200 OK"
2025-07-28 20:18:41,233 - INFO - HTTP Request: GET https://api.notion.com/v1/databases/23e035de0731803c9609e369fdbcc16d "HTTP/1.1 200 OK"
2025-07-28 20:18:41,345 - INFO - HTTP Request: GET https://api.notion.com/v1/databases/23e035de0731803c9609e369fdbcc16d "HTTP/1.1 200 OK"
2025-07-28 20:18:41,425 - INFO - HTTP Request: POST https://api.notion.com/v1/pages "HTTP/1.1 200 OK"
2025-07-28 20:18:41,782 - INFO - HTTP Request: POST https://api.notion.com/v1/pages "HTTP/1.1 200 OK"
2025-07-28 20:18:41,795 - INFO - HTTP Request: POST https://api.notion.com/v1/pages "HTTP/1.1 200 OK"
2025-07-28 20:18:42,644 - INFO - HTTP Request: GET https://api.notion.com/v1/databases/23e035de0731803c9609e369fdbcc16d "HTTP/1.1 200 OK"
2025-07-28 20:18:42,724 - INFO - HTTP Request: GET https://api.notion.com/v1/databases/23e035de0731803c9609e369fdbcc16d "HTTP/1.1 200 OK"
2025-07-28 20:18:43,299 - INFO - HTTP Request: GET https://api.notion.com/v1/databases/23e035de0731803c9609e369fdbcc16d "HTTP/1.1 200 OK"
2025-07-28 20:18:43,701 - INFO - HTTP Request: POST https://api.notion.com/v1/pages "HTTP/1.1 200 OK"
2025-07-28 20:18:44,355 - INFO - HTTP Request: POST https://api.notion.com/v1/pages "HTTP/1.1 200 OK"
2025-07-28 20:18:44,718 - INFO - HTTP Request: GET https://api.notion.com/v1/databases/23e035de0731803c9609e369fdbcc16d "HTTP/1.1 200 OK"
2025-07-28 20:18:45,339 - INFO - HTTP Request: GET https://api.notion.com/v1/databases/23e035de0731803c9609e369fdbcc16d "HTTP/1.1 200 OK"
2025-07-28 20:18:45,515 - INFO - HTTP Request: GET https://api.notion.com/v1/databases/23e035de0731803c9609e369fdbcc16d "HTTP/1.1 200 OK"
2025-07-28 20:18:45,975 - INFO - HTTP Request: POST https://api.notion.com/v1/pages "HTTP/1.1 200 OK"
2025-07-28 20:18:46,908 - INFO - HTTP Request: GET https://api.notion.com/v1/databases/23e035de0731803c9609e369fdbcc16d "HTTP/1.1 200 OK"
2025-07-28 20:18:47,189 - INFO - HTTP Request: POST https://api.notion.com/v1/pages "HTTP/1.1 409 Conflict"
2025-07-28 20:18:47,452 - INFO - HTTP Request: POST https://api.notion.com/v1/pages "HTTP/1.1 200 OK"
2025-07-28 20:18:47,463 - INFO - HTTP Request: POST https://api.notion.com/v1/pages "HTTP/1.1 200 OK"
2025-07-28 20:18:48,175 - INFO - HTTP Request: GET https://api.notion.com/v1/databases/23e035de0731803c9609e369fdbcc16d "HTTP/1.1 200 OK"
2025-07-28 20:18:48,250 - INFO - HTTP Request: GET https://api.notion.com/v1/databases/23e035de0731803c9609e369fdbcc16d "HTTP/1.1 200 OK"
2025-07-28 20:18:48,552 - INFO - HTTP Request: GET https://api.notion.com/v1/databases/23e035de0731803c9609e369fdbcc16d "HTTP/1.1 200 OK"
2025-07-28 20:18:48,711 - INFO - HTTP Request: POST https://api.notion.com/v1/pages "HTTP/1.1 200 OK"
2025-07-28 20:18:49,164 - INFO - HTTP Request: GET https://api.notion.com/v1/databases/23e035de0731803c9609e369fdbcc16d "HTTP/1.1 200 OK"
2025-07-28 20:18:49,671 - INFO - HTTP Request: POST https://api.notion.com/v1/pages "HTTP/1.1 200 OK"
2025-07-28 20:18:50,148 - INFO - HTTP Request: POST https://api.notion.com/v1/pages "HTTP/1.1 200 OK"
2025-07-28 20:18:50,266 - INFO - HTTP Request: GET https://api.notion.com/v1/databases/23e035de0731803c9609e369fdbcc16d "HTTP/1.1 200 OK"
2025-07-28 20:18:50,276 - INFO - HTTP Request: POST https://api.notion.com/v1/pages "HTTP/1.1 409 Conflict"
2025-07-28 20:18:50,639 - INFO - HTTP Request: POST https://api.notion.com/v1/pages "HTTP/1.1 409 Conflict"
2025-07-28 20:18:50,675 - INFO - HTTP Request: POST https://api.notion.com/v1/pages "HTTP/1.1 200 OK"
2025-07-28 20:18:50,712 - INFO - HTTP Request: GET https://api.notion.com/v1/databases/23e035de0731803c9609e369fdbcc16d "HTTP/1.1 200 OK"
2025-07-28 20:18:51,148 - INFO - HTTP Request: POST https://api.notion.com/v1/pages "HTTP/1.1 200 OK"
2025-07-28 20:18:51,341 - INFO - HTTP Request: GET https://api.notion.com/v1/databases/23e035de0731803c9609e369fdbcc16d "HTTP/1.1 200 OK"
2025-07-28 20:18:51,508 - INFO - HTTP Request: GET https://api.notion.com/v1/databases/23e035de0731803c9609e369fdbcc16d "HTTP/1.1 200 OK"
2025-07-28 20:18:51,786 - INFO - HTTP Request: GET https://api.notion.com/v1/databases/23e035de0731803c9609e369fdbcc16d "HTTP/1.1 200 OK"
2025-07-28 20:18:51,850 - INFO - HTTP Request: POST https://api.notion.com/v1/pages "HTTP/1.1 200 OK"
2025-07-28 20:18:51,919 - INFO - HTTP Request: POST https://api.notion.com/v1/pages "HTTP/1.1 200 OK"
2025-07-28 20:18:51,964 - INFO - HTTP Request: GET https://api.notion.com/v1/databases/23e035de0731803c9609e369fdbcc16d "HTTP/1.1 200 OK"
2025-07-28 20:18:52,129 - INFO - HTTP Request: GET https://api.notion.com/v1/databases/23e035de0731803c9609e369fdbcc16d "HTTP/1.1 200 OK"
2025-07-28 20:18:52,402 - INFO - HTTP Request: POST https://api.notion.com/v1/pages "HTTP/1.1 200 OK"
2025-07-28 20:18:52,519 - INFO - HTTP Request: POST https://api.notion.com/v1/pages "HTTP/1.1 200 OK"
2025-07-28 20:18:52,873 - INFO - HTTP Request: POST https://api.notion.com/v1/pages "HTTP/1.1 200 OK"
2025-07-28 20:18:52,945 - INFO - HTTP Request: GET https://api.notion.com/v1/databases/23e035de0731803c9609e369fdbcc16d "HTTP/1.1 200 OK"
2025-07-28 20:18:53,036 - INFO - HTTP Request: GET https://api.notion.com/v1/databases/23e035de0731803c9609e369fdbcc16d "HTTP/1.1 200 OK"
2025-07-28 20:18:53,364 - INFO - HTTP Request: POST https://api.notion.com/v1/pages "HTTP/1.1 409 Conflict"
2025-07-28 20:18:53,402 - INFO - HTTP Request: POST https://api.notion.com/v1/pages "HTTP/1.1 200 OK"
2025-07-28 20:18:53,427 - INFO - HTTP Request: GET https://api.notion.com/v1/databases/23e035de0731803c9609e369fdbcc16d "HTTP/1.1 200 OK"
2025-07-28 20:18:53,818 - INFO - HTTP Request: GET https://api.notion.com/v1/databases/23e035de0731803c9609e369fdbcc16d "HTTP/1.1 200 OK"
2025-07-28 20:18:53,829 - INFO - HTTP Request: POST https://api.notion.com/v1/pages "HTTP/1.1 200 OK"
2025-07-28 20:18:54,127 - INFO - HTTP Request: GET https://api.notion.com/v1/databases/23e035de0731803c9609e369fdbcc16d "HTTP/1.1 200 OK"
2025-07-28 20:18:54,516 - INFO - HTTP Request: GET https://api.notion.com/v1/databases/23e035de0731803c9609e369fdbcc16d "HTTP/1.1 200 OK"
2025-07-28 20:18:54,635 - INFO - HTTP Request: GET https://api.notion.com/v1/databases/23e035de0731803c9609e369fdbcc16d "HTTP/1.1 200 OK"
2025-07-28 20:18:54,778 - INFO - HTTP Request: POST https://api.notion.com/v1/pages "HTTP/1.1 200 OK"
2025-07-28 20:18:54,842 - INFO - HTTP Request: GET https://api.notion.com/v1/databases/23e035de0731803c9609e369fdbcc16d "HTTP/1.1 200 OK"
2025-07-28 20:18:54,931 - INFO - HTTP Request: POST https://api.notion.com/v1/pages "HTTP/1.1 200 OK"
2025-07-28 20:18:55,042 - INFO - HTTP Request: POST https://api.notion.com/v1/pages "HTTP/1.1 200 OK"
2025-07-28 20:18:55,471 - INFO - HTTP Request: POST https://api.notion.com/v1/pages "HTTP/1.1 200 OK"
2025-07-28 20:18:55,806 - INFO - HTTP Request: GET https://api.notion.com/v1/databases/23e035de0731803c9609e369fdbcc16d "HTTP/1.1 200 OK"
2025-07-28 20:18:56,142 - INFO - HTTP Request: GET https://api.notion.com/v1/databases/23e035de0731803c9609e369fdbcc16d "HTTP/1.1 200 OK"
2025-07-28 20:18:56,325 - INFO - HTTP Request: GET https://api.notion.com/v1/databases/23e035de0731803c9609e369fdbcc16d "HTTP/1.1 200 OK"
2025-07-28 20:18:56,683 - INFO - HTTP Request: GET https://api.notion.com/v1/databases/23e035de0731803c9609e369fdbcc16d "HTTP/1.1 200 OK"
2025-07-28 20:18:56,728 - INFO - HTTP Request: POST https://api.notion.com/v1/pages "HTTP/1.1 409 Conflict"
2025-07-28 20:18:56,853 - INFO - HTTP Request: POST https://api.notion.com/v1/pages "HTTP/1.1 200 OK"
2025-07-28 20:18:56,962 - INFO - HTTP Request: POST https://api.notion.com/v1/pages "HTTP/1.1 200 OK"
2025-07-28 20:18:57,091 - INFO - HTTP Request: POST https://api.notion.com/v1/pages "HTTP/1.1 200 OK"
2025-07-28 20:18:57,811 - INFO - HTTP Request: GET https://api.notion.com/v1/databases/23e035de0731803c9609e369fdbcc16d "HTTP/1.1 200 OK"
2025-07-28 20:18:58,105 - INFO - HTTP Request: GET https://api.notion.com/v1/databases/23e035de0731803c9609e369fdbcc16d "HTTP/1.1 200 OK"
2025-07-28 20:18:58,127 - INFO - HTTP Request: GET https://api.notion.com/v1/databases/23e035de0731803c9609e369fdbcc16d "HTTP/1.1 200 OK"
2025-07-28 20:18:58,164 - INFO - HTTP Request: GET https://api.notion.com/v1/databases/23e035de0731803c9609e369fdbcc16d "HTTP/1.1 200 OK"
2025-07-28 20:18:58,273 - INFO - HTTP Request: POST https://api.notion.com/v1/pages "HTTP/1.1 200 OK"
2025-07-28 20:18:58,389 - INFO - HTTP Request: POST https://api.notion.com/v1/pages "HTTP/1.1 409 Conflict"
2025-07-28 20:18:58,568 - INFO - HTTP Request: POST https://api.notion.com/v1/pages "HTTP/1.1 200 OK"
2025-07-28 20:18:58,593 - INFO - HTTP Request: POST https://api.notion.com/v1/pages "HTTP/1.1 200 OK"
2025-07-28 20:18:59,015 - INFO - HTTP Request: POST https://api.notion.com/v1/pages "HTTP/1.1 200 OK"
2025-07-28 20:18:59,337 - INFO - HTTP Request: GET https://api.notion.com/v1/databases/23e035de0731803c9609e369fdbcc16d "HTTP/1.1 200 OK"
2025-07-28 20:18:59,826 - INFO - HTTP Request: GET https://api.notion.com/v1/databases/23e035de0731803c9609e369fdbcc16d "HTTP/1.1 200 OK"
2025-07-28 20:18:59,834 - INFO - HTTP Request: GET https://api.notion.com/v1/databases/23e035de0731803c9609e369fdbcc16d "HTTP/1.1 200 OK"
2025-07-28 20:18:59,846 - INFO - HTTP Request: POST https://api.notion.com/v1/pages "HTTP/1.1 200 OK"
2025-07-28 20:19:00,036 - INFO - HTTP Request: GET https://api.notion.com/v1/databases/23e035de0731803c9609e369fdbcc16d "HTTP/1.1 200 OK"
2025-07-28 20:19:00,295 - INFO - HTTP Request: POST https://api.notion.com/v1/pages "HTTP/1.1 200 OK"
2025-07-28 20:19:00,441 - INFO - HTTP Request: POST https://api.notion.com/v1/pages "HTTP/1.1 200 OK"
2025-07-28 20:19:00,937 - INFO - HTTP Request: GET https://api.notion.com/v1/databases/23e035de0731803c9609e369fdbcc16d "HTTP/1.1 200 OK"
2025-07-28 20:19:01,399 - INFO - HTTP Request: GET https://api.notion.com/v1/databases/23e035de0731803c9609e369fdbcc16d "HTTP/1.1 200 OK"
2025-07-28 20:19:01,922 - INFO - HTTP Request: GET https://api.notion.com/v1/databases/23e035de0731803c9609e369fdbcc16d "HTTP/1.1 200 OK"
2025-07-28 20:19:01,971 - INFO - HTTP Request: POST https://api.notion.com/v1/pages "HTTP/1.1 200 OK"
2025-07-28 20:19:02,997 - INFO - HTTP Request: POST https://api.notion.com/v1/pages "HTTP/1.1 200 OK"
2025-07-28 20:19:03,007 - INFO - HTTP Request: GET https://api.notion.com/v1/databases/23e035de0731803c9609e369fdbcc16d "HTTP/1.1 200 OK"
2025-07-28 20:19:03,139 - INFO - HTTP Request: GET https://api.notion.com/v1/databases/23e035de0731803c9609e369fdbcc16d "HTTP/1.1 200 OK"
2025-07-28 20:19:03,492 - INFO - HTTP Request: POST https://api.notion.com/v1/pages "HTTP/1.1 409 Conflict"
2025-07-28 20:19:03,499 - INFO - HTTP Request: POST https://api.notion.com/v1/pages "HTTP/1.1 200 OK"
2025-07-28 20:19:04,047 - INFO - HTTP Request: GET https://api.notion.com/v1/databases/23e035de0731803c9609e369fdbcc16d "HTTP/1.1 200 OK"
2025-07-28 20:19:04,576 - INFO - HTTP Request: GET https://api.notion.com/v1/databases/23e035de0731803c9609e369fdbcc16d "HTTP/1.1 200 OK"
2025-07-28 20:19:04,707 - INFO - HTTP Request: POST https://api.notion.com/v1/databases/23e035de0731804aaf4ac18652c62393/query "HTTP/1.1 200 OK"
2025-07-28 20:19:05,131 - INFO - HTTP Request: GET https://api.notion.com/v1/databases/23e035de0731803c9609e369fdbcc16d "HTTP/1.1 200 OK"
2025-07-28 20:19:05,881 - INFO - HTTP Request: POST https://api.notion.com/v1/pages "HTTP/1.1 200 OK"
2025-07-28 20:19:06,111 - INFO - HTTP Request: POST https://api.notion.com/v1/pages "HTTP/1.1 200 OK"
2025-07-28 20:19:06,358 - INFO - HTTP Request: POST https://api.notion.com/v1/pages "HTTP/1.1 200 OK"
2025-07-28 20:19:06,843 - INFO - HTTP Request: GET https://api.notion.com/v1/databases/23e035de0731803c9609e369fdbcc16d "HTTP/1.1 200 OK"
2025-07-28 20:19:07,106 - INFO - HTTP Request: GET https://api.notion.com/v1/databases/23e035de0731803c9609e369fdbcc16d "HTTP/1.1 200 OK"
2025-07-28 20:19:07,299 - INFO - HTTP Request: POST https://api.notion.com/v1/pages "HTTP/1.1 200 OK"
2025-07-28 20:19:07,322 - INFO - HTTP Request: GET https://api.notion.com/v1/databases/23e035de0731803c9609e369fdbcc16d "HTTP/1.1 200 OK"
2025-07-28 20:19:08,090 - INFO - HTTP Request: POST https://api.notion.com/v1/pages "HTTP/1.1 200 OK"
2025-07-28 20:19:08,138 - INFO - HTTP Request: POST https://api.notion.com/v1/pages "HTTP/1.1 409 Conflict"
2025-07-28 20:19:08,250 - INFO - HTTP Request: POST https://api.notion.com/v1/pages "HTTP/1.1 409 Conflict"
2025-07-28 20:19:08,268 - INFO - HTTP Request: GET https://api.notion.com/v1/databases/23e035de0731803c9609e369fdbcc16d "HTTP/1.1 200 OK"
2025-07-28 20:19:08,684 - INFO - HTTP Request: POST https://api.notion.com/v1/pages "HTTP/1.1 200 OK"
2025-07-28 20:19:09,142 - INFO - HTTP Request: GET https://api.notion.com/v1/databases/23e035de0731803c9609e369fdbcc16d "HTTP/1.1 200 OK"
2025-07-28 20:19:09,298 - INFO - HTTP Request: GET https://api.notion.com/v1/databases/23e035de0731803c9609e369fdbcc16d "HTTP/1.1 200 OK"
2025-07-28 20:19:09,576 - INFO - HTTP Request: POST https://api.notion.com/v1/pages "HTTP/1.1 200 OK"
2025-07-28 20:19:09,681 - INFO - HTTP Request: GET https://api.notion.com/v1/databases/23e035de0731803c9609e369fdbcc16d "HTTP/1.1 200 OK"
2025-07-28 20:19:10,109 - INFO - HTTP Request: POST https://api.notion.com/v1/pages "HTTP/1.1 200 OK"
2025-07-28 20:19:10,380 - INFO - HTTP Request: POST https://api.notion.com/v1/pages "HTTP/1.1 409 Conflict"
2025-07-28 20:19:10,559 - INFO - HTTP Request: GET https://api.notion.com/v1/databases/23e035de0731803c9609e369fdbcc16d "HTTP/1.1 200 OK"
2025-07-28 20:19:10,708 - INFO - HTTP Request: GET https://api.notion.com/v1/databases/23e035de0731803c9609e369fdbcc16d "HTTP/1.1 200 OK"
2025-07-28 20:19:11,063 - INFO - HTTP Request: GET https://api.notion.com/v1/databases/23e035de0731803c9609e369fdbcc16d "HTTP/1.1 200 OK"
2025-07-28 20:19:11,144 - INFO - HTTP Request: POST https://api.notion.com/v1/pages "HTTP/1.1 200 OK"
2025-07-28 20:19:11,400 - INFO - HTTP Request: GET https://api.notion.com/v1/databases/23e035de0731803c9609e369fdbcc16d "HTTP/1.1 200 OK"
2025-07-28 20:19:11,854 - INFO - HTTP Request: POST https://api.notion.com/v1/pages "HTTP/1.1 200 OK"
2025-07-28 20:19:12,088 - INFO - HTTP Request: GET https://api.notion.com/v1/databases/23e035de0731803c9609e369fdbcc16d "HTTP/1.1 200 OK"
2025-07-28 20:19:12,553 - INFO - HTTP Request: POST https://api.notion.com/v1/pages "HTTP/1.1 200 OK"
2025-07-28 20:19:12,826 - INFO - HTTP Request: GET https://api.notion.com/v1/databases/23e035de0731803c9609e369fdbcc16d "HTTP/1.1 200 OK"
2025-07-28 20:19:13,082 - INFO - HTTP Request: POST https://api.notion.com/v1/pages "HTTP/1.1 200 OK"
2025-07-28 20:19:13,872 - INFO - HTTP Request: POST https://api.notion.com/v1/pages "HTTP/1.1 200 OK"
2025-07-28 20:19:14,053 - INFO - HTTP Request: GET https://api.notion.com/v1/databases/23e035de0731803c9609e369fdbcc16d "HTTP/1.1 200 OK"
2025-07-28 20:19:14,090 - INFO - HTTP Request: GET https://api.notion.com/v1/databases/23e035de0731803c9609e369fdbcc16d "HTTP/1.1 200 OK"
2025-07-28 20:19:14,895 - INFO - HTTP Request: POST https://api.notion.com/v1/pages "HTTP/1.1 200 OK"
2025-07-28 20:19:15,004 - INFO - HTTP Request: GET https://api.notion.com/v1/databases/23e035de0731803c9609e369fdbcc16d "HTTP/1.1 200 OK"
2025-07-28 20:19:15,608 - INFO - HTTP Request: POST https://api.notion.com/v1/pages "HTTP/1.1 409 Conflict"
2025-07-28 20:19:15,894 - INFO - HTTP Request: GET https://api.notion.com/v1/databases/23e035de0731803c9609e369fdbcc16d "HTTP/1.1 200 OK"
2025-07-28 20:19:15,896 - INFO - HTTP Request: POST https://api.notion.com/v1/pages "HTTP/1.1 200 OK"
2025-07-28 20:19:15,979 - INFO - HTTP Request: POST https://api.notion.com/v1/pages "HTTP/1.1 200 OK"
2025-07-28 20:19:17,017 - INFO - HTTP Request: GET https://api.notion.com/v1/databases/23e035de0731803c9609e369fdbcc16d "HTTP/1.1 200 OK"
2025-07-28 20:19:17,099 - INFO - HTTP Request: GET https://api.notion.com/v1/databases/23e035de0731803c9609e369fdbcc16d "HTTP/1.1 200 OK"
2025-07-28 20:19:17,386 - INFO - HTTP Request: GET https://api.notion.com/v1/databases/23e035de0731803c9609e369fdbcc16d "HTTP/1.1 200 OK"
2025-07-28 20:19:17,587 - INFO - HTTP Request: POST https://api.notion.com/v1/pages "HTTP/1.1 200 OK"
2025-07-28 20:19:17,803 - INFO - HTTP Request: POST https://api.notion.com/v1/pages "HTTP/1.1 200 OK"
2025-07-28 20:19:17,845 - INFO - HTTP Request: POST https://api.notion.com/v1/pages "HTTP/1.1 409 Conflict"
2025-07-28 20:19:18,332 - INFO - HTTP Request: POST https://api.notion.com/v1/pages "HTTP/1.1 200 OK"
2025-07-28 20:19:19,016 - INFO - HTTP Request: GET https://api.notion.com/v1/databases/23e035de0731803c9609e369fdbcc16d "HTTP/1.1 200 OK"
2025-07-28 20:19:19,228 - INFO - HTTP Request: GET https://api.notion.com/v1/databases/23e035de0731803c9609e369fdbcc16d "HTTP/1.1 200 OK"
2025-07-28 20:19:19,568 - INFO - HTTP Request: POST https://api.notion.com/v1/pages "HTTP/1.1 200 OK"
2025-07-28 20:19:19,664 - INFO - HTTP Request: POST https://api.notion.com/v1/pages "HTTP/1.1 200 OK"
2025-07-28 20:19:20,357 - INFO - HTTP Request: GET https://api.notion.com/v1/databases/23e035de0731803c9609e369fdbcc16d "HTTP/1.1 200 OK"
2025-07-28 20:19:20,586 - INFO - HTTP Request: GET https://api.notion.com/v1/databases/23e035de0731803c9609e369fdbcc16d "HTTP/1.1 200 OK"
2025-07-28 20:19:20,838 - INFO - HTTP Request: POST https://api.notion.com/v1/pages "HTTP/1.1 200 OK"
2025-07-28 20:19:20,886 - INFO - HTTP Request: GET https://api.notion.com/v1/databases/23e035de0731803c9609e369fdbcc16d "HTTP/1.1 200 OK"
2025-07-28 20:19:21,063 - INFO - HTTP Request: POST https://api.notion.com/v1/pages "HTTP/1.1 200 OK"
2025-07-28 20:19:21,852 - INFO - HTTP Request: GET https://api.notion.com/v1/databases/23e035de0731803c9609e369fdbcc16d "HTTP/1.1 200 OK"
2025-07-28 20:19:21,894 - INFO - HTTP Request: POST https://api.notion.com/v1/pages "HTTP/1.1 200 OK"
2025-07-28 20:19:21,962 - INFO - HTTP Request: GET https://api.notion.com/v1/databases/23e035de0731803c9609e369fdbcc16d "HTTP/1.1 200 OK"
2025-07-28 20:19:21,992 - INFO - HTTP Request: POST https://api.notion.com/v1/pages "HTTP/1.1 200 OK"
2025-07-28 20:19:22,381 - INFO - HTTP Request: POST https://api.notion.com/v1/pages "HTTP/1.1 200 OK"
2025-07-28 20:19:22,402 - INFO - HTTP Request: GET https://api.notion.com/v1/databases/23e035de0731803c9609e369fdbcc16d "HTTP/1.1 200 OK"
2025-07-28 20:19:22,830 - INFO - HTTP Request: POST https://api.notion.com/v1/pages "HTTP/1.1 200 OK"
2025-07-28 20:19:28,498 - INFO - HTTP Request: POST https://api.notion.com/v1/pages "HTTP/1.1 200 OK"
2025-07-28 20:20:06,923 - INFO - HTTP Request: POST https://api.notion.com/v1/databases/23e035de0731804aaf4ac18652c62393/query "HTTP/1.1 200 OK"
2025-07-28 20:20:32,970 - INFO - 监控器已停止
